-1.574199551637213423e-14
-3.567471025620744252e-14
-7.568901763481926392e-15
-8.241406960086267164e-15
-4.741946581492822999e-14
8.659170385935666125e-15
3.220746897804847853e-14
1.701770294438588980e-15
2.596220866058190219e-14
-1.660407854503324898e-14
-3.642306725323840588e-14
-7.541689135985487485e-15
-4.382887282272651674e-15
-1.386187375280144296e-14
1.440490149308849138e-14
-2.907502594262124929e-14
-3.363658296665593406e-14
1.848917578013611202e-14
-1.824414947728617703e-15
-2.033087612921934823e-14
2.384667102998082322e-14
5.009801438710798083e-14
-1.234028748327634095e-14
6.279856954680704609e-15
-2.991069170772339691e-14
-1.892209940167546844e-14
-4.586475039277011778e-15
-2.985951058891850307e-14
-1.368451267694291776e-14
-4.911039429940020073e-15
-1.337369308991500499e-14
4.312693661933687805e-15
-7.894077711932852293e-15
-8.075242812757496558e-15
-3.877458910997748018e-15
-4.670260489100797052e-14
-3.599106096838092586e-15
-1.736694521645067851e-14
-1.070727657063877750e-14
-4.224273163119232274e-15
1.289293158861356745e-14
-5.320777726833952892e-14
-4.646794288330063916e-14
1.880805657972304396e-14
-8.862906881925564084e-14
-5.159962423160503742e-14
-2.056320202005815223e-14
-3.048132086362967397e-14
-4.185365128203579616e-15
-1.382661346527314095e-14
1.021148277562241788e-14
-1.323990338886324100e-14
-1.129525719646955889e-14
1.618907136439421551e-14
-2.423045107046990602e-15
3.514251945544756561e-14
6.017031355587051933e-14
1.964178602750776825e-14
-4.447612119090962879e-14
2.261746528725485511e-15
-8.144287856419983596e-15
-6.530449195730342327e-14
-3.090427660144574179e-15
4.554579166615203845e-14
2.281974522538865457e-14
2.852162882499391372e-14
4.481554084540158300e-14
-3.064100690297784368e-14
-3.535226175384667546e-14
-6.356457955749173633e-15
-1.794320205925851314e-14
-2.597488366160461554e-14
-4.770153286856159552e-15
2.183740554107405779e-14
4.317570983523096474e-16
-2.454688098022395765e-14
-3.971558596316954182e-14
-1.076090730872713078e-14
3.516887234450254140e-14
-6.242543459288258170e-15
2.556298848001379437e-15
-1.885735474428619149e-15
9.459116771652099909e-15
-1.187467008403886304e-14
-4.921326645084423551e-15
-1.758191709626613641e-14
-3.812391618758861900e-14
1.544667578524602791e-14
1.124328664295782404e-15
4.594738269193951105e-15
4.953877274214459059e-15
-3.895633696946983540e-16
2.242766553256590051e-14
6.304627162673735741e-15
-5.433838329380741294e-14
-7.709920890738505839e-15
-1.039218963162259757e-14
3.609885692234734988e-14
-1.340662573090425219e-16
-3.624082642057074866e-14
-1.428546307126205700e-14
-2.727593473891669340e-15
1.705489997274808878e-14
-3.401384805323121041e-14
-9.691139424695786875e-15
-3.656698831537227856e-14
7.894250506654092170e-15
-1.811486853261264768e-14
3.975166279045899698e-15
-2.961143496745845261e-14
6.856832504944284506e-15
4.336216105692118628e-14
9.504180618511923195e-15
3.266941364242666179e-14
-1.696005938770991928e-14
1.206205664186109014e-14
-5.360082935498573092e-15
-7.280421653998309095e-14
-2.710310952449071498e-14
-3.368594974088780919e-15
-5.094554623676821395e-15
1.050849233747829653e-14
-2.065807818048010641e-14
-6.877289197653423114e-15
-1.953652693721837086e-14
-7.870149878205865562e-15
5.034866837685947338e-14
-4.324052373756367973e-15
3.616149670286269990e-14
9.554194525915500613e-15
1.764578507455500517e-14
2.227194784257561719e-15
-2.208180673360891910e-14
1.331939150173242631e-14
1.239251722886993562e-14
-1.318233987680078600e-15
3.753659031822606518e-14
1.494173234033342734e-14
-2.051218014344734220e-14
1.808452442431020962e-14
-4.251410828199839176e-14
-1.311415795971155110e-14
-1.238265268316621204e-14
3.629687628475646022e-14
2.007479265827595560e-14
2.850890300199436511e-14
1.498268723036612002e-15
-9.026674264826783922e-15
1.550824491611604850e-14
1.927009611179131970e-14
5.074707879393000609e-14
2.935773165909684457e-14
3.276365452813817525e-14
-2.123239701190462320e-15
3.825980060111894288e-14
-9.049628857697375461e-15
1.210415926153731239e-14
2.461583793245993024e-14
-9.076882989808229829e-15
-7.639828914353212486e-15
1.673224310028229717e-14
-4.750748609067510786e-15
-2.654747793394852257e-15
2.594807845695580595e-14
1.956658305431874245e-14
7.191851823275252631e-15
3.404674681290256744e-14
8.251426512819338283e-16
5.763004226529708576e-15
-1.421578614102091825e-14
1.424520698341084912e-14
-2.744349056137780282e-15
-1.323371242505175932e-14
-1.313781982509309998e-15
5.127613557278504208e-14
1.262405537906779313e-14
-2.994782563213102544e-14
2.611662276686636114e-14
9.404156191836557377e-15
2.452040611842457724e-14
1.479366081675800859e-14
-6.322796866425287737e-15
9.975457891902954344e-15
6.314190164648236792e-16
2.050460936296478326e-15
1.001940661988771734e-15
2.756234198937178997e-14
2.771951742306429795e-15
9.376053332712554200e-15
3.950169320332888589e-14
8.276624048934259209e-15
1.378342833749032770e-14
-6.173976565724496185e-15
-2.218073509965053786e-15
-2.169638133161979482e-14
8.619080316542120090e-15
-3.331833235958175932e-14
-4.335772768647525727e-15
4.326383069614032906e-14
1.384660683096013145e-14
1.987794220133405620e-14
-4.500289436893886719e-15
5.720050550499732565e-16
9.751382101970407223e-15
2.313511592044216469e-14
5.057087222397858850e-14
2.319669182757576331e-14
1.840932259606666010e-14
-3.305326271610094582e-15
-2.898113064635221559e-14
-3.143791582854542355e-14
-2.238992682663393241e-14
1.772857746295142950e-15
4.424889274434740116e-14
2.126876013633025031e-14
1.733187974650024499e-14
1.360594359482150337e-14
-7.283449966191332670e-15
4.946712053107045481e-14
-1.951737382821505662e-14
1.987684783476620365e-14
2.283772349969412710e-15
6.720704145925151390e-15
5.329190796879261505e-14
3.717951510898154233e-14
1.526513121366101372e-14
-4.027292686619929341e-15
3.672601366902158992e-14
6.259038155386614788e-15
6.985057877158945550e-14
1.114452700587929834e-13
2.126075906311048619e-14
2.681418997431406215e-14
-1.265161529007260630e-14
3.130468771033768915e-14
1.813320340778891426e-14
5.796705549918589051e-15
3.632273111843845048e-14
1.571780086726676240e-14
3.123449578406461979e-14
3.263046367938012005e-14
-1.983183226878437386e-15
3.624088063067937293e-14
4.948363089727833564e-14
-1.558226881944249631e-14
2.701129792927192685e-14
3.324549430238146752e-14
2.681834721201918625e-14
1.436415751425966503e-14
4.949730200904702004e-15
3.255084724101942571e-15
-1.751931797333225460e-14
-2.121634234942236519e-14
-5.930142715857705804e-14
-5.721415501742585508e-14
-4.745859534895958964e-15
1.710279290965174143e-14
-2.167880709203016260e-14
4.034762246665291388e-15
-2.000407895970737759e-14
-2.094786678646064215e-14
3.961854732763324741e-15
2.424649090987558708e-14
2.744557680352689016e-14
4.515977334109983615e-15
8.113614252301063617e-15
-2.890894226342246784e-15
3.077396058251066768e-14
-1.438531809134797196e-14
-3.538107442658047774e-14
-2.143494376541680776e-15
9.495678948820331783e-15
2.527490071619134526e-14
-8.340835075566765955e-16
1.502932062927720552e-15
-1.643828878626716478e-14
-3.996620607160314420e-14
4.522900812014250815e-14
1.655138631945045347e-14
1.339810542648782118e-14
6.317681634456819018e-15
2.701840792383117945e-14
-3.690747014918008967e-15
-7.232760126495846320e-15
3.319213165022092023e-15
-1.931930703196090005e-14
1.056457947111368728e-14
6.419854136686421742e-15
3.268344728429677104e-14
-1.269959547136982614e-14
3.243334894815867731e-15
3.281345667730493909e-14
-3.178113019064107703e-14
2.829074119609954752e-14
1.503729459744265751e-14
1.466533193711719307e-14
1.390700536229704659e-14
-8.428726602305661175e-15
-3.209316696401419422e-14
-1.543660964570085781e-14
-4.385531719133979600e-15
4.621587265446133741e-14
-3.989746680683461597e-15
2.186701950697596264e-14
-5.693202358928849821e-15
-1.386714314476631196e-14
7.913980445094486588e-15
-2.571153942423735905e-14
-5.905922401654032164e-15
-5.533085603327001292e-15
-1.600948005078556974e-14
3.222038453642821210e-14
-1.834582392414279423e-14
6.100022119099723222e-15
1.270078639969366568e-14
1.963044933854171670e-14
-1.757760231043282301e-15
-1.052033809324564792e-14
3.289497851628048197e-14
-3.438542785466451590e-14
-2.487428716642500412e-15
2.962688315435047653e-15
-2.510257101603951060e-15
1.362246073729296222e-14
2.429705538869487980e-14
1.520550856450378352e-14
1.424745162072107302e-14
-3.704147499660045625e-15
-2.499973698107810227e-15
2.179449824009794395e-14
-1.590145116275865078e-14
1.082057485063056546e-14
-3.035684428983297101e-14
-2.912633581043412578e-14
-7.931031218322715654e-15
2.562726472818323969e-14
-2.844209581937852394e-14
1.322688025729920613e-14
1.386273095014406431e-14
2.024084838538747766e-14
-1.151561112363187062e-14
-1.237400955897242916e-14
1.532450483513175116e-14
4.512043543696345194e-14
-1.090854345736766082e-14
5.151431446128937330e-14
-1.810593741721679834e-14
-2.498764135059131086e-14
-1.942694289670029301e-14
-1.868441009821465021e-14
-5.909666202577601446e-14
-1.282608290138331081e-14
8.846773784192390327e-15
4.277792516375021614e-15
-3.342936821457143104e-14
-4.063965486291072626e-14
3.406917285721407229e-15
-4.926319480792014024e-15
1.227822029703333484e-14
-3.681454216453682038e-14
6.075857454960684190e-14
-3.252990053975030049e-14
4.667673989293061321e-14
-9.880338463618548728e-14
9.734923912992077266e-14
-1.327415960353586777e-13
1.837227744071190383e-13
-1.562365146111355241e-13
2.061548360406811886e-13
-3.137131667722142803e-13
2.945711437361137053e-13
-3.501579993840653326e-13
3.424566403023576733e-13
-3.992475295679087655e-13
4.210153818455519836e-13
-4.117614452528450819e-13
4.214178105869242907e-13
-3.820236770153695449e-13
3.445219912308339349e-13
-3.075674480726431348e-13
2.360297558529761419e-13
-6.993036249895723255e-14
-3.649619668977255316e-14
1.777797473036940579e-13
-1.575872678877265898e-13
2.477043310050719427e-12
6.521479320106826627e-13
2.894466784308935559e-12
-9.909761813226003468e-13
2.739725547123983418e-12
-3.304160981279502529e-12
1.320099953829034778e-12
1.904317849243941652e-12
5.532699732385681912e-12
-1.358407527088378863e-12
1.956118643800519585e-12
-6.478459695785643291e-12
-7.032373815218928570e-12
-6.578373262788872466e-12
1.480478933890694293e-11
-7.988526506963467000e-12
-2.344130098363983450e-12
-2.652126435132018401e-11
-3.226071146333886475e-11
-4.003974582444946861e-11
-4.582803581065775234e-11
2.885362088145271287e-11
1.738528418449014623e-11
2.098081040499688577e-12
7.828840874191111965e-12
-3.544433149760273238e-11
-2.001728470479857691e-11
-1.669222572664441628e-11
-7.605745200311986309e-11
-2.023202785861322184e-11
-1.429809326491948696e-10
-1.879575661778432050e-10
-1.810883387687312052e-10
-6.896974658054944030e-11
-1.526059695278192407e-10
-4.707824408090033330e-11
-1.149944982986594866e-11
-3.407501017460567994e-11
1.502022395349911221e-10
-5.578943557127402642e-11
5.744603404078674203e-11
1.270858140944852721e-10
-4.631521277609351728e-10
-3.810390891700876637e-10
-3.782806567986796153e-10
-3.147711813422660043e-10
-4.760376121071274724e-11
-2.250371278211815707e-10
2.650594743691669919e-10
-3.380039581557525707e-10
-3.469377007903062804e-10
-1.414346417760725672e-10
4.602217773541639190e-10
3.219379762775531617e-10
-3.878943347079832904e-11
-2.338214621921963499e-10
-3.381821211956292927e-10
-2.092306883305639076e-11
-5.668153169047229767e-10
1.898936216604418803e-11
-5.410699110974803716e-10
-3.550746086045108996e-10
-1.106139735362887677e-09
-1.001146165968691548e-09
3.450010555017257730e-10
-5.235304967321496861e-10
6.171919919584212266e-11
1.452779563315687028e-09
-1.970291430009041278e-10
3.067226472808215476e-10
-7.551053671228658004e-10
-1.173337205173652364e-09
-9.010889812088862527e-10
-2.184040504005224648e-09
-2.644872987289659250e-09
-9.563544400847945326e-10
-2.713635982587447870e-10
-1.347302824861174031e-09
4.974218814624009610e-10
-1.581688335861031192e-09
1.241058922296645051e-10
8.021481257003415521e-10
-6.984320899405815908e-10
1.104611735414096074e-09
-6.819977915739627861e-11
-5.678294279221063334e-09
-2.780820462788824443e-09
-4.546897969248675508e-09
-2.254424869008175847e-09
-4.551375276662383840e-09
-2.337677385000347385e-09
-1.101955471316529156e-10
-5.285853088565772850e-09
-1.613822186996571872e-09
3.522468983163662415e-10
9.428746672313081945e-09
8.414013930035935118e-10
-1.440133456931391720e-09
-7.684433533938772598e-09
-2.190528036738470519e-10
-3.273870063935646613e-09
-6.801302632197803177e-09
-3.370073553554675527e-09
-9.110429743941494962e-09
-6.396953189380383265e-09
-1.552177764096995816e-08
-3.656899449921979794e-09
1.864197018974778075e-09
-5.903513233818102890e-09
5.885119502835323146e-09
7.215920305725376238e-09
-4.080666915484698620e-09
4.839537215417522020e-09
-4.957054322574094840e-09
-2.028621270966368684e-09
-3.918681823478209481e-09
-1.332494647954263201e-08
-1.141832051132496417e-08
1.467898469442729947e-09
-5.939380987030062897e-09
1.249660486202230913e-09
1.349964029451200531e-09
-6.041792399713585837e-09
1.551500261598448560e-08
-8.223377534477549489e-10
-1.009654937433879240e-08
-5.848016515486165190e-11
-1.590092502112838702e-08
-2.365992202157940483e-08
-8.554046360131906113e-09
-1.755422474047918513e-08
-1.325102250149257088e-08
-3.960665040381172730e-08
-5.980713702058437775e-09
-2.679962385343515052e-08
-1.419869644081472870e-08
-2.098699436459128265e-09
2.895516892920113605e-08
5.229536981232740800e-08
-1.311605402065652015e-08
-2.476219940206192405e-08
-5.099040834011248080e-08
1.878259325849285233e-08
-5.944004755065179779e-08
-5.334773334197961958e-08
-6.813714747977428488e-08
-6.065386770615077694e-08
-7.468473484095738968e-08
-7.025018788908710121e-08
2.152917311093460739e-08
-1.342615796318114008e-09
-9.243032117467464559e-09
1.227136703363385095e-08
-3.206833909530359961e-08
-3.300848305798353977e-08
3.234562484522029990e-08
-2.571164792186664272e-08
3.152802108274954662e-08
-5.559711269143008394e-08
-9.735899197949038353e-08
-8.081834579343194491e-08
-2.729180970106881432e-08
-7.005699842466128757e-08
3.510593060696010070e-08
-4.498196926050468392e-09
6.215044123791813035e-08
1.434198395600105869e-07
-6.994561374540353427e-08
-5.591819629557903681e-08
-1.177976827193560894e-08
-2.459492804973706370e-07
-1.580208390805637464e-07
-1.568409828678341000e-07
-1.422217792423907667e-07
-1.250061245627875905e-07
-1.956114630274896626e-07
7.500820942141217529e-08
-2.677758743629965466e-07
-1.165664116342668422e-07
-5.614713671775461989e-08
3.417936795813147910e-07
1.846829036367125809e-07
-8.333350010047979595e-09
-9.694522873360256199e-08
-2.393171598669141531e-07
-1.117031445119209820e-07
-3.985944374562677694e-07
-1.964023965683736606e-07
-4.662004826627708098e-08
1.315210873542582704e-08
-6.754702042144344887e-08
-1.072753335051856993e-07
-2.031957819781382568e-07
-2.288806513206509408e-07
-6.525630169562646188e-08
3.259614231865270995e-07
4.555885269041937136e-08
4.564020983366390283e-08
2.404999577265698463e-07
1.638179725205191062e-08
1.257537149967902224e-07
1.987656759183664690e-07
1.002879770339859533e-07
3.969394128944259137e-07
3.270156980761385057e-07
4.657816816688864492e-07
2.305532689206302166e-07
-2.558790583861991763e-07
-2.882394483094685711e-07
-2.867333535050420323e-07
1.504847375599638326e-07
-2.469482467404304771e-07
2.622452655032248003e-07
1.390329629202824435e-07
-2.789125801427871920e-07
-2.125684233078573016e-07
-9.496991992818948347e-07
-1.131878207161207683e-06
-3.936928294479002943e-07
-2.759014421371830394e-07
-1.173205816940026125e-07
1.828461648756274371e-07
-3.651460644960025093e-08
2.209360445704078302e-07
5.579293116397820995e-08
2.935680356586090056e-07
-1.378363521098435740e-07
-2.432972507904196391e-07
1.304673276081302902e-07
-4.463259983822354116e-07
-3.004370228154584765e-07
-1.359233436915019411e-07
-1.674210068358661374e-07
5.836870187181375513e-08
-4.686523311647761147e-07
-5.043982014285575133e-07
-4.011752707810956053e-07
1.822849071686505340e-08
3.542555759850074537e-07
4.887211275672598276e-07
3.015854304067033809e-07
3.096809564340219367e-07
-8.711491261692572152e-08
-1.106327658817463089e-06
-6.211240588527289219e-07
-7.119890028661757242e-07
-2.986670608606800670e-07
2.099882294714916497e-07
-3.547056692809746892e-08
-1.994113318914969568e-07
-4.126470685150707141e-07
-6.572729489562334493e-07
-4.488211402531305794e-07
-5.550020887312712148e-07
-8.796864108262525406e-07
-1.738343939905462321e-07
4.607927053257299121e-07
-1.574322006092643278e-08
4.536663595899881329e-07
4.788697651747497730e-07
3.827782393273082562e-07
7.758383162581594661e-07
-2.588847110018832609e-07
-8.118527148326393217e-07
-2.416623487988545094e-07
-5.190196361581911333e-07
9.013062651774816914e-08
1.052353695740748663e-06
4.779599294124636799e-07
-6.712911044814973138e-07
-4.193357767690031324e-07
7.222047884170024190e-07
-6.061879389562818687e-07
-3.431324557823245414e-08
8.017461823328630999e-07
4.581194730235438328e-07
3.842557418920478085e-07
-1.033559783536475152e-06
-1.318114300374872983e-06
-4.492699758884555195e-07
-1.390652073496312369e-07
1.274530404771212488e-06
1.005895796879485715e-06
3.382847637567465426e-07
2.977812414428626653e-07
3.600658260438649449e-07
-2.775628047402278753e-07
-1.186882059300842229e-06
-8.764117183091002516e-07
-4.547511309738183627e-07
6.518473583128070459e-08
-3.118634026577637997e-07
-4.536487949735601433e-07
-5.784466452496417332e-07
-1.134758775833688560e-07
-6.483408014901215211e-07
-1.778172418198664673e-07
2.446227824748348212e-07
2.927599211943743285e-07
1.082505036720249336e-06
1.206519470997591270e-07
-3.449055441251402954e-07
-2.703123413994035218e-07
-7.303317488549510017e-07
3.981849090450850781e-07
1.066221955170476576e-07
1.167193772744212765e-07
3.567894282241468318e-07
-1.172152110484603327e-06
-8.664823667459131684e-07
4.042110788304853486e-07
1.567750302911008475e-07
-5.609327899946947582e-07
1.276451712328707799e-06
1.192486024592653848e-06
-1.116770178555270832e-07
2.051493765975465067e-07
1.298937263527477626e-06
5.340376674212166108e-07
2.954319597847643308e-07
-1.854857316629932029e-07
-2.097939955092442688e-07
-3.234256666928558843e-07
4.987226134289812762e-07
1.784956566552864388e-06
1.059309170159394853e-06
1.452416654501575977e-06
1.443256678612669930e-07
1.638821686356095597e-06
-3.190945676578849088e-07
-2.079821797451586463e-06
2.719709755183430389e-07
5.341987616702681407e-07
4.610917585523566231e-07
-9.242389609198653488e-08
8.008616703136794968e-08
1.164274635812034830e-06
4.836963398702209815e-07
-7.293385237971961033e-07
-1.533218664917512797e-06
-6.579656428584712557e-07
-1.462144723518576939e-06
-2.414537902950542048e-09
6.575392035301774740e-07
-7.051172019600926433e-07
4.245844422712252708e-07
-4.135779931857541669e-07
4.212560043015400879e-07
-1.560097985020547640e-06
-1.027967527988948859e-06
8.151797601385624148e-07
2.721367593494505854e-07
1.024255880111013539e-06
1.708895638330432121e-06
-1.058218572325131390e-06
-2.201568491955185891e-07
-1.291967066663346486e-07
-1.051717930522499955e-07
1.503668727309559472e-07
-5.298189194036240224e-07
1.645739757805131376e-06
-1.332160195488540921e-07
-1.979602046731088194e-07
-6.949767339392565191e-07
-1.890675889626436401e-06
-1.657473035265866201e-06
-1.834722382909603766e-07
2.216217183104163269e-07
-7.614274863954051398e-07
-6.389058171407668851e-07
-1.919432577324187150e-07
8.055292823883064557e-07
-3.404186372790718451e-07
-3.374555035406956449e-06
-5.645601959258783609e-07
-8.377411404580925591e-07
-1.047354544425616041e-06
-1.414116752584959613e-07
4.282771328689705115e-07
2.036151272477582097e-06
3.852713348351244349e-07
3.501124012927903095e-07
-4.408107940889749443e-07
-2.641757532728661317e-07
-6.280138222791720182e-07
4.057171167914930265e-07
1.109313075176032726e-06
-2.239781906610005535e-07
-5.246173486739280634e-07
2.117569238180294633e-06
1.433826469110499602e-06
1.145115362533033476e-07
1.722596721265290398e-06
1.656060248933499679e-06
-2.069819231564906659e-07
-5.870084009984566364e-07
4.874226533502223901e-07
-2.612051446249097353e-07
1.492684759796247818e-06
7.412284048768924549e-07
-3.554893623913812917e-07
9.866892725085563143e-08
-1.019164187709975522e-06
1.030016960612556431e-08
1.043999759531288873e-06
6.148222837509820238e-07
1.786544657988997642e-06
6.758860422451107297e-07
1.046927309289458208e-06
9.618648846299038269e-07
-7.097255405597024946e-08
-3.098878949003847083e-07
6.475102054537273943e-08
7.566920885437866673e-07
2.347665883917215979e-08
-9.958775990526191890e-07
-1.978457476070616394e-06
-9.029160992213292047e-07
-7.946565006022865418e-07
-8.793142001195519697e-07
-9.932243756338721141e-07
1.839070137066300958e-06
2.491452960384776816e-06
1.746168891259003431e-06
1.194207925436785445e-06
-1.657205416449869517e-06
-1.479047568864189088e-06
-4.452272150956559926e-07
1.737537473900374607e-07
2.000349013542290777e-06
-6.492381317002582364e-07
3.081066779486718588e-07
1.787059431990201119e-06
-1.184906523121753708e-06
-1.280876062992319930e-06
7.656985303583496716e-07
2.707329940676572733e-06
1.248763737748959102e-06
8.846832315612118691e-07
-1.268607690008138889e-07
-1.972238806047243997e-06
-3.486797481855319347e-07
4.803916340279101860e-07
3.460370123775646789e-07
1.969630375242559239e-06
1.054312406267854385e-06
1.322610955867276061e-06
2.651752083693281747e-06
1.560821601742645726e-06
7.314652066270355135e-07
1.439918150936136954e-06
8.639000839139043819e-07
-3.175876202021754580e-07
-5.842474593009683304e-07
-5.061393153482640628e-07
2.003991994570242241e-07
1.628176278245518915e-06
4.317060415814921726e-07
6.484829100372735411e-07
-8.527837280780659057e-07
-2.873758830901351757e-06
-1.206681531584763434e-06
-1.340287099083070643e-06
-1.152180573171790456e-07
1.155384779849555343e-06
2.406170551694231108e-06
1.535839373900671490e-06
8.756192073633428663e-07
-4.594751885633741040e-07
-5.451192350847122725e-07
3.951827238779515028e-07
2.164028245488225366e-08
7.499435810132126790e-07
-5.275215357869456057e-07
1.375811677917226916e-07
5.311224526849400718e-07
-1.275602244277251884e-06
3.781671011893195100e-07
8.165519602698623203e-07
1.233824605151312426e-06
1.211310632243112195e-06
9.128367537414305843e-07
1.750159299263032153e-06
1.724236199152073823e-06
2.935054908448364586e-06
1.549824219182482921e-06
-1.839488732002791949e-06
-2.328913524252129719e-06
-1.713746087261824869e-06
-3.183864009770331904e-06
1.710179162728309166e-07
-4.072152535172790522e-07
3.775963648422475671e-07
1.822655349315027706e-06
-9.065993253898341209e-07
-2.354176558583276346e-06
-3.891683718393323943e-06
-1.558382791699841619e-06
-1.119583657782641239e-06
6.283292464104306418e-07
9.135991376751917414e-07
7.726902140348101966e-07
1.628096470085438341e-06
2.180834712817159016e-08
-2.407210786259383895e-07
6.533705914080201183e-07
-4.638432358206046047e-07
2.288086989210569300e-06
3.661736855065100826e-06
1.834589056670665741e-06
3.349507267103035701e-07
-8.172072512024897151e-07
-6.383992285918793641e-07
5.639707296722917818e-07
1.682828042248729616e-06
3.040166348000639118e-06
1.822670924411795568e-06
1.260019644178100862e-06
-2.504611416043189820e-07
-1.401799181621754542e-06
8.893608764992677607e-07
-5.909522542424383573e-07
3.213679519831202924e-06
3.613475428210222162e-06
2.396878016952541657e-06
-8.734286325307039078e-07
1.252969241249957122e-06
3.143910362268798053e-06
2.207508259743917733e-06
2.697438958421116695e-06
3.108298187726177275e-07
1.929949888790361001e-07
-3.031659844054956920e-06
-3.300985554233193398e-06
-7.026065418358484749e-08
-1.255807433153677266e-06
4.951606342729064636e-07
1.824990704335505143e-06
-4.677466165503574302e-07
3.021183658802328864e-07
-2.322096008811058709e-07
1.209352376463357359e-06
1.065103560904390179e-06
3.722999508681823500e-07
-1.181224433821626008e-06
-5.847014108439907432e-07
-2.198195488745113835e-06
-3.267725787736708298e-06
-9.358071793030831032e-07
-8.761892189568243339e-08
-3.141630600111966487e-07
1.441291317405557493e-07
-1.739283675306069199e-06
-5.744925601902650669e-07
-3.713716978381853551e-08
-2.128334017470479012e-06
-1.568270135976490565e-07
-1.392880903949844651e-06
2.123315880453446880e-06
1.227139705406443682e-07
8.983192856248933822e-09
7.287922016985248774e-07
-1.832120005929027684e-06
4.388416243727988331e-07
-2.012768845816026442e-06
-1.567374056321568787e-06
2.371446271354216151e-06
-1.111224605665483978e-06
3.502941581245977432e-07
4.128661657887278125e-06
1.579090508130320814e-06
-4.003241258487832965e-07
-4.021738675419328501e-07
-1.500580992797040381e-06
-1.234464320987171959e-06
-1.462131081098050345e-06
-1.468506980017991737e-06
3.551747113306191750e-06
-5.021884703637624625e-07
9.265897915611276403e-07
1.782417257345514372e-06
-1.637736204429529607e-06
-2.744730636550229974e-06
-1.691737224973621778e-06
1.821981754801527131e-06
5.748493094870354980e-07
-2.085382675431901589e-06
-8.701256319909589365e-07
1.489915604224734125e-07
-1.972589871002128348e-06
-3.819855010078754276e-06
-2.311541038579889573e-06
1.469384187657851726e-06
6.156062681839102879e-07
1.206647993967635557e-06
2.542554057072266005e-06
2.007115199376130477e-06
-1.313445409323321655e-06
-1.926330526202946203e-07
7.488664550692192279e-07
2.154980620616697706e-06
2.999538082804065198e-06
1.802034717002243269e-06
1.924807975228759460e-06
1.986445568036288023e-06
-1.324792265222640708e-06
2.001780103455530480e-06
6.883007017677300610e-07
-2.273144730224885279e-07
1.987349378396174870e-06
-3.126038109257933684e-06
-2.741424850682960823e-06
-2.652208422659896314e-06
-6.749042995579657145e-07
8.542222076357575133e-07
4.305324637243757024e-06
2.043504139237484196e-07
-3.934448614018037915e-06
-3.467080887276097201e-06
-3.439893816903349943e-06
-8.268427791335852817e-07
-2.808816589094931260e-06
1.516914380772504956e-07
3.746996981135453098e-06
3.387834226487029810e-07
1.693863111995597137e-07
-2.352242063352605328e-06
3.403496521059423685e-06
-1.408637899658060633e-06
-2.945007281596190296e-06
4.331237505539320409e-06
3.298746946711617056e-07
3.748530161828966811e-06
1.249181423190748319e-06
3.933471816708333790e-06
5.517312729352852330e-06
-2.817857875925255939e-06
-1.422230639036570210e-06
2.924077307397965342e-06
3.788153435380081646e-07
9.531265732221072540e-07
-1.167607138086168561e-06
-1.343730389180564089e-07
-3.697058673424180597e-06
-3.195580120518570766e-06
3.996994109911611304e-06
7.289912673513754271e-07
3.224274678359506652e-06
-8.672081719396373956e-08
2.064164846160565503e-06
2.093820512527599931e-06
-4.866409653914161026e-06
2.226594915555324405e-06
3.588127583498135209e-06
3.223768089810619131e-06
-2.130879011019715108e-07
-2.175523377445642836e-06
-2.422109218969126232e-06
-4.622623237082734704e-06
8.191288003445151844e-08
-3.755157194973435253e-06
4.923800133838085458e-06
2.591021939224447124e-06
-2.494472482794662938e-06
-2.821104772010585293e-07
-2.211285391240380704e-06
-5.243325063020165544e-07
1.811495053516409826e-06
1.963084741873899475e-06
1.384817096550250426e-06
6.036050308466656134e-06
-5.087198360342881642e-07
1.280412220694415737e-07
-1.962239366548601538e-06
-1.078217451322416309e-06
-8.536295013072958682e-07
-7.003370683378307149e-08
1.193049456560402177e-06
-2.693787564567173831e-06
-1.118064915317518171e-06
4.607612936524674296e-06
2.895885018006083556e-06
-4.341499789006775245e-06
-2.763531711025279947e-06
-1.425340201421931852e-07
4.205495770293055102e-06
3.843886588583700359e-06
1.530961526441387832e-06
8.146656000462826341e-06
5.460512511490378529e-06
-5.299154963722685352e-07
6.167842343529628124e-07
3.871404715027892962e-06
8.541871920897392556e-07
1.882430183286487591e-06
7.024507794994860888e-06
5.700202564185019583e-06
6.490986834251089022e-06
-4.679007361119147390e-06
3.137959311061422341e-06
4.547903813545417506e-07
9.045867955137509853e-06
-3.915819206667947583e-07
-5.916927875659894198e-06
5.970690835965797305e-06
8.282504495582543314e-06
-4.128191449126461521e-06
-7.768871910229790956e-06
7.505955636588623747e-06
-7.039317551971180364e-06
1.258364682144019753e-05
-4.000200533482711762e-06
-2.803379629767732695e-06
1.324499748989182990e-06
4.921501840726705268e-06
2.873492121580056846e-06
6.575151019205804914e-07
1.503003659308888018e-05
-1.798965058696921915e-06
2.754570459728711285e-06
6.036952981958165765e-06
8.208337476389715448e-07
-2.635769078551675193e-06
-9.217841579811647534e-06
6.787577149225398898e-07
1.190939474327024072e-05
7.233604264911264181e-06
-1.147318585026368964e-06
-1.328272219325299375e-06
-1.165547473647166044e-05
-1.412282290402799845e-05
-3.007392024301225320e-06
-6.600620508834253997e-06
9.395564120495691895e-06
-1.333244836132507771e-05
2.605873851280193776e-05
-1.481262588640674949e-04
-1.598653179826214910e-04
-2.455852154525928199e-05
-1.549641165183857083e-04
-3.361775452503934503e-05
7.034404552541673183e-05
3.358776302775368094e-05
-1.576092927280114964e-07
-4.194026405457407236e-05
-1.186755253002047539e-04
-1.229367335326969624e-04
-1.193983189295977354e-04
-1.176749065052717924e-04
-6.041067535988986492e-05
-6.861554720671847463e-05
-4.833068669540807605e-05
-9.653980669099837542e-05
-7.295484829228371382e-05
-5.461605178425088525e-05
-4.941183578921481967e-05
-3.974900027969852090e-05
-5.717257590731605887e-05
-1.724035610095597804e-05
-5.118967237649485469e-05
-5.498188693309202790e-05
-7.590980385430157185e-05
-6.812303035985678434e-05
-5.602809687843546271e-05
-9.515380224911496043e-05
-7.518671918660402298e-05
-6.207651313161477447e-05
-6.591869168914854527e-05
-8.559973502997308969e-05
-6.182378274388611317e-05
-6.017489067744463682e-05
-7.659381662961095572e-05
-7.985265983734279871e-05
-7.558704237453639507e-05
-5.739835251006297767e-05
-8.048638119362294674e-05
-5.173392855795100331e-05
-5.302326098899357021e-05
-5.609424260910600424e-05
-6.317783845588564873e-05
-1.023642980726435781e-04
-8.757272735238075256e-05
-8.890198660083115101e-05
-9.060802403837442398e-05
-7.431750418618321419e-05
-7.299654680537059903e-05
-6.980771286180242896e-05
-8.117445395328104496e-05
-6.717629730701446533e-05
-6.516237044706940651e-05
-6.300000677583739161e-05
-4.603788693202659488e-05
-8.124054147629067302e-05
-9.093239350477233529e-05
-9.413022780790925026e-05
-9.429806959815323353e-05
-8.927435555960983038e-05
-9.122314804699271917e-05
-8.254184649558737874e-05
-8.018831431400030851e-05
-8.168078784365206957e-05
-9.516532736597582698e-05
-9.639262862037867308e-05
-7.263381849043071270e-05
-8.156379044521600008e-05
-9.177485480904579163e-05
-9.027577470988035202e-05
-7.479854684788733721e-05
-7.849277608329430223e-05
-7.751213706796988845e-05
-7.246837776619940996e-05
-8.512866043020039797e-05
-7.671509956708177924e-05
-5.431150202639400959e-05
-7.554022886324673891e-05
-7.175050268415361643e-05
-5.234077252680435777e-05
-8.807149424683302641e-05
-7.896673923823982477e-05
-8.952713687904179096e-05
-7.626188744325190783e-05
-5.990680438117124140e-05
-5.715653969673439860e-05
-5.534839147003367543e-05
-6.008651689626276493e-05
-3.940028545912355185e-05
-7.374584674835205078e-05
-5.756695463787764311e-05
-6.000782741466537118e-05
-9.022868471220135689e-05
-6.472333916462957859e-05
-6.865180330350995064e-05
-6.444751488743349910e-05
-5.168399366084486246e-05
-4.556941712507978082e-05
-5.982054790365509689e-05
-7.540662772953510284e-05
-9.077868162421509624e-05
-9.457522537559270859e-05
-8.710572728887200356e-05
-9.098171722143888474e-05
-8.338693442055955529e-05
-6.613773439312353730e-05
-6.394280353561043739e-05
-6.859127461211755872e-05
-7.776971324346959591e-05
-5.747342220274731517e-05
-4.721401637652888894e-05
-8.520993287675082684e-05
-8.389554568566381931e-05
-6.084692358854226768e-05
-5.971107020741328597e-05
-5.107222750666551292e-05
-5.427268843050114810e-05
-4.614317731466144323e-05
-5.077763853478245437e-05
-6.293525802902877331e-05
-5.261061596684157848e-05
-5.759609848610125482e-05
-6.919698353158310056e-05
-5.876935028936713934e-05
-4.969654764863662422e-05
-5.515872544492594898e-05
-5.384919859352521598e-05
-8.024596900213509798e-05
-6.196214962983503938e-05
-6.094024865888059139e-05
-8.827302372083067894e-05
-8.239914313890039921e-05
-7.070116407703608274e-05
-7.943755917949602008e-05
-7.201540574897080660e-05
-8.288869867101311684e-05
-8.454595081275328994e-05
-5.528213659999892116e-05
-6.519799353554844856e-05
-6.423882587114349008e-05
-8.537223038729280233e-05
-8.825931581668555737e-05
-8.279659232357516885e-05
-8.324983355123549700e-05
-5.546494867303408682e-05
-8.047791197896003723e-05
-5.880932076252065599e-05
-7.113036554073914886e-05
-9.774589125299826264e-05
-4.931906369165517390e-05
-7.852811540942639112e-05
-9.656215115683153272e-05
-7.579537486890330911e-05
-8.638645522296428680e-05
-1.261109282495453954e-04
-9.665361721999943256e-05
-9.115703869611024857e-05
-8.615845581516623497e-05
-8.052365592448040843e-05
-9.408748883288353682e-05
-5.955051892669871449e-05
-1.146287686424329877e-04
-1.208191024488769472e-04
-1.200392798637039959e-04
-1.257761468878015876e-04
-1.373933191644027829e-04
-1.525600091554224491e-04
-1.092826278181746602e-04
-9.529358067084103823e-05
-8.659263403387740254e-05
-7.550785085186362267e-05
-2.706568920984864235e-05
-5.369603604776784778e-05
-3.157283208565786481e-05
-2.442204277031123638e-05
-4.413770875544287264e-05
5.786107521998928860e-06
-1.695161881798412651e-05
-6.765135913155972958e-05
-6.014770042384043336e-05
-7.535070471931248903e-05
-9.965666686184704304e-05
-5.152416633791290224e-05
-8.227035868912935257e-05
-5.878886440768837929e-05
-4.070021532243117690e-05
-7.357611320912837982e-05
-4.938230631523765624e-05
-7.603767153341323137e-05
-6.950019451323896646e-05
2.271989387736539356e-07
-4.991040623281151056e-05
-4.623441054718568921e-05
-4.099169382243417203e-05
-7.407841621898114681e-05
-5.358103953767567873e-05
-7.272016227943822742e-05
-4.397303928271867335e-05
-1.617256202735006809e-05
-4.148688094574026763e-05
-2.697871786949690431e-05
9.642041732149664313e-06
-4.389892274048179388e-05
-2.859703636204358190e-05
-6.285712879616767168e-05
-6.639841012656688690e-05
-7.541250670328736305e-05
-8.930377225624397397e-05
-7.238027319544926286e-05
-6.550394027726724744e-05
-5.489740215125493705e-05
-3.091083999606780708e-05
-6.632348959101364017e-05
-1.231159112649038434e-04
-1.053637461154721677e-04
-9.391294588567689061e-05
-2.788198253256268799e-05
-7.093269960023462772e-05
-6.193232547957450151e-05
-3.656328408396802843e-05
-4.378948688099626452e-07
-5.776322359452024102e-05
-5.321036587702110410e-05
-5.868399603059515357e-05
-5.793595119030214846e-05
-1.091139856725931168e-04
-1.234919909620657563e-04
-6.622157525271177292e-05
-1.120887245633639395e-04
-1.045170429279096425e-04
-1.420100452378392220e-04
-1.383503986289724708e-04
-1.131981407525017858e-04
-1.051660801749676466e-04
-1.247880281880497932e-04
-1.094311737688258290e-04
-1.374837302137166262e-04
-7.215153163997456431e-05
-7.915623427834361792e-05
-1.091308076865971088e-04
-1.473844313295558095e-04
-1.545597042422741652e-04
-1.644182484596967697e-04
-1.357302098767831922e-04
-1.470903662266209722e-04
-1.880108611658215523e-04
-1.378478336846455932e-04
-1.482276129536330700e-04
-1.593363704159855843e-04
-1.976561616174876690e-04
-1.505173422629013658e-04
-1.307279162574559450e-04
-1.265287282876670361e-04
-1.227990142069756985e-04
-8.002830145414918661e-05
-7.644646393600851297e-05
-7.818995072739198804e-05
-5.139575296198017895e-05
-1.778563455445691943e-05
-2.465329453116282821e-05
-3.994067810708656907e-05
-1.333127875113859773e-05
1.338139918516390026e-05
-2.043180211330763996e-05
-3.012649813172174618e-06
-4.447121318662539124e-05
-3.122689668089151382e-05
1.961287853191606700e-05
-7.761715096421539783e-05
-5.633533146465197206e-05
-9.186391980620101094e-05
-7.233994256239384413e-05
-3.324852150399237871e-05
-5.324085941538214684e-05
-1.619189424673095345e-05
1.653316940064541996e-05
-4.317270213505253196e-05
1.600254336153739132e-06
4.054277815157547593e-05
2.625889101182110608e-05
2.357679932174505666e-06
-1.782161234586965293e-05
1.723694367683492601e-05
-4.086374974576756358e-05
-4.547434946289286017e-05
-5.276731099002063274e-05
-7.100171933416277170e-05
-6.697278877254575491e-05
-9.224070527125149965e-05
-4.612428165273740888e-05
-9.461679837841074914e-06
5.693039383913856000e-06
2.201876122853718698e-05
3.468286649876972660e-06
1.882067408587317914e-07
4.994927803636528552e-05
1.677920045040082186e-05
4.833490675082430243e-05
1.394079299643635750e-05
-2.059327198367100209e-05
4.415564490045653656e-06
-5.073404827271588147e-05
-4.308792995288968086e-05
-1.013735163724049926e-04
-1.119207154260948300e-04
-6.373576616169884801e-05
-7.013570575509220362e-05
-1.086683114408515394e-04
-8.649806113680824637e-05
-1.265379978576675057e-04
-1.059130518115125597e-04
-2.154434914700686932e-04
-2.151708322344347835e-04
-1.332923711743205786e-04
-7.545220432803034782e-05
-6.579227192560210824e-05
-1.271131332032382488e-04
1.011232689052121714e-05
3.317303480798727833e-06
-1.453742734156548977e-04
-1.793023257050663233e-04
-1.483774249209091067e-04
-1.259166747331619263e-04
-2.682941849343478680e-04
-3.400914138182997704e-04
-3.686195996124297380e-04
-2.507691388018429279e-04
-2.259925240650773048e-04
-2.383064711466431618e-04
-1.486055261921137571e-04
-1.323700125794857740e-04
5.714554390578996390e-06
3.852372537949122488e-05
-6.274117913562804461e-05
1.087283817469142377e-04
1.281134318560361862e-04
2.103170700138434768e-04
4.852846614085137844e-04
4.545414994936436415e-04
6.971274851821362972e-04
4.285084432922303677e-04
7.315196562558412552e-04
9.107623482123017311e-04
9.537173318676650524e-04
9.807748720049858093e-04
6.163056241348385811e-04
6.509524537250399590e-04
8.093183278106153011e-04
4.839977482333779335e-04
5.470805335789918900e-04
8.134020026773214340e-05
2.261656482005491853e-04
8.420619415119290352e-04
6.756643997505307198e-04
9.309833985753357410e-04
3.685652627609670162e-04
6.015813560225069523e-04
8.629095973446965218e-04
8.449136512354016304e-04
5.695399013347923756e-04
4.553220351226627827e-04
3.377229440957307816e-04
4.412551061250269413e-04
-5.116715910844504833e-04
-8.335390011779963970e-04
-9.464255417697131634e-04
-6.779027171432971954e-04
-2.318848855793476105e-04
-5.022282712161540985e-04
-2.697856398299336433e-04
-4.491687868721783161e-04
-7.563873659819364548e-04
-5.125664174556732178e-04
-2.203506301157176495e-04
-4.477142647374421358e-05
2.952833310700953007e-04
7.584565173601731658e-05
1.294807647354900837e-03
9.876613039523363113e-04
6.350451149046421051e-04
-4.536394844762980938e-04
-1.072409795597195625e-03
-2.077655226457864046e-04
-4.185788566246628761e-04
-9.145989897660911083e-04
-9.570813854224979877e-04
-1.418070401996374130e-03
-3.476003184914588928e-04
-7.267860346473753452e-04
-1.015788526274263859e-03
-5.509753245860338211e-04
-1.312484033405780792e-03
-3.335917426738888025e-04
1.748306967783719301e-04
1.176758203655481339e-03
1.903725904412567616e-03
7.743884925730526447e-04
5.900441901758313179e-04
4.453233559615910053e-04
-4.549452860374003649e-04
-1.051498227752745152e-03
-3.488255897536873817e-03
-3.086978802457451820e-03
-2.519456204026937485e-03
-1.745771616697311401e-03
-9.463434107601642609e-04
-1.277178525924682617e-03
-7.080496288836002350e-04
-4.190455656498670578e-04
-4.953052848577499390e-04
1.717689883662387729e-04
-4.150563909206539392e-04
-1.208780100569128990e-03
-2.402632962912321091e-03
-3.595568239688873291e-03
-3.586462233215570450e-03
-5.269126500934362411e-03
-6.221150979399681091e-03
-6.696933880448341370e-03
-5.441581364721059799e-03
-3.561014775186777115e-03
-2.426627557724714279e-03
-1.810219371691346169e-03
-6.183919031172990799e-04
9.268979192711412907e-04
2.906535286456346512e-03
3.949089441448450089e-03
4.089102614670991898e-03
4.177987109869718552e-03
3.648707875981926918e-03
3.217973979189991951e-03
1.491728588007390499e-03
3.106468357145786285e-04
-1.648116158321499825e-04
1.218833029270172119e-03
2.069937530905008316e-03
3.426573937758803368e-03
4.370803944766521454e-03
6.091381423175334930e-03
7.515894249081611633e-03
8.295092731714248657e-03
9.436595253646373749e-03
1.105518639087677002e-02
1.364350877702236176e-02
1.618639007210731506e-02
1.822381280362606049e-02
1.948874816298484802e-02
2.133962139487266541e-02
2.169365063309669495e-02
2.332737110555171967e-02
2.219227887690067291e-02
2.199783176183700562e-02
2.009024471044540405e-02
1.890894398093223572e-02
1.849858835339546204e-02
1.789319887757301331e-02
1.736770570278167725e-02
1.733775436878204346e-02
1.685382053256034851e-02
1.734551414847373962e-02
1.566799357533454895e-02
1.209492515772581100e-02
6.229474674910306931e-03
-3.507817164063453674e-03
-1.191281341016292572e-02
-2.428123727440834045e-02
-3.702440485358238220e-02
-5.201370269060134888e-02
-6.711729615926742554e-02
-8.015763014554977417e-02
-9.162431955337524414e-02
-1.010976433753967285e-01
-1.096902489662170410e-01
-1.207248717546463013e-01
-1.298849433660507202e-01
-1.396176666021347046e-01
-1.473681628704071045e-01
-1.550959646701812744e-01
-1.620050370693206787e-01
-1.570499688386917114e-01
-1.380950212478637695e-01
-1.092699915170669556e-01
-7.543317973613739014e-02
-3.518911823630332947e-02
1.817029342055320740e-02
7.513691484928131104e-02
1.268241107463836670e-01
1.687317043542861938e-01
2.005959153175354004e-01
2.249662280082702637e-01
2.337026298046112061e-01
2.246585935354232788e-01
2.029707729816436768e-01
1.724125444889068604e-01
1.352199763059616089e-01
9.505982697010040283e-02
5.625954270362854004e-02
2.486245706677436829e-02
-3.812266979366540909e-03
-2.366672083735466003e-02
-3.540649265050888062e-02
-3.809973224997520447e-02
-3.639238700270652771e-02
-3.717879951000213623e-02
-3.923070803284645081e-02
-3.790022432804107666e-02
-3.840466588735580444e-02
-4.363942518830299377e-02
-5.446683987975120544e-02
-6.176812946796417236e-02
-6.262010335922241211e-02
-6.163659691810607910e-02
-5.407053232192993164e-02
-3.939566761255264282e-02
-1.378668099641799927e-02
1.831794530153274536e-02
5.338946357369422913e-02
9.353706985712051392e-02
1.331502348184585571e-01
1.649494469165802002e-01
1.904968470335006714e-01
2.060405313968658447e-01
2.140885740518569946e-01
2.042856514453887939e-01
1.825754493474960327e-01
1.535850167274475098e-01
1.215792447328567505e-01
8.456137776374816895e-02
4.090340808033943176e-02
-2.304386347532272339e-03
-3.444841131567955017e-02
-6.389716267585754395e-02
-9.202212840318679810e-02
-1.191628873348236084e-01
-1.400628536939620972e-01
-1.560397148132324219e-01
-1.767545342445373535e-01
-1.955045759677886963e-01
-2.146177589893341064e-01
-2.271883189678192139e-01
-2.440357804298400879e-01
-2.600517868995666504e-01
-2.700778841972351074e-01
-2.711696028709411621e-01
-2.731141149997711182e-01
-2.616387605667114258e-01
-2.283606529235839844e-01
-1.702694296836853027e-01
-1.059072390198707581e-01
-3.313982859253883362e-02
5.292502045631408691e-02
1.485300958156585693e-01
2.407510578632354736e-01
3.085065782070159912e-01
3.561267852783203125e-01
3.824196159839630127e-01
3.857874870300292969e-01
3.553826808929443359e-01
3.012353479862213135e-01
2.292717695236206055e-01
1.478394567966461182e-01
6.451240181922912598e-02
-6.534493528306484222e-03
-6.708641350269317627e-02
-1.119070723652839661e-01
-1.384033411741256714e-01
-1.429890692234039307e-01
-1.297192126512527466e-01
-1.089176759123802185e-01
-8.807452768087387085e-02
-7.195080816745758057e-02
-5.222115293145179749e-02
-3.848146647214889526e-02
-4.172651469707489014e-02
-5.452936887741088867e-02
-6.516642123460769653e-02
-6.810722500085830688e-02
-7.158867269754409790e-02
-6.811958551406860352e-02
-4.958202689886093140e-02
-1.342010125517845154e-02
3.304475173354148865e-02
8.315129578113555908e-02
1.351653784513473511e-01
1.880589127540588379e-01
2.306799143552780151e-01
2.559652030467987061e-01
2.639384269714355469e-01
2.561005055904388428e-01
2.308297753334045410e-01
1.836540400981903076e-01
1.320079267024993896e-01
7.781500369310379028e-02
2.437537163496017456e-02
-3.697712346911430359e-02
-8.454971015453338623e-02
-1.174169033765792847e-01
-1.387224495410919189e-01
-1.600883603096008301e-01
-1.769421398639678955e-01
-1.876099854707717896e-01
-1.937150210142135620e-01
-2.018905431032180786e-01
-2.166274189949035645e-01
-2.350732088088989258e-01
-2.516281008720397949e-01
-2.675609886646270752e-01
-2.872568368911743164e-01
-3.013466298580169678e-01
-3.152860701084136963e-01
-3.138337135314941406e-01
-2.872528433799743652e-01
-2.215427160263061523e-01
-1.447113156318664551e-01
-5.956409126520156860e-02
4.439800232648849487e-02
1.708427667617797852e-01
2.905721962451934814e-01
3.804994821548461914e-01
4.342542886734008789e-01
4.652768075466156006e-01
4.666422009468078613e-01
4.296778440475463867e-01
3.508034944534301758e-01
2.517305612564086914e-01
1.482435464859008789e-01
4.542092978954315186e-02
-4.272910207509994507e-02
-1.129268929362297058e-01
-1.573709547519683838e-01
-1.771966665983200073e-01
-1.692242771387100220e-01
-1.388429999351501465e-01
-9.751916676759719849e-02
-6.464809179306030273e-02
-3.891469910740852356e-02
-1.971820369362831116e-02
-1.822314807213842869e-04
-8.480377495288848877e-03
-3.016660548746585846e-02
-5.445541813969612122e-02
-6.538807600736618042e-02
-6.867770850658416748e-02
-6.662449240684509277e-02
-4.947409778833389282e-02
-8.531088009476661682e-03
4.458869993686676025e-02
1.037881523370742798e-01
1.591407358646392822e-01
2.102423608303070068e-01
2.471259534358978271e-01
2.602464258670806885e-01
2.623714804649353027e-01
2.380192875862121582e-01
2.008487731218338013e-01
1.407212764024734497e-01
8.043089509010314941e-02
2.649909444153308868e-02
-2.245258912444114685e-02
-7.380369305610656738e-02
-1.152109876275062561e-01
-1.379474848508834839e-01
-1.469620615243911743e-01
-1.679463535547256470e-01
-1.853481531143188477e-01
-1.998049616813659668e-01
-2.120265662670135498e-01
-2.307267487049102783e-01
-2.636484801769256592e-01
-2.889506220817565918e-01
-3.167477548122406006e-01
-3.326413929462432861e-01
-3.531160354614257812e-01
-3.697459399700164795e-01
-3.502057492733001709e-01
-2.839878797531127930e-01
-1.946120262145996094e-01
-1.018590852618217468e-01
2.947870641946792603e-03
1.468327939510345459e-01
2.867355942726135254e-01
3.971437215805053711e-01
4.654207825660705566e-01
5.008521080017089844e-01
5.133360624313354492e-01
4.787335395812988281e-01
4.009817838668823242e-01
2.930972874164581299e-01
1.753951609134674072e-01
6.365727633237838745e-02
-3.556268662214279175e-02
-1.129985153675079346e-01
-1.647339165210723877e-01
-1.944053769111633301e-01
-1.949527114629745483e-01
-1.691747605800628662e-01
-1.234914362430572510e-01
-8.637250959873199463e-02
-6.089372560381889343e-02
-3.410229086875915527e-02
-1.514464151114225388e-03
7.631398737430572510e-03
-7.453911006450653076e-03
-1.965354010462760925e-02
-1.924628578126430511e-02
-1.451789960265159607e-02
-9.253934957087039948e-03
5.279759876430034637e-03
4.014660790562629700e-02
8.187830448150634766e-02
1.245026290416717529e-01
1.648180484771728516e-01
1.981933116912841797e-01
2.239934206008911133e-01
2.233180701732635498e-01
2.131577134132385254e-01
1.900422275066375732e-01
1.532265841960906982e-01
9.877224266529083252e-02
4.371988028287887573e-02
1.987221650779247284e-03
-3.168568015098571777e-02
-7.278614491224288940e-02
-1.098275408148765564e-01
-1.291650086641311646e-01
-1.347850561141967773e-01
-1.506523489952087402e-01
-1.824517250061035156e-01
-2.050278186798095703e-01
-2.238260805606842041e-01
-2.449105381965637207e-01
-2.899620532989501953e-01
-3.263846635818481445e-01
-3.493851423263549805e-01
-3.589428067207336426e-01
-3.811204433441162109e-01
-3.772898018360137939e-01
-3.104604780673980713e-01
-2.050179541110992432e-01
-1.082712411880493164e-01
-2.055523917078971863e-03
1.453709006309509277e-01
3.035642504692077637e-01
4.169973134994506836e-01
4.774710237979888916e-01
5.215360522270202637e-01
5.263396501541137695e-01
4.826959371566772461e-01
3.810393214225769043e-01
2.683568596839904785e-01
1.394606232643127441e-01
1.215817406773567200e-02
-9.549362957477569580e-02
-1.680548191070556641e-01
-2.159671783447265625e-01
-2.274182736873626709e-01
-2.123664021492004395e-01
-1.681579351425170898e-01
-1.031283065676689148e-01
-4.251746088266372681e-02
-5.116081796586513519e-03
2.423644252121448517e-02
6.356731057167053223e-02
6.814658641815185547e-02
3.995103389024734497e-02
1.449044793844223022e-02
1.005436386913061142e-02
3.615596797317266464e-03
-4.287578165531158447e-03
2.299308311194181442e-03
3.888856619596481323e-02
8.354248851537704468e-02
1.230571717023849487e-01
1.554517149925231934e-01
1.922652125358581543e-01
2.115476280450820923e-01
2.019703388214111328e-01
1.804521679878234863e-01
1.507479250431060791e-01
1.059511601924896240e-01
4.666637256741523743e-02
-1.298022549599409103e-02
-4.536832869052886963e-02
-6.977751851081848145e-02
-9.692953526973724365e-02
-1.193200945854187012e-01
-1.134798303246498108e-01
-1.004258394241333008e-01
-1.130960732698440552e-01
-1.403225958347320557e-01
-1.548211872577667236e-01
-1.783694177865982056e-01
-2.274111211299896240e-01
-2.986434102058410645e-01
-3.488525748252868652e-01
-3.764971494674682617e-01
-4.160853624343872070e-01
-4.448720514774322510e-01
-4.082240760326385498e-01
-2.996104359626770020e-01
-1.864231824874877930e-01
-7.248457521200180054e-02
7.304215431213378906e-02
2.555693387985229492e-01
4.005564451217651367e-01
4.858184456825256348e-01
5.293234586715698242e-01
5.489485859870910645e-01
5.090063214302062988e-01
4.123356342315673828e-01
2.816398739814758301e-01
1.549162268638610840e-01
1.676915585994720459e-02
-1.026155650615692139e-01
-1.837850362062454224e-01
-2.294543832540512085e-01
-2.359184622764587402e-01
-2.197468280792236328e-01
-1.693418025970458984e-01
-9.680339694023132324e-02
-2.375276014208793640e-02
2.616718038916587830e-02
5.802535265684127808e-02
8.648981153964996338e-02
1.041846647858619690e-01
7.248219847679138184e-02
3.756103664636611938e-02
1.206527277827262878e-02
4.347155801951885223e-03
-7.000529672950506210e-03
-9.155127219855785370e-03
1.437292248010635376e-02
5.885444581508636475e-02
1.018071994185447693e-01
1.353767365217208862e-01
1.629074662923812866e-01
1.859672367572784424e-01
1.873094439506530762e-01
1.612662971019744873e-01
1.295021176338195801e-01
9.263144433498382568e-02
4.683179408311843872e-02
-8.082754909992218018e-03
-4.251210764050483704e-02
-5.744331702589988708e-02
-6.214225292205810547e-02
-7.989888638257980347e-02
-8.557887375354766846e-02
-7.699336111545562744e-02
-7.776172459125518799e-02
-1.102400720119476318e-01
-1.494110822677612305e-01
-1.852798908948898315e-01
-2.283684313297271729e-01
-3.030341863632202148e-01
-3.705599308013916016e-01
-4.055516123771667480e-01
-4.341843724250793457e-01
-4.533027708530426025e-01
-4.279975891113281250e-01
-3.172137737274169922e-01
-1.741073280572891235e-01
-5.353150516748428345e-02
8.763828873634338379e-02
2.711512148380279541e-01
4.327481985092163086e-01
5.285851359367370605e-01
5.499164462089538574e-01
5.589069724082946777e-01
5.151939988136291504e-01
4.109468162059783936e-01
2.769257724285125732e-01
1.248458623886108398e-01
-1.233640871942043304e-02
-1.325637251138687134e-01
-2.180764377117156982e-01
-2.505200505256652832e-01
-2.617873251438140869e-01
-2.348932027816772461e-01
-1.759368330240249634e-01
-9.837816655635833740e-02
-5.836842581629753113e-03
4.421872645616531372e-02
7.931013405323028564e-02
1.073313653469085693e-01
1.237770318984985352e-01
1.114477962255477905e-01
6.050294265151023865e-02
2.365157566964626312e-02
1.456099096685647964e-02
3.403839655220508575e-03
-2.551043638959527016e-03
7.859735749661922455e-03
4.817649349570274353e-02
9.278241544961929321e-02
1.221082508563995361e-01
1.545033901929855347e-01
1.782101392745971680e-01
1.763543337583541870e-01
1.526432931423187256e-01
1.200409680604934692e-01
8.382666856050491333e-02
3.391309827566146851e-02
-2.038738504052162170e-02
-5.858187004923820496e-02
-6.904935836791992188e-02
-7.566566765308380127e-02
-8.613963425159454346e-02
-9.613903611898422241e-02
-8.716670423746109009e-02
-7.973197102546691895e-02
-1.075363159179687500e-01
-1.517193913459777832e-01
-1.908873468637466431e-01
-2.394070625305175781e-01
-3.060138225555419922e-01
-3.746353387832641602e-01
-4.224294126033782959e-01
-4.533082544803619385e-01
-4.695712029933929443e-01
-4.075616002082824707e-01
-2.890772521495819092e-01
-1.536255627870559692e-01
-2.037212252616882324e-02
1.459985077381134033e-01
3.407342731952667236e-01
4.871314764022827148e-01
5.557814836502075195e-01
5.874304771423339844e-01
5.785207748413085938e-01
5.174401998519897461e-01
3.914998769760131836e-01
2.366335391998291016e-01
8.948993682861328125e-02
-5.746760219335556030e-02
-1.710103154182434082e-01
-2.435682117938995361e-01
-2.662294507026672363e-01
-2.558695077896118164e-01
-2.190848588943481445e-01
-1.464691013097763062e-01
-5.475626140832901001e-02
1.378993317484855652e-02
5.375938117504119873e-02
8.020938932895660400e-02
1.096522957086563110e-01
1.080370470881462097e-01
6.864746659994125366e-02
2.771371975541114807e-02
1.197918504476547241e-02
7.052449509501457214e-03
-2.167235128581523895e-03
6.588012445718050003e-03
4.417715966701507568e-02
9.410527348518371582e-02
1.324839442968368530e-01
1.590940356254577637e-01
1.849151551723480225e-01
1.926376074552536011e-01
1.699958741664886475e-01
1.296596080064773560e-01
8.694174140691757202e-02
4.382769390940666199e-02
-1.373228244483470917e-02
-6.260406970977783203e-02
-8.122953027486801147e-02
-8.586899936199188232e-02
-9.205275774002075195e-02
-9.732149541378021240e-02
-8.786419034004211426e-02
-7.055188715457916260e-02
-9.127066284418106079e-02
-1.331355422735214233e-01
-1.791408061981201172e-01
-2.311782985925674438e-01
-3.014515340328216553e-01
-3.826496005058288574e-01
-4.463713169097900391e-01
-4.904708266258239746e-01
-5.065671801567077637e-01
-4.456449747085571289e-01
-3.289611935615539551e-01
-1.895042955875396729e-01
-3.690586239099502563e-02
1.407346725463867188e-01
3.494538664817810059e-01
5.060113668441772461e-01
5.927042365074157715e-01
6.227613687515258789e-01
6.137261390686035156e-01
5.520720481872558594e-01
4.178622066974639893e-01
2.478673458099365234e-01
8.483003079891204834e-02
-6.676828861236572266e-02
-1.852029263973236084e-01
-2.659685313701629639e-01
-2.923733592033386230e-01
-2.739785015583038330e-01
-2.287768274545669556e-01
-1.497346311807632446e-01
-5.585070699453353882e-02
2.593714557588100433e-02
6.867504119873046875e-02
9.051968902349472046e-02
1.110221073031425476e-01
1.108570322394371033e-01
7.150641083717346191e-02
2.068045735359191895e-02
-5.909305531531572342e-03
-7.755391765385866165e-03
-3.956352360546588898e-03
8.241820149123668671e-03
4.023481160402297974e-02
9.393250942230224609e-02
1.415756940841674805e-01
1.732578277587890625e-01
1.908252388238906860e-01
1.935311704874038696e-01
1.752822697162628174e-01
1.323031187057495117e-01
8.717732131481170654e-02
4.126019403338432312e-02
-1.148121617734432220e-02
-5.690473690629005432e-02
-7.844076305627822876e-02
-7.612711191177368164e-02
-7.874773442745208740e-02
-8.964676409959793091e-02
-9.220580756664276123e-02
-8.841875940561294556e-02
-1.102217882871627808e-01
-1.620272099971771240e-01
-2.248709797859191895e-01
-2.798828184604644775e-01
-3.472297787666320801e-01
-4.216504991054534912e-01
-4.807555079460144043e-01
-5.118778944015502930e-01
-4.960547089576721191e-01
-4.231461286544799805e-01
-2.939340174198150635e-01
-1.443923413753509521e-01
1.805308274924755096e-02
2.051186114549636841e-01
3.987730145454406738e-01
5.427471399307250977e-01
6.167689561843872070e-01
6.297043561935424805e-01
6.080173850059509277e-01
5.267403721809387207e-01
3.882732391357421875e-01
2.199457287788391113e-01
5.453895032405853271e-02
-8.534499257802963257e-02
-1.961570829153060913e-01
-2.640930414199829102e-01
-2.830716669559478760e-01
-2.661230862140655518e-01
-2.124983370304107666e-01
-1.362271159887313843e-01
-5.059405416250228882e-02
2.266960032284259796e-02
5.985085666179656982e-02
8.423095941543579102e-02
9.443415701389312744e-02
8.933499455451965332e-02
5.410892516374588013e-02
1.309377700090408325e-02
-7.522352505475282669e-03
-8.586794137954711914e-03
-2.924196422100067139e-03
1.557902619242668152e-02
5.165693908929824829e-02
1.020657420158386230e-01
1.479715257883071899e-01
1.789953410625457764e-01
1.945024281740188599e-01
1.954386234283447266e-01
1.763191372156143188e-01
1.397449672222137451e-01
9.314932674169540405e-02
4.394711181521415710e-02
-6.764979101717472076e-03
-4.959432780742645264e-02
-7.045285403728485107e-02
-8.055073767900466919e-02
-9.354349225759506226e-02
-1.090679466724395752e-01
-1.155941411852836609e-01
-1.269640028476715088e-01
-1.552269458770751953e-01
-2.114877998828887939e-01
-2.682842016220092773e-01
-3.278481364250183105e-01
-3.880295157432556152e-01
-4.489298760890960693e-01
-5.000571608543395996e-01
-5.069774389266967773e-01
-4.553847312927246094e-01
-3.489078879356384277e-01
-2.102102935314178467e-01
-5.807433649897575378e-02
1.262008547782897949e-01
3.251117169857025146e-01
4.924473166465759277e-01
6.036652326583862305e-01
6.402034163475036621e-01
6.346337795257568359e-01
5.768976211547851562e-01
4.588543474674224854e-01
3.014520108699798584e-01
1.215550601482391357e-01
-3.521388396620750427e-02
-1.597476601600646973e-01
-2.531892955303192139e-01
-2.870601415634155273e-01
-2.903225719928741455e-01
-2.453379184007644653e-01
-1.754406392574310303e-01
-9.016308188438415527e-02
2.970797941088676453e-03
5.432585626840591431e-02
8.676173537969589233e-02
1.063046753406524658e-01
1.093199849128723145e-01
8.531273156404495239e-02
3.454583883285522461e-02
-9.629572741687297821e-04
-1.209585927426815033e-02
-1.515940204262733459e-02
-2.370599657297134399e-03
1.751438900828361511e-02
6.301268190145492554e-02
1.169104799628257751e-01
1.572936028242111206e-01
1.812300980091094971e-01
1.902248710393905640e-01
1.824921369552612305e-01
1.565562039613723755e-01
1.158492863178253174e-01
7.269732654094696045e-02
2.230140753090381622e-02
-2.513957209885120392e-02
-5.916016921401023865e-02
-7.024329900741577148e-02
-7.760740816593170166e-02
-9.890890121459960938e-02
-1.184476539492607117e-01
-1.306090950965881348e-01
-1.480838507413864136e-01
-2.002178132534027100e-01
-2.635156810283660889e-01
-3.235398828983306885e-01
-3.809512853622436523e-01
-4.411753416061401367e-01
-4.974228143692016602e-01
-5.246264934539794922e-01
-4.757701158523559570e-01
-3.699078559875488281e-01
-2.372546494007110596e-01
-9.770406037569046021e-02
7.968565076589584351e-02
2.890644371509552002e-01
4.726666808128356934e-01
5.900266170501708984e-01
6.390060782432556152e-01
6.408430337905883789e-01
6.008180379867553711e-01
4.972274303436279297e-01
3.394678831100463867e-01
1.681576520204544067e-01
2.132100984454154968e-03
-1.279673278331756592e-01
-2.273788154125213623e-01
-2.734689712524414062e-01
-2.798165380954742432e-01
-2.456379532814025879e-01
-1.777540892362594604e-01
-8.859769254922866821e-02
3.074141219258308411e-03
6.209496408700942993e-02
9.126154333353042603e-02
1.133599430322647095e-01
1.170074939727783203e-01
8.459170162677764893e-02
2.870695851743221283e-02
-1.071019098162651062e-02
-2.853503264486789703e-02
-3.756674006581306458e-02
-3.541529551148414612e-02
-1.185488607734441757e-02
3.705585747957229614e-02
9.292592853307723999e-02
1.378647685050964355e-01
1.696389913558959961e-01
1.942240893840789795e-01
1.927575170993804932e-01
1.713259518146514893e-01
1.342145204544067383e-01
9.551218897104263306e-02
4.511500895023345947e-02
-5.191843491047620773e-03
-4.148612171411514282e-02
-5.969928950071334839e-02
-7.420017570257186890e-02
-9.845638275146484375e-02
-1.169812157750129700e-01
-1.291223615407943726e-01
-1.508416235446929932e-01
-1.993636786937713623e-01
-2.605495750904083252e-01
-3.182055652141571045e-01
-3.790864348411560059e-01
-4.438627362251281738e-01
-5.058133006095886230e-01
-5.285005569458007812e-01
-4.756079912185668945e-01
-3.689008355140686035e-01
-2.417076379060745239e-01
-9.930156171321868896e-02
8.390908688306808472e-02
2.935189306735992432e-01
4.727371037006378174e-01
5.776565074920654297e-01
6.272537708282470703e-01
6.317441463470458984e-01
5.921263694763183594e-01
4.785963892936706543e-01
3.204980492591857910e-01
1.605072468519210815e-01
6.865847855806350708e-03
-1.171800494194030762e-01
-2.091598212718963623e-01
-2.464924007654190063e-01
-2.442317157983779907e-01
-2.115256041288375854e-01
-1.445039659738540649e-01
-5.674389749765396118e-02
2.333536930382251740e-02
6.537033617496490479e-02
8.680727332830429077e-02
1.067790463566780090e-01
9.996651858091354370e-02
5.825217068195343018e-02
4.256851971149444580e-03
-2.956304326653480530e-02
-4.377887398004531860e-02
-4.852115362882614136e-02
-4.028970003128051758e-02
-9.085824713110923767e-03
4.287736862897872925e-02
9.660804271697998047e-02
1.337202489376068115e-01
1.655423641204833984e-01
1.841778904199600220e-01
1.756537705659866333e-01
1.465855538845062256e-01
1.115207523107528687e-01
7.723441720008850098e-02
3.140050172805786133e-02
-1.428581029176712036e-02
-3.822078555822372437e-02
-4.554935544729232788e-02
-5.947406962513923645e-02
-8.390693366527557373e-02
-9.948891401290893555e-02
-1.133292466402053833e-01
-1.475823223590850830e-01
-2.065642923116683960e-01
-2.721923291683197021e-01
-3.373869955539703369e-01
-4.092812538146972656e-01
-4.774589538574218750e-01
-5.341315269470214844e-01
-5.295808315277099609e-01
-4.557580351829528809e-01
-3.424045145511627197e-01
-2.111618071794509888e-01
-5.288195982575416565e-02
1.515592485666275024e-01
3.553111553192138672e-01
5.055221915245056152e-01
5.905883908271789551e-01
6.307743787765502930e-01
6.228666305541992188e-01
5.544332861900329590e-01
4.215523004531860352e-01
2.671803236007690430e-01
1.111443191766738892e-01
-3.415216505527496338e-02
-1.448402553796768188e-01
-2.158946841955184937e-01
-2.322013974189758301e-01
-2.202273011207580566e-01
-1.757826656103134155e-01
-1.027048677206039429e-01
-1.520650833845138550e-02
4.866500943899154663e-02
7.665120065212249756e-02
9.351865947246551514e-02
1.026600822806358337e-01
8.294047415256500244e-02
3.374272584915161133e-02
-1.569573022425174713e-02
-4.140310734510421753e-02
-5.066195502877235413e-02
-5.317129939794540405e-02
-3.591271489858627319e-02
5.190248601138591766e-03
6.075202673673629761e-02
1.046226993203163147e-01
1.383612155914306641e-01
1.696170568466186523e-01
1.789883822202682495e-01
1.632463932037353516e-01
1.319565773010253906e-01
9.572385996580123901e-02
6.110883876681327820e-02
1.204569637775421143e-02
-2.767575718462467194e-02
-4.958065599203109741e-02
-6.108172237873077393e-02
-7.964241504669189453e-02
-1.036348417401313782e-01
-1.189598590135574341e-01
-1.361136734485626221e-01
-1.769541800022125244e-01
-2.413776367902755737e-01
-3.054096102714538574e-01
-3.719280958175659180e-01
-4.355697035789489746e-01
-5.040453672409057617e-01
-5.315628647804260254e-01
-4.825211763381958008e-01
-3.889426589012145996e-01
-2.669301629066467285e-01
-1.262561082839965820e-01
6.568328291177749634e-02
2.769445180892944336e-01
4.508887231349945068e-01
5.586622357368469238e-01
6.140226125717163086e-01
6.259596943855285645e-01
5.852301716804504395e-01
4.747530221939086914e-01
3.215087652206420898e-01
1.636723279953002930e-01
1.142033375799655914e-02
-1.070872247219085693e-01
-1.938342899084091187e-01
-2.271984219551086426e-01
-2.270721793174743652e-01
-1.911793649196624756e-01
-1.234536617994308472e-01
-3.572006523609161377e-02
3.875555098056793213e-02
7.119772583246231079e-02
8.970747888088226318e-02
1.001137346029281616e-01
9.408880770206451416e-02
4.879861325025558472e-02
-1.067284215241670609e-02
-4.795969277620315552e-02
-6.162500381469726562e-02
-5.956987291574478149e-02
-4.969228059053421021e-02
-1.708624139428138733e-02
3.811801970005035400e-02
9.483440220355987549e-02
1.391514241695404053e-01
1.732564270496368408e-01
1.878523081541061401e-01
1.765277087688446045e-01
1.463815122842788696e-01
1.112089306116104126e-01
7.391214370727539062e-02
2.334185689687728882e-02
-2.736064046621322632e-02
-5.604480579495429993e-02
-6.544273346662521362e-02
-7.990620285272598267e-02
-1.081554144620895386e-01
-1.270255744457244873e-01
-1.407725960016250610e-01
-1.684347689151763916e-01
-2.302233278751373291e-01
-2.979604303836822510e-01
-3.613983690738677979e-01
-4.272582828998565674e-01
-4.878913462162017822e-01
-5.232138633728027344e-01
-4.835650026798248291e-01
-3.933593332767486572e-01
-2.798759937286376953e-01
-1.355267912149429321e-01
5.134111642837524414e-02
2.586690783500671387e-01
4.336495697498321533e-01
5.404865741729736328e-01
6.107672452926635742e-01
6.266466975212097168e-01
5.825938582420349121e-01
4.763391613960266113e-01
3.242461681365966797e-01
1.748867928981781006e-01
2.063364721834659576e-02
-1.086157709360122681e-01
-1.912859678268432617e-01
-2.322686612606048584e-01
-2.272966206073760986e-01
-1.943660229444503784e-01
-1.288774907588958740e-01
-3.784791380167007446e-02
3.198733925819396973e-02
7.535621523857116699e-02
9.580472111701965332e-02
1.051954478025436401e-01
9.609112888574600220e-02
4.672956466674804688e-02
-7.192791905254125595e-03
-4.344863444566726685e-02
-6.278730928897857666e-02
-6.823266297578811646e-02
-6.259600818157196045e-02
-2.554367482662200928e-02
3.276469558477401733e-02
9.125526249408721924e-02
1.372628659009933472e-01
1.738177537918090820e-01
1.953529417514801025e-01
1.943809390068054199e-01
1.683692187070846558e-01
1.312793344259262085e-01
8.510527759790420532e-02
3.181054070591926575e-02
-1.790060289204120636e-02
-5.220264196395874023e-02
-7.459552586078643799e-02
-9.765070676803588867e-02
-1.231104508042335510e-01
-1.404974162578582764e-01
-1.562752425670623779e-01
-1.868064999580383301e-01
-2.430059164762496948e-01
-3.026161193847656250e-01
-3.610514104366302490e-01
-4.211484789848327637e-01
-4.826783537864685059e-01
-5.094372630119323730e-01
-4.626407623291015625e-01
-3.711413145065307617e-01
-2.568175792694091797e-01
-1.227343752980232239e-01
6.725661456584930420e-02
2.695333957672119141e-01
4.356400072574615479e-01
5.381442308425903320e-01
5.969358682632446289e-01
6.098513603210449219e-01
5.649553537368774414e-01
4.575198292732238770e-01
3.096378147602081299e-01
1.498157829046249390e-01
4.480469971895217896e-03
-1.095685213804244995e-01
-1.911475062370300293e-01
-2.256968319416046143e-01
-2.254165858030319214e-01
-1.802122294902801514e-01
-1.109059602022171021e-01
-2.589559182524681091e-02
4.717094451189041138e-02
8.441733568906784058e-02
1.012343317270278931e-01
1.029879599809646606e-01
8.738990128040313721e-02
4.273663088679313660e-02
-2.061328105628490448e-02
-5.995192378759384155e-02
-7.743409276008605957e-02
-7.263748347759246826e-02
-5.798123776912689209e-02
-2.169056609272956848e-02
4.009198397397994995e-02
1.013085544109344482e-01
1.563975065946578979e-01
1.894600987434387207e-01
2.102076858282089233e-01
2.025983780622482300e-01
1.706387400627136230e-01
1.319910585880279541e-01
7.900080084800720215e-02
2.509756945073604584e-02
-3.174501284956932068e-02
-6.801886856555938721e-02
-8.748598396778106689e-02
-1.118570119142532349e-01
-1.330258548259735107e-01
-1.487733870744705200e-01
-1.652459800243377686e-01
-1.914528608322143555e-01
-2.468098402023315430e-01
-3.013114929199218750e-01
-3.571240007877349854e-01
-4.221336841583251953e-01
-4.716122150421142578e-01
-4.920985996723175049e-01
-4.390462040901184082e-01
-3.472968935966491699e-01
-2.350967973470687866e-01
-9.132240712642669678e-02
8.782926201820373535e-02
2.815568745136260986e-01
4.406923055648803711e-01
5.364161729812622070e-01
5.889190435409545898e-01
5.894553661346435547e-01
5.395009517669677734e-01
4.359267950057983398e-01
2.890388667583465576e-01
1.348664760589599609e-01
-7.377304136753082275e-03
-1.159182637929916382e-01
-1.863886564970016479e-01
-2.216657251119613647e-01
-2.193488031625747681e-01
-1.745935678482055664e-01
-1.020915508270263672e-01
-1.818452589213848114e-02
4.079500958323478699e-02
7.672373950481414795e-02
9.662367403507232666e-02
9.989712387323379517e-02
7.913750410079956055e-02
3.087518922984600067e-02
-1.883801631629467010e-02
-5.179134011268615723e-02
-6.514738500118255615e-02
-6.289095431566238403e-02
-4.151067882776260376e-02
-6.947119254618883133e-04
5.430778488516807556e-02
1.096433848142623901e-01
1.574155986309051514e-01
1.921687424182891846e-01
2.012526988983154297e-01
1.900840401649475098e-01
1.637063026428222656e-01
1.254760324954986572e-01
7.444408535957336426e-02
1.583414897322654724e-02
-3.257060796022415161e-02
-6.054336950182914734e-02
-8.819042146205902100e-02
-1.136842221021652222e-01
-1.415994465351104736e-01
-1.597931534051895142e-01
-1.782809793949127197e-01
-2.214356809854507446e-01
-2.750584781169891357e-01
-3.318557143211364746e-01
-3.872267305850982666e-01
-4.423151612281799316e-01
-4.836371541023254395e-01
-4.676459431648254395e-01
-3.950884640216827393e-01
-3.028708696365356445e-01
-1.800023913383483887e-01
-2.336375229060649872e-02
1.678561121225357056e-01
3.421519398689270020e-01
4.628075361251831055e-01
5.469516515731811523e-01
5.803416371345520020e-01
5.628237724304199219e-01
4.886524677276611328e-01
3.640959560871124268e-01
2.238122820854187012e-01
7.857706397771835327e-02
-4.460341483354568481e-02
-1.356122344732284546e-01
-1.906475573778152466e-01
-2.063138186931610107e-01
-1.846308410167694092e-01
-1.309378445148468018e-01
-5.441597849130630493e-02
1.265308540314435959e-02
5.448810756206512451e-02
7.865845412015914917e-02
8.942160755395889282e-02
8.147289603948593140e-02
4.196006804704666138e-02
-8.796101436018943787e-03
-4.409000277519226074e-02
-6.241844594478607178e-02
-6.923249363899230957e-02
-5.613511800765991211e-02
-2.125015854835510254e-02
3.430647403001785278e-02
8.669012039899826050e-02
1.331395804882049561e-01
1.751020550727844238e-01
1.999899595975875854e-01
1.988086402416229248e-01
1.731535494327545166e-01
1.398801207542419434e-01
1.030763238668441772e-01
5.363921448588371277e-02
2.616208046674728394e-03
-3.360763192176818848e-02
-5.802118778228759766e-02
-8.085089921951293945e-02
-1.083208322525024414e-01
-1.326547414064407349e-01
-1.560086607933044434e-01
-1.943220794200897217e-01
-2.519085407257080078e-01
-3.118680715560913086e-01
-3.734886050224304199e-01
-4.334146678447723389e-01
-4.892032146453857422e-01
-5.030690431594848633e-01
-4.485020339488983154e-01
-3.560703992843627930e-01
-2.403500974178314209e-01
-1.021977886557579041e-01
7.901304960250854492e-02
2.730238437652587891e-01
4.264244139194488525e-01
5.221375823020935059e-01
5.666549801826477051e-01
5.637249350547790527e-01
5.130984187126159668e-01
4.092148244380950928e-01
2.692242562770843506e-01
1.232335194945335388e-01
-1.023909449577331543e-02
-1.065204367041587830e-01
-1.675086319446563721e-01
-1.887559443712234497e-01
-1.775239408016204834e-01
-1.391584277153015137e-01
-6.965219974517822266e-02
6.394390482455492020e-03
5.975233763456344604e-02
7.931897789239883423e-02
8.142490684986114502e-02
7.518749684095382690e-02
5.328337848186492920e-02
7.456185296177864075e-03
-4.028848558664321899e-02
-7.151857018470764160e-02
-7.748350501060485840e-02
-5.874833464622497559e-02
-2.557470463216304779e-02
1.793785952031612396e-02
7.025083154439926147e-02
1.210540235042572021e-01
1.678383052349090576e-01
1.913935244083404541e-01
1.910716593265533447e-01
1.721840053796768188e-01
1.348221898078918457e-01
9.894967079162597656e-02
5.372227355837821960e-02
9.740874171257019043e-03
-2.990115061402320862e-02
-5.543639883399009705e-02
-6.606855243444442749e-02
-7.836991548538208008e-02
-1.012457981705665588e-01
-1.270943731069564819e-01
-1.590884178876876831e-01
-2.034475505352020264e-01
-2.674689292907714844e-01
-3.387107551097869873e-01
-4.086227715015411377e-01
-4.705237746238708496e-01
-5.066621303558349609e-01
-4.799066781997680664e-01
-4.007545709609985352e-01
-2.906018793582916260e-01
-1.566241830587387085e-01
1.129580661654472351e-02
2.066472321748733521e-01
3.755514621734619141e-01
4.897826910018920898e-01
5.479605793952941895e-01
5.596647262573242188e-01
5.219061374664306641e-01
4.307196140289306641e-01
2.955082654953002930e-01
1.555911004543304443e-01
2.054750546813011169e-02
-8.363169431686401367e-02
-1.566962897777557373e-01
-1.786780059337615967e-01
-1.673986315727233887e-01
-1.309100985527038574e-01
-7.351997494697570801e-02
9.715226478874683380e-04
6.611619144678115845e-02
9.029527008533477783e-02
8.882497996091842651e-02
7.364621758460998535e-02
5.421537905931472778e-02
1.275699585676193237e-02
-3.986793756484985352e-02
-7.791137695312500000e-02
-8.436448872089385986e-02
-6.565835326910018921e-02
-3.363373875617980957e-02
7.936461828649044037e-03
6.487266719341278076e-02
1.224920451641082764e-01
1.651500761508941650e-01
1.897607594728469849e-01
1.933870911598205566e-01
1.759729683399200439e-01
1.367176473140716553e-01
8.943721652030944824e-02
4.984489828348159790e-02
6.761743687093257904e-03
-3.104194626212120056e-02
-6.078367307782173157e-02
-6.704772263765335083e-02
-7.267279922962188721e-02
-8.934973180294036865e-02
-1.179494485259056091e-01
-1.471039652824401855e-01
-1.887049973011016846e-01
-2.505738139152526855e-01
-3.262618184089660645e-01
-4.027794599533081055e-01
-4.652003049850463867e-01
-5.033197999000549316e-01
-4.840626418590545654e-01
-4.140633344650268555e-01
-3.020042479038238525e-01
-1.687308549880981445e-01
1.859484240412712097e-03
1.883127242326736450e-01
3.649359047412872314e-01
4.845483899116516113e-01
5.448168516159057617e-01
5.539473295211791992e-01
5.170048475265502930e-01
4.309459328651428223e-01
2.998553514480590820e-01
1.518173664808273315e-01
1.635823398828506470e-02
-8.675278723239898682e-02
-1.551216989755630493e-01
-1.733057349920272827e-01
-1.658279895782470703e-01
-1.255550980567932129e-01
-6.711978465318679810e-02
7.826551795005798340e-03
7.131209969520568848e-02
9.286678582429885864e-02
8.756267279386520386e-02
6.592329591512680054e-02
3.867966681718826294e-02
1.493625342845916748e-03
-4.957760125398635864e-02
-8.412390947341918945e-02
-9.351360052824020386e-02
-6.849418580532073975e-02
-2.475345879793167114e-02
2.235570549964904785e-02
7.903397828340530396e-02
1.322973072528839111e-01
1.756249070167541504e-01
1.995375007390975952e-01
1.952211707830429077e-01
1.718001514673233032e-01
1.306453049182891846e-01
8.318492770195007324e-02
4.690176248550415039e-02
5.213768221437931061e-03
-2.476210333406925201e-02
-5.179544910788536072e-02
-5.996672064065933228e-02
-5.720930546522140503e-02
-6.942967325448989868e-02
-9.690842032432556152e-02
-1.343294829130172729e-01
-1.848977208137512207e-01
-2.464480102062225342e-01
-3.266815245151519775e-01
-4.090467393398284912e-01
-4.767205715179443359e-01
-5.250345468521118164e-01
-5.026191473007202148e-01
-4.263703823089599609e-01
-3.097610473632812500e-01
-1.723675280809402466e-01
-5.782695487141609192e-03
1.887195557355880737e-01
3.639838695526123047e-01
4.805683195590972900e-01
5.371047258377075195e-01
5.421428084373474121e-01
5.023646354675292969e-01
4.178817272186279297e-01
2.873950302600860596e-01
1.490309089422225952e-01
2.044791355729103088e-02
-7.318468391895294189e-02
-1.299778223037719727e-01
-1.445441991090774536e-01
-1.218200251460075378e-01
-8.546070009469985962e-02
-3.224169462919235229e-02
2.799033932387828827e-02
8.447726070880889893e-02
9.519737958908081055e-02
7.044966518878936768e-02
3.757557645440101624e-02
4.119143821299076080e-03
-3.289360553026199341e-02
-8.240351080894470215e-02
-1.080195307731628418e-01
-1.060632318258285522e-01
-7.078741490840911865e-02
-1.980985328555107117e-02
3.854591771960258484e-02
9.629479050636291504e-02
1.471340358257293701e-01
1.815389841794967651e-01
1.962175667285919189e-01
1.867147535085678101e-01
1.566720753908157349e-01
1.096304208040237427e-01
5.839593708515167236e-02
2.843440137803554535e-02
8.754383306950330734e-04
-1.380386948585510254e-02
-3.173229470849037170e-02
-3.031770512461662292e-02
-2.351602539420127869e-02
-3.487287461757659912e-02
-6.266562640666961670e-02
-1.091597303748130798e-01
-1.689750254154205322e-01
-2.462502717971801758e-01
-3.346876800060272217e-01
-4.258670806884765625e-01
-4.969098269939422607e-01
-5.424896478652954102e-01
-5.129227042198181152e-01
-4.281927049160003662e-01
-3.063961863517761230e-01
-1.582739949226379395e-01
1.001136377453804016e-02
2.032130360603332520e-01
3.700280189514160156e-01
4.743272662162780762e-01
5.173160433769226074e-01
5.069708824157714844e-01
4.576028585433959961e-01
3.692662119865417480e-01
2.406273037195205688e-01
1.168391555547714233e-01
2.419060096144676208e-03
-6.940133869647979736e-02
-1.079989597201347351e-01
-1.031349897384643555e-01
-7.226252555847167969e-02
-3.444163501262664795e-02
1.322680711746215820e-02
5.581128597259521484e-02
9.429503977298736572e-02
8.766259253025054932e-02
5.370368808507919312e-02
7.977668195962905884e-03
-2.882020175457000732e-02
-6.140313297510147095e-02
-9.762907773256301880e-02
-1.093505322933197021e-01
-9.401039034128189087e-02
-4.984950274229049683e-02
2.695998176932334900e-03
5.897525325417518616e-02
1.127223968505859375e-01
1.536508947610855103e-01
1.740192174911499023e-01
1.764862537384033203e-01
1.613005995750427246e-01
1.273944824934005737e-01
8.809234946966171265e-02
4.533010721206665039e-02
2.456639148294925690e-02
6.428948603570461273e-03
8.772462606430053711e-04
-3.179161576554179192e-03
-3.151263343170285225e-03
-8.627573261037468910e-04
-2.064622938632965088e-02
-5.795840173959732056e-02
-1.099492013454437256e-01
-1.790602803230285645e-01
-2.634741663932800293e-01
-3.538672626018524170e-01
-4.361418485641479492e-01
-4.969945847988128662e-01
-5.407344102859497070e-01
-5.073641538619995117e-01
-4.118266105651855469e-01
-2.833543121814727783e-01
-1.411911547183990479e-01
2.020424604415893555e-02
2.054496705532073975e-01
3.617002665996551514e-01
4.540402293205261230e-01
4.888082742691040039e-01
4.771617352962493896e-01
4.252739548683166504e-01
3.383008837699890137e-01
2.226164937019348145e-01
1.109120100736618042e-01
1.162285171449184418e-02
-5.353925749659538269e-02
-8.707369863986968994e-02
-7.783469557762145996e-02
-4.760579019784927368e-02
-1.728013344109058380e-02
1.714823022484779358e-02
4.748135060071945190e-02
7.697944343090057373e-02
6.399509310722351074e-02
2.341852709650993347e-02
-1.666177809238433838e-02
-4.998914152383804321e-02
-7.070946693420410156e-02
-9.351567178964614868e-02
-9.389111399650573730e-02
-6.902866065502166748e-02
-2.451263368129730225e-02
3.304018080234527588e-02
8.481609821319580078e-02
1.250403225421905518e-01
1.527936011552810669e-01
1.601907312870025635e-01
1.559138596057891846e-01
1.380422413349151611e-01
1.064729243516921997e-01
7.395348697900772095e-02
3.971461206674575806e-02
2.996836788952350616e-02
2.406326681375503540e-02
2.493788488209247589e-02
2.207618579268455505e-02
1.736888289451599121e-02
9.225497022271156311e-03
-2.021125517785549164e-02
-6.854039430618286133e-02
-1.308945417404174805e-01
-2.072519063949584961e-01
-2.923209369182586670e-01
-3.753911852836608887e-01
-4.507497251033782959e-01
-4.990051388740539551e-01
-5.269956588745117188e-01
-4.817744195461273193e-01
-3.772448301315307617e-01
-2.470033764839172363e-01
-1.062081307172775269e-01
4.054597765207290649e-02
2.031864523887634277e-01
3.422977328300476074e-01
4.198094308376312256e-01
4.450864195823669434e-01
4.250789582729339600e-01
3.754150271415710449e-01
3.035482466220855713e-01
2.067683339118957520e-01
1.179918497800827026e-01
3.588165342807769775e-02
-1.740633137524127960e-02
-4.427758231759071350e-02
-3.656452894210815430e-02
-1.039565913379192352e-02
5.393382161855697632e-03
1.836293563246726990e-02
2.843700721859931946e-02
4.426485300064086914e-02
2.723678946495056152e-02
-1.182525977492332458e-02
-4.679758101701736450e-02
-6.714417040348052979e-02
-7.227625697851181030e-02
-7.573597133159637451e-02
-5.789030715823173523e-02
-2.927562035620212555e-02
1.012188941240310669e-02
5.157953873276710510e-02
9.365695714950561523e-02
1.242273002862930298e-01
1.383421570062637329e-01
1.315357983112335205e-01
1.181569099426269531e-01
1.068121418356895447e-01
9.119128435850143433e-02
7.289458811283111572e-02
5.003087222576141357e-02
5.048946291208267212e-02
5.368623882532119751e-02
5.550514906644821167e-02
4.256925359368324280e-02
2.477989159524440765e-02
2.750080078840255737e-03
-3.703293949365615845e-02
-9.334582090377807617e-02
-1.585067212581634521e-01
-2.297938913106918335e-01
-3.031095862388610840e-01
-3.750491738319396973e-01
-4.375686943531036377e-01
-4.788114726543426514e-01
-4.951113164424896240e-01
-4.460349678993225098e-01
-3.494450449943542480e-01
-2.273018509149551392e-01
-9.782995283603668213e-02
4.018176347017288208e-02
1.894811242818832397e-01
3.167293965816497803e-01
3.873832523822784424e-01
4.088198542594909668e-01
3.881121277809143066e-01
3.454791605472564697e-01
2.889867424964904785e-01
2.072446942329406738e-01
1.353377103805541992e-01
6.505313515663146973e-02
2.023529820144176483e-02
-2.234358107671141624e-03
-1.674578525125980377e-03
1.419095881283283234e-02
1.327929552644491196e-02
8.415134623646736145e-03
4.450921551324427128e-04
3.799248952418565750e-03
-1.208053529262542725e-02
-4.342226311564445496e-02
-6.725254654884338379e-02
-7.717311382293701172e-02
-6.748970597982406616e-02
-5.486856400966644287e-02
-2.598469331860542297e-02
3.708485746756196022e-03
3.442631661891937256e-02
6.288541108369827271e-02
9.030205011367797852e-02
1.106439903378486633e-01
1.151083409786224365e-01
1.061769574880599976e-01
9.159161150455474854e-02
8.803543448448181152e-02
8.636328577995300293e-02
8.740215748548507690e-02
7.770292460918426514e-02
8.064682036638259888e-02
8.391350507736206055e-02
8.368894457817077637e-02
6.577181816101074219e-02
3.362714499235153198e-02
-4.467217251658439636e-03
-5.800700187683105469e-02
-1.192107051610946655e-01
-1.823771297931671143e-01
-2.447756826877593994e-01
-3.070993721485137939e-01
-3.642357289791107178e-01
-4.135143756866455078e-01
-4.414813518524169922e-01
-4.602409601211547852e-01
-4.183078408241271973e-01
-3.354911506175994873e-01
-2.293603420257568359e-01
-1.110901311039924622e-01
9.527446702122688293e-03
1.424264907836914062e-01
2.663970887660980225e-01
3.454422950744628906e-01
3.844211101531982422e-01
3.792352080345153809e-01
3.417841494083404541e-01
3.016427159309387207e-01
2.275749146938323975e-01
1.659406125545501709e-01
1.009207665920257568e-01
4.932452738285064697e-02
1.375412475317716599e-02
-1.394957769662141800e-03
8.868392556905746460e-03
7.757687009871006012e-03
6.940069724805653095e-04
-1.376160234212875366e-02
-1.358909066766500473e-02
-2.278319373726844788e-02
-4.629287868738174438e-02
-6.434769183397293091e-02
-7.289259135723114014e-02
-6.468411535024642944e-02
-4.950904473662376404e-02
-2.358957938849925995e-02
8.232885971665382385e-03
3.938456997275352478e-02
6.294659525156021118e-02
7.907095551490783691e-02
9.672187268733978271e-02
1.082878708839416504e-01
1.099123880267143250e-01
9.680765122175216675e-02
9.166838228702545166e-02
9.377802908420562744e-02
1.029256209731101990e-01
1.011747345328330994e-01
9.606704115867614746e-02
9.117427468299865723e-02
7.918609678745269775e-02
6.071994081139564514e-02
2.148988284170627594e-02
-2.128583565354347229e-02
-7.289206981658935547e-02
-1.310928165912628174e-01
-1.886857002973556519e-01
-2.401117980480194092e-01
-2.877511084079742432e-01
-3.299488127231597900e-01
-3.797027766704559326e-01
-4.146129488945007324e-01
-4.380823969841003418e-01
-4.129844605922698975e-01
-3.349734544754028320e-01
-2.412532120943069458e-01
-1.263301968574523926e-01
-8.090199902653694153e-03
1.233161315321922302e-01
2.452678680419921875e-01
3.310390710830688477e-01
3.702123761177062988e-01
3.679209649562835693e-01
3.273580968379974365e-01
2.803819477558135986e-01
2.279647141695022583e-01
1.744092702865600586e-01
1.232388094067573547e-01
7.787650078535079956e-02
4.541242867708206177e-02
3.007045760750770569e-02
3.476992249488830566e-02
2.211858332157135010e-02
2.063342137262225151e-03
-3.290583193302154541e-02
-5.274534970521926880e-02
-5.541957169771194458e-02
-7.447205483913421631e-02
-7.982685416936874390e-02
-7.895729690790176392e-02
-6.454081833362579346e-02
-3.438765183091163635e-02
-5.267963279038667679e-03
2.637548930943012238e-02
4.917351901531219482e-02
5.824810266494750977e-02
6.543866544961929321e-02
7.129307836294174194e-02
8.276633918285369873e-02
9.313329309225082397e-02
9.307636320590972900e-02
9.976169466972351074e-02
1.075867265462875366e-01
1.291754692792892456e-01
1.351919621229171753e-01
1.278421580791473389e-01
1.088933572173118591e-01
7.916619628667831421e-02
4.961543902754783630e-02
3.020606003701686859e-03
-3.893873840570449829e-02
-8.576675504446029663e-02
-1.316889375448226929e-01
-1.735023856163024902e-01
-2.070245295763015747e-01
-2.432925701141357422e-01
-2.775591015815734863e-01
-3.279896378517150879e-01
-3.801925182342529297e-01
-4.321569204330444336e-01
-4.492850899696350098e-01
-3.878193199634552002e-01
-3.019185662269592285e-01
-1.883790940046310425e-01
-6.873557716608047485e-02
6.781404465436935425e-02
2.136783450841903687e-01
3.190684616565704346e-01
3.714054226875305176e-01
3.734781742095947266e-01
3.319558501243591309e-01
2.815790176391601562e-01
2.257876396179199219e-01
1.732705980539321899e-01
1.366508305072784424e-01
1.045866906642913818e-01
8.519320189952850342e-02
6.529200822114944458e-02
6.352418661117553711e-02
5.349457636475563049e-02
2.341094799339771271e-02
-2.566095255315303802e-02
-7.460969686508178711e-02
-9.001833945512771606e-02
-1.053656339645385742e-01
-1.040392592549324036e-01
-9.256176650524139404e-02
-6.749477237462997437e-02
-2.772011980414390564e-02
2.583261579275131226e-03
3.401063010096549988e-02
5.588361620903015137e-02
6.449300795793533325e-02
5.938967317342758179e-02
5.116728693246841431e-02
5.486327409744262695e-02
7.845203578472137451e-02
8.963895589113235474e-02
1.053506955504417419e-01
1.173393949866294861e-01
1.330202966928482056e-01
1.492778360843658447e-01
1.349119693040847778e-01
1.141019389033317566e-01
7.627817243337631226e-02
4.268348217010498047e-02
1.894241198897361755e-03
-3.827106207609176636e-02
-7.156725227832794189e-02
-1.019799262285232544e-01
-1.370337307453155518e-01
-1.716029942035675049e-01
-2.163230925798416138e-01
-2.567570209503173828e-01
-3.111273944377899170e-01
-3.727141916751861572e-01
-4.359282255172729492e-01
-4.799352586269378662e-01
-4.347348213195800781e-01
-3.412289023399353027e-01
-2.143715322017669678e-01
-8.994990587234497070e-02
4.340777918696403503e-02
1.825196444988250732e-01
2.987987399101257324e-01
3.503785729408264160e-01
3.539487421512603760e-01
3.104310631752014160e-01
2.578503489494323730e-01
2.184127271175384521e-01
1.725880950689315796e-01
1.566934734582901001e-01
1.387231051921844482e-01
1.323133409023284912e-01
1.088073998689651489e-01
8.302013576030731201e-02
6.611566245555877686e-02
2.779020741581916809e-02
-2.787249535322189331e-02
-9.418546408414840698e-02
-1.206819117069244385e-01
-1.174854189157485962e-01
-1.033724397420883179e-01
-7.510054111480712891e-02
-5.219146609306335449e-02
-1.018911786377429962e-02
1.707509718835353851e-02
3.234618529677391052e-02
3.746113181114196777e-02
3.212340921163558960e-02
3.396216779947280884e-02
3.187329322099685669e-02
3.786235302686691284e-02
6.688050180673599243e-02
1.080347746610641479e-01
1.368208825588226318e-01
1.553303599357604980e-01
1.522222161293029785e-01
1.547626405954360962e-01
1.347078979015350342e-01
1.014552190899848938e-01
6.197039783000946045e-02
2.370349690318107605e-02
-1.449605682864785194e-03
-2.674871683120727539e-02
-4.944092780351638794e-02
-7.543186843395233154e-02
-1.011381596326828003e-01
-1.342910528182983398e-01
-1.872437000274658203e-01
-2.489948719739913940e-01
-3.003818392753601074e-01
-3.655502796173095703e-01
-4.243329167366027832e-01
-4.799597561359405518e-01
-4.655603170394897461e-01
-3.669712543487548828e-01
-2.404132634401321411e-01
-1.062243282794952393e-01
9.099893271923065186e-03
1.269379556179046631e-01
2.460741996765136719e-01
3.071421980857849121e-01
3.155343234539031982e-01
2.876895666122436523e-01
2.375948727130889893e-01
2.189550697803497314e-01
1.951266676187515259e-01
1.887690275907516479e-01
1.867648959159851074e-01
1.732934415340423584e-01
1.490228325128555298e-01
9.760531783103942871e-02
5.593864619731903076e-02
1.343181915581226349e-02
-3.686080873012542725e-02
-9.614440798759460449e-02
-1.258368939161300659e-01
-1.139503121376037598e-01
-8.416433632373809814e-02
-4.946330562233924866e-02
-3.420955687761306763e-02
-1.389764435589313507e-02
1.197409699670970440e-03
-1.266923500224947929e-03
-1.784152991604059935e-04
-4.385866923257708549e-04
1.399779878556728363e-02
2.923772856593132019e-02
5.001519620418548584e-02
8.897837996482849121e-02
1.366925090551376343e-01
1.678722500801086426e-01
1.748381406068801880e-01
1.604282855987548828e-01
1.432169973850250244e-01
1.322099864482879639e-01
1.052150875329971313e-01
7.384272664785385132e-02
4.098832607269287109e-02
2.388612553477287292e-02
2.408765023574233055e-03
-2.095872908830642700e-02
-5.286186933517456055e-02
-8.950218558311462402e-02
-1.331281960010528564e-01
-1.944285929203033447e-01
-2.585823237895965576e-01
-3.055409193038940430e-01
-3.524925112724304199e-01
-3.993840217590332031e-01
-4.529315829277038574e-01
-4.673976004123687744e-01
-3.884584903717041016e-01
-2.777488529682159424e-01
-1.467242538928985596e-01
-4.781375452876091003e-02
5.750990658998489380e-02
1.756757497787475586e-01
2.565831243991851807e-01
2.927359640598297119e-01
2.804396748542785645e-01
2.502624988555908203e-01
2.381179779767990112e-01
2.250406444072723389e-01
2.225632667541503906e-01
2.284962087869644165e-01
2.126898616552352905e-01
1.900993883609771729e-01
1.216251477599143982e-01
6.173995882272720337e-02
1.628173142671585083e-02
-3.835428133606910706e-02
-9.002327173948287964e-02
-1.340093314647674561e-01
-1.262247264385223389e-01
-8.263026177883148193e-02
-4.727397114038467407e-02
-3.099068440496921539e-02
-2.706278860569000244e-02
-2.573997527360916138e-02
-2.411242201924324036e-02
-3.290985897183418274e-02
-3.550819307565689087e-02
-1.308786589652299881e-02
2.252892963588237762e-02
6.136050820350646973e-02
1.037277057766914368e-01
1.462408602237701416e-01
1.811682730913162231e-01
1.865966618061065674e-01
1.646329462528228760e-01
1.439661979675292969e-01
1.250905543565750122e-01
1.101263538002967834e-01
9.237529337406158447e-02
6.648283451795578003e-02
5.174477025866508484e-02
3.424270823597908020e-02
1.683324575424194336e-03
-3.921421244740486145e-02
-8.659633249044418335e-02
-1.346898525953292847e-01
-1.817405521869659424e-01
-2.420085370540618896e-01
-2.887561321258544922e-01
-3.175454139709472656e-01
-3.527070879936218262e-01
-3.916891813278198242e-01
-4.441565275192260742e-01
-4.390225708484649658e-01
-3.464535474777221680e-01
-2.247440367937088013e-01
-1.102133840322494507e-01
-1.494034379720687866e-02
8.398506045341491699e-02
1.945880651473999023e-01
2.625566720962524414e-01
2.797980904579162598e-01
2.634951174259185791e-01
2.364320755004882812e-01
2.317069172859191895e-01
2.330258339643478394e-01
2.381554543972015381e-01
2.423722594976425171e-01
2.318211495876312256e-01
1.815608292818069458e-01
1.049888655543327332e-01
3.590008616447448730e-02
-1.670384407043457031e-02
-5.708243325352668762e-02
-1.075247675180435181e-01
-1.242275089025497437e-01
-9.742936491966247559e-02
-5.570989102125167847e-02
-2.512338571250438690e-02
-2.951420098543167114e-02
-4.063973575830459595e-02
-5.278449133038520813e-02
-6.011714041233062744e-02
-6.438476592302322388e-02
-4.271964356303215027e-02
-1.486193388700485229e-03
4.932878538966178894e-02
9.854290634393692017e-02
1.368180513381958008e-01
1.815805882215499878e-01
1.945733726024627686e-01
1.823410391807556152e-01
1.482822597026824951e-01
1.235276758670806885e-01
1.161621585488319397e-01
1.133114770054817200e-01
1.038338094949722290e-01
8.347262442111968994e-02
7.045723497867584229e-02
3.837661445140838623e-02
-1.408490352332592010e-03
-5.496159195899963379e-02
-1.120274066925048828e-01
-1.629960089921951294e-01
-2.159759402275085449e-01
-2.644976079463958740e-01
-2.962273657321929932e-01
-3.289795815944671631e-01
-3.603109121322631836e-01
-4.161278605461120605e-01
-4.614039659500122070e-01
-4.199082851409912109e-01
-3.130775094032287598e-01
-1.815983951091766357e-01
-8.258116990327835083e-02
8.435128256678581238e-04
9.829641878604888916e-02
1.890868544578552246e-01
2.423083037137985229e-01
2.489959597587585449e-01
2.264661639928817749e-01
2.231767624616622925e-01
2.422004938125610352e-01
2.665904164314270020e-01
2.874482274055480957e-01
2.849313616752624512e-01
2.527118921279907227e-01
1.747139990329742432e-01
8.512963354587554932e-02
1.302402280271053314e-02
-3.259313851594924927e-02
-5.838533118367195129e-02
-8.364766836166381836e-02
-7.988326996564865112e-02
-6.292005628347396851e-02
-3.446045517921447754e-02
-4.014619439840316772e-02
-7.160713523626327515e-02
-1.025330275297164917e-01
-1.143937185406684875e-01
-9.887173026800155640e-02
-7.293046265840530396e-02
-2.188616991043090820e-02
3.436737880110740662e-02
8.967836201190948486e-02
1.261578798294067383e-01
1.507233977317810059e-01
1.609472632408142090e-01
1.581155657768249512e-01
1.460399627685546875e-01
1.403576135635375977e-01
1.440890580415725708e-01
1.585276424884796143e-01
1.653276681900024414e-01
1.494183838367462158e-01
1.085112243890762329e-01
6.031765043735504150e-02
1.260402053594589233e-02
-3.867569565773010254e-02
-8.690231293439865112e-02
-1.241350322961807251e-01
-1.563063859939575195e-01
-1.801474243402481079e-01
-2.275853753089904785e-01
-2.741179168224334717e-01
-3.289721608161926270e-01
-3.930777907371520996e-01
-4.530651271343231201e-01
-5.011738538742065430e-01
-4.375941455364227295e-01
-3.105569481849670410e-01
-1.743939667940139771e-01
-8.009172976016998291e-02
-1.069107372313737869e-02
7.317703217267990112e-02
1.486101746559143066e-01
1.942133903503417969e-01
2.035207748413085938e-01
2.009405493736267090e-01
2.319677472114562988e-01
2.830672562122344971e-01
3.230491876602172852e-01
3.326820731163024902e-01
3.158428072929382324e-01
2.655782401561737061e-01
1.729135662317276001e-01
9.674589335918426514e-02
3.950329124927520752e-02
1.772174797952175140e-02
-4.589908290654420853e-03
-2.491657622158527374e-02
-3.062249347567558289e-02
-3.804314509034156799e-02
-4.687183722853660583e-02
-9.685625880956649780e-02
-1.429843157529830933e-01
-1.604171395301818848e-01
-1.378968805074691772e-01
-1.094121932983398438e-01
-8.136908710002899170e-02
-3.108727559447288513e-02
2.167426981031894684e-02
6.369359791278839111e-02
8.318595588207244873e-02
9.409625828266143799e-02
1.162350475788116455e-01
1.444588303565979004e-01
1.640534847974777222e-01
1.826175600290298462e-01
1.947464048862457275e-01
2.082547396421432495e-01
1.995106935501098633e-01
1.613053232431411743e-01
1.129660829901695251e-01
6.786760687828063965e-02
2.776575461030006409e-02
-9.137020446360111237e-03
-4.826950281858444214e-02
-8.360417932271957397e-02
-1.159482523798942566e-01
-1.599816381931304932e-01
-2.192290723323822021e-01
-2.839425802230834961e-01
-3.534769117832183838e-01
-4.110971093177795410e-01
-4.593297243118286133e-01
-4.828505218029022217e-01
-4.301549792289733887e-01
-3.321853876113891602e-01
-2.234985381364822388e-01
-1.471792757511138916e-01
-8.978365361690521240e-02
-1.581297069787979126e-02
5.346595495939254761e-02
1.114843785762786865e-01
1.548947989940643311e-01
1.904040277004241943e-01
2.386176288127899170e-01
3.002581596374511719e-01
3.368020057678222656e-01
3.449228405952453613e-01
3.266367316246032715e-01
2.952093183994293213e-01
2.454977035522460938e-01
1.807662546634674072e-01
1.283689141273498535e-01
9.654670208692550659e-02
7.605688273906707764e-02
5.677886307239532471e-02
2.816093340516090393e-02
-1.963631622493267059e-02
-6.091316789388656616e-02
-1.100092530250549316e-01
-1.371125876903533936e-01
-1.551143229007720947e-01
-1.469922512769699097e-01
-1.317819952964782715e-01
-1.151048094034194946e-01
-8.629904687404632568e-02
-5.960381031036376953e-02
-2.390591613948345184e-02
4.287290386855602264e-03
3.446953371167182922e-02
6.582903116941452026e-02
1.042332500219345093e-01
1.444100737571716309e-01
1.757937520742416382e-01
1.886577308177947998e-01
1.981428861618041992e-01
1.888986229896545410e-01
1.748247295618057251e-01
1.491776406764984131e-01
1.239480972290039062e-01
9.996786713600158691e-02
6.640938669443130493e-02
2.696822583675384521e-02
-1.898989453911781311e-02
-6.527891010046005249e-02
-1.150567978620529175e-01
-1.779099702835083008e-01
-2.448138445615768433e-01
-3.027569651603698730e-01
-3.614802658557891846e-01
-4.034253954887390137e-01
-4.416507780551910400e-01
-4.371265769004821777e-01
-3.850253224372863770e-01
-3.054132461547851562e-01
-2.342246174812316895e-01
-1.878347694873809814e-01
-1.346684694290161133e-01
-6.382960081100463867e-02
5.367882549762725830e-04
5.981069058179855347e-02
1.084957793354988098e-01
1.529582440853118896e-01
2.143378257751464844e-01
2.715928554534912109e-01
3.160867691040039062e-01
3.159010112285614014e-01
3.150468468666076660e-01
3.044852614402770996e-01
2.774859368801116943e-01
2.363868057727813721e-01
2.057261615991592407e-01
1.824188530445098877e-01
1.556199789047241211e-01
1.276881545782089233e-01
8.525401353836059570e-02
2.638223767280578613e-02
-3.477163985371589661e-02
-6.820517778396606445e-02
-9.612019360065460205e-02
-1.166895404458045959e-01
-1.320884823799133301e-01
-1.333934366703033447e-01
-1.334395706653594971e-01
-1.258137673139572144e-01
-1.081568747758865356e-01
-8.280868083238601685e-02
-5.799114704132080078e-02
-2.708945050835609436e-02
9.669240564107894897e-03
4.583272337913513184e-02
7.810889929533004761e-02
1.078542098402976990e-01
1.306220442056655884e-01
1.475555002689361572e-01
1.561397612094879150e-01
1.614430397748947144e-01
1.589503139257431030e-01
1.464002132415771484e-01
1.276445984840393066e-01
9.756197035312652588e-02
5.346591398119926453e-02
6.710151676088571548e-03
-3.415609523653984070e-02
-7.947731018066406250e-02
-1.234194561839103699e-01
-1.811781972646713257e-01
-2.349654436111450195e-01
-2.979693710803985596e-01
-3.441619575023651123e-01
-3.723931610584259033e-01
-3.744475245475769043e-01
-3.353773355484008789e-01
-2.857390642166137695e-01
-2.429344356060028076e-01
-2.076344639062881470e-01
-1.722094565629959106e-01
-1.336135119199752808e-01
-9.887777268886566162e-02
-4.746466502547264099e-02
1.140928827226161957e-02
5.650399252772331238e-02
1.231426149606704712e-01
1.877323389053344727e-01
2.324982881546020508e-01
2.552046477794647217e-01
2.720438838005065918e-01
2.787892222404479980e-01
2.657626271247863770e-01
2.585051059722900391e-01
2.641687393188476562e-01
2.531780898571014404e-01
2.403240203857421875e-01
2.263647466897964478e-01
1.850933879613876343e-01
1.204922050237655640e-01
6.629745662212371826e-02
3.243889287114143372e-02
5.600489675998687744e-04
-2.799410000443458557e-02
-5.111014842987060547e-02
-7.643501460552215576e-02
-1.095363497734069824e-01
-1.239568293094635010e-01
-1.273845285177230835e-01
-1.257004439830780029e-01
-1.239843666553497314e-01
-1.060222759842872620e-01
-8.161289989948272705e-02
-5.272482708096504211e-02
-2.218515798449516296e-02
4.992770031094551086e-03
3.217867761850357056e-02
5.356429517269134521e-02
8.117348700761795044e-02
9.926464408636093140e-02
1.068293377757072449e-01
1.055234745144844055e-01
1.033451557159423828e-01
8.439946174621582031e-02
5.329984799027442932e-02
2.551896125078201294e-02
6.231269333511590958e-03
-1.582486554980278015e-02
-4.954305291175842285e-02
-9.249956905841827393e-02
-1.406590640544891357e-01
-1.910411417484283447e-01
-2.347405254840850830e-01
-2.628186047077178955e-01
-2.618606686592102051e-01
-2.311240136623382568e-01
-2.085095196962356567e-01
-1.988376080989837646e-01
-1.966622769832611084e-01
-1.886379569768905640e-01
-1.831467151641845703e-01
-1.674262434244155884e-01
-1.317194402217864990e-01
-9.621793031692504883e-02
-4.795023053884506226e-02
2.155370824038982391e-02
8.459313213825225830e-02
1.236069574952125549e-01
1.452334821224212646e-01
1.763597577810287476e-01
1.992814838886260986e-01
2.141074538230895996e-01
2.443403005599975586e-01
2.684478163719177246e-01
2.837017476558685303e-01
2.876932024955749512e-01
2.804104685783386230e-01
2.493167817592620850e-01
2.048625797033309937e-01
1.732545197010040283e-01
1.498434394598007202e-01
1.193299964070320129e-01
8.924578130245208740e-02
5.542320013046264648e-02
1.629319973289966583e-02
-2.712846547365188599e-02
-6.055686995387077332e-02
-8.628920465707778931e-02
-1.100360900163650513e-01
-1.160832643508911133e-01
-1.121324822306632996e-01
-1.070331186056137085e-01
-1.082820296287536621e-01
-1.020347625017166138e-01
-8.242139220237731934e-02
-6.801104545593261719e-02
-4.604580998420715332e-02
-2.112303301692008972e-02
3.227252047508955002e-03
2.358841709792613983e-02
3.189267590641975403e-02
3.739599138498306274e-02
2.177703008055686951e-02
1.081033609807491302e-02
1.150420214980840683e-02
1.229910086840391159e-02
9.761844761669635773e-03
-7.791662123054265976e-03
-3.456740081310272217e-02
-6.783685833215713501e-02
-1.069827526807785034e-01
-1.353096514940261841e-01
-1.564295291900634766e-01
-1.492656469345092773e-01
-1.312485486268997192e-01
-1.312208920717239380e-01
-1.426487118005752563e-01
-1.595958471298217773e-01
-1.694636940956115723e-01
-1.825246512889862061e-01
-1.809983849525451660e-01
-1.624650657176971436e-01
-1.411387473344802856e-01
-1.075533255934715271e-01
-5.934589356184005737e-02
-2.225822769105434418e-02
1.686019822955131531e-05
1.905607432126998901e-02
4.985394328832626343e-02
7.818358391523361206e-02
1.055000349879264832e-01
1.484983116388320923e-01
1.883452534675598145e-01
2.189955413341522217e-01
2.431242316961288452e-01
2.513711452484130859e-01
2.408975958824157715e-01
2.269373387098312378e-01
2.240505218505859375e-01
2.216944694519042969e-01
2.084405720233917236e-01
1.946676075458526611e-01
1.732635498046875000e-01
1.430839896202087402e-01
1.088035106658935547e-01
7.892656326293945312e-02
4.712318256497383118e-02
1.755496673285961151e-02
6.069561000913381577e-03
-5.193695425987243652e-03
-2.532958611845970154e-02
-4.617906361818313599e-02
-6.123488396406173706e-02
-7.014770060777664185e-02
-7.985368371009826660e-02
-8.780334889888763428e-02
-8.173628151416778564e-02
-8.060665428638458252e-02
-7.085025310516357422e-02
-6.249389797449111938e-02
-6.336531043052673340e-02
-7.006564736366271973e-02
-7.960894703865051270e-02
-7.487904280424118042e-02
-6.917575001716613770e-02
-7.329183816909790039e-02
-8.159317076206207275e-02
-9.088382124900817871e-02
-1.040021479129791260e-01
-1.194549798965454102e-01
-1.396985352039337158e-01
-1.401085406541824341e-01
-1.267863512039184570e-01
-1.072223260998725891e-01
-1.049490272998809814e-01
-1.075332462787628174e-01
-1.046790033578872681e-01
-1.046456992626190186e-01
-1.123507618904113770e-01
-1.135721355676651001e-01
-1.059376895427703857e-01
-9.397482126951217651e-02
-7.022078335285186768e-02
-3.732825815677642822e-02
-1.444203406572341919e-02
-8.941292762756347656e-03
8.430172689259052277e-03
3.136571124196052551e-02
5.136072635650634766e-02
6.852417439222335815e-02
1.017805412411689758e-01
1.303452700376510620e-01
1.558853685855865479e-01
1.798363327980041504e-01
1.923145949840545654e-01
1.853064596652984619e-01
1.800974756479263306e-01
1.872121989727020264e-01
1.953344643115997314e-01
1.899483352899551392e-01
1.815846860408782959e-01
1.745298206806182861e-01
1.585458368062973022e-01
1.439872831106185913e-01
1.238640695810317993e-01
9.940764307975769043e-02
7.810257375240325928e-02
6.726484000682830811e-02
6.165879592299461365e-02
4.858282953500747681e-02
2.106767147779464722e-02
-8.190281223505735397e-04
-1.528325583785772324e-02
-2.701762504875659943e-02
-3.891878575086593628e-02
-4.871881008148193359e-02
-5.162002891302108765e-02
-5.279491096735000610e-02
-5.574650317430496216e-02
-6.027404218912124634e-02
-7.417161762714385986e-02
-8.877002447843551636e-02
-9.399661421775817871e-02
-9.427610039710998535e-02
-1.012452542781829834e-01
-1.113135069608688354e-01
-1.237739771604537964e-01
-1.382030844688415527e-01
-1.537201553583145142e-01
-1.663766801357269287e-01
-1.779006123542785645e-01
-1.740856468677520752e-01
-1.569314450025558472e-01
-1.412700712680816650e-01
-1.418094635009765625e-01
-1.388367712497711182e-01
-1.268866658210754395e-01
-1.280473619699478149e-01
-1.317670047283172607e-01
-1.239238381385803223e-01
-1.041340827941894531e-01
-8.709991723299026489e-02
-5.895678326487541199e-02
-2.470671012997627258e-02
-4.097213037312030792e-03
3.412568708881735802e-03
2.641404233872890472e-02
5.063354969024658203e-02
7.480704784393310547e-02
9.781786799430847168e-02
1.333022266626358032e-01
1.632432341575622559e-01
1.825204938650131226e-01
2.026382833719253540e-01
2.074557542800903320e-01
2.023852169513702393e-01
2.033629119396209717e-01
2.113005816936492920e-01
2.158200740814208984e-01
2.099142521619796753e-01
2.008052617311477661e-01
1.896708309650421143e-01
1.673754155635833740e-01
1.502191275358200073e-01
1.250279992818832397e-01
1.007515862584114075e-01
8.074959367513656616e-02
6.784038245677947998e-02
5.320400372147560120e-02
3.123760037124156952e-02
8.169932290911674500e-03
-1.168204098939895630e-02
-3.053178265690803528e-02
-4.117939621210098267e-02
-5.422032624483108521e-02
-6.490818411111831665e-02
-6.888961046934127808e-02
-7.103384286165237427e-02
-7.330867648124694824e-02
-8.350712060928344727e-02
-9.332087635993957520e-02
-1.026446968317031860e-01
-1.058252155780792236e-01
-1.062197983264923096e-01
-1.081798970699310303e-01
-1.190087571740150452e-01
-1.324881315231323242e-01
-1.426188647747039795e-01
-1.527779102325439453e-01
-1.653688549995422363e-01
-1.737100481986999512e-01
-1.691173613071441650e-01
-1.509120464324951172e-01
-1.429547369480133057e-01
-1.383762657642364502e-01
-1.294385641813278198e-01
-1.254297196865081787e-01
-1.249349117279052734e-01
-1.226757168769836426e-01
-1.093872785568237305e-01
-9.433664381504058838e-02
-8.015651255846023560e-02
-4.831159859895706177e-02
-1.821712777018547058e-02
-2.803575247526168823e-03
1.055819541215896606e-02
3.204403817653656006e-02
6.200049817562103271e-02
8.317175507545471191e-02
1.083080917596817017e-01
1.377369463443756104e-01
1.623715609312057495e-01
1.848369836807250977e-01
2.015314996242523193e-01
2.075527012348175049e-01
2.031482309103012085e-01
1.995404511690139771e-01
2.087991833686828613e-01
2.097416669130325317e-01
2.037517130374908447e-01
1.957146227359771729e-01
1.845334917306900024e-01
1.675587296485900879e-01
1.427806466817855835e-01
1.185434162616729736e-01
9.203620254993438721e-02
6.799490749835968018e-02
5.470817536115646362e-02
4.252748563885688782e-02
2.430779673159122467e-02
4.422067664563655853e-03
-1.596860401332378387e-02
-3.014788404107093811e-02
-4.401052743196487427e-02
-5.269680544734001160e-02
-6.181740760803222656e-02
-6.942621618509292603e-02
-6.788384169340133667e-02
-6.836472451686859131e-02
-7.437819242477416992e-02
-8.188093453645706177e-02
-8.927553147077560425e-02
-9.318593889474868774e-02
-9.596098959445953369e-02
-9.939020127058029175e-02
-1.035176441073417664e-01
-1.165203228592872620e-01
-1.299812495708465576e-01
-1.401219069957733154e-01
-1.542380899190902710e-01
-1.673661321401596069e-01
-1.744275093078613281e-01
-1.632315665483474731e-01
-1.457242369651794434e-01
-1.431685388088226318e-01
-1.419944465160369873e-01
-1.356655359268188477e-01
-1.325089782476425171e-01
-1.348079741001129150e-01
-1.276584118604660034e-01
-1.100894063711166382e-01
-9.534560143947601318e-02
-7.656091451644897461e-02
-4.275344312191009521e-02
-1.433295756578445435e-02
-4.580996464937925339e-04
1.418496947735548019e-02
4.000527411699295044e-02
6.721162050962448120e-02
9.118861705064773560e-02
1.228243932127952576e-01
1.514616161584854126e-01
1.752165257930755615e-01
1.931650489568710327e-01
2.058181762695312500e-01
2.107850909233093262e-01
2.085087001323699951e-01
2.100952714681625366e-01
2.180369198322296143e-01
2.215201854705810547e-01
2.131606936454772949e-01
1.971530467271804810e-01
1.805094778537750244e-01
1.586276292800903320e-01
1.324442178010940552e-01
1.094734370708465576e-01
8.779050409793853760e-02
6.696233153343200684e-02
4.716929048299789429e-02
3.485447913408279419e-02
1.543159782886505127e-02
-1.052656862884759903e-02
-3.064167499542236328e-02
-4.347934946417808533e-02
-5.379356816411018372e-02
-5.989064648747444153e-02
-6.627425551414489746e-02
-6.856234371662139893e-02
-7.177358865737915039e-02
-7.319784909486770630e-02
-7.610373944044113159e-02
-8.273787796497344971e-02
-8.649750053882598877e-02
-9.027005732059478760e-02
-8.747828006744384766e-02
-8.693730086088180542e-02
-9.216558933258056641e-02
-1.082510203123092651e-01
-1.230894774198532104e-01
-1.340600550174713135e-01
-1.445740610361099243e-01
-1.595020890235900879e-01
-1.632044613361358643e-01
-1.583035886287689209e-01
-1.431303918361663818e-01
-1.385206431150436401e-01
-1.410847753286361694e-01
-1.389254629611968994e-01
-1.377594918012619019e-01
-1.391217112541198730e-01
-1.350321024656295776e-01
-1.168972402811050415e-01
-9.645035862922668457e-02
-7.665480673313140869e-02
-5.291183665394783020e-02
-2.223635092377662659e-02
-1.080506760627031326e-02
2.292805584147572517e-03
2.536742389202117920e-02
5.866368487477302551e-02
8.335255086421966553e-02
1.140706390142440796e-01
1.449643671512603760e-01
1.690675318241119385e-01
1.850771307945251465e-01
1.975992619991302490e-01
2.061752825975418091e-01
2.077357769012451172e-01
2.129116356372833252e-01
2.221054732799530029e-01
2.275215983390808105e-01
2.198291271924972534e-01
2.090424597263336182e-01
1.874851882457733154e-01
1.671909987926483154e-01
1.435856670141220093e-01
1.224131509661674500e-01
1.018730551004409790e-01
8.215029537677764893e-02
6.188905984163284302e-02
4.564896970987319946e-02
2.396410703659057617e-02
1.446549780666828156e-03
-2.079126983880996704e-02
-3.456605598330497742e-02
-4.370237514376640320e-02
-4.912391304969787598e-02
-5.540887266397476196e-02
-6.397883594036102295e-02
-6.900680065155029297e-02
-7.413212954998016357e-02
-7.761742919683456421e-02
-8.508482575416564941e-02
-8.666972815990447998e-02
-8.661747723817825317e-02
-8.813647180795669556e-02
-9.145374596118927002e-02
-9.149795770645141602e-02
-1.037727296352386475e-01
-1.190488338470458984e-01
-1.348753720521926880e-01
-1.435247510671615601e-01
-1.541693210601806641e-01
-1.664104461669921875e-01
-1.646775305271148682e-01
-1.532813310623168945e-01
-1.440656632184982300e-01
-1.481102705001831055e-01
-1.490354686975479126e-01
-1.414316892623901367e-01
-1.400832831859588623e-01
-1.387376189231872559e-01
-1.249996721744537354e-01
-1.048704236745834351e-01
-8.756590634584426880e-02
-7.115379720926284790e-02
-3.982255980372428894e-02
-1.690906286239624023e-02
-7.001697085797786713e-03
1.442074868828058243e-02
4.374121129512786865e-02
7.393084466457366943e-02
1.008035168051719666e-01
1.302142739295959473e-01
1.603177189826965332e-01
1.768305152654647827e-01
1.924800276756286621e-01
2.062721997499465942e-01
2.121474444866180420e-01
2.164862751960754395e-01
2.216665148735046387e-01
2.297017574310302734e-01
2.284320890903472900e-01
2.171422094106674194e-01
2.025018036365509033e-01
1.815446615219116211e-01
1.620329618453979492e-01
1.369787603616714478e-01
1.142367422580718994e-01
9.554818272590637207e-02
7.540714740753173828e-02
5.771581828594207764e-02
3.558043017983436584e-02
1.374062430113554001e-02
-9.221236221492290497e-03
-2.981232292950153351e-02
-3.899871930480003357e-02
-4.597393050789833069e-02
-5.438346415758132935e-02
-6.030245870351791382e-02
-6.728942692279815674e-02
-6.984134018421173096e-02
-7.486505806446075439e-02
-7.837568223476409912e-02
-8.417710661888122559e-02
-8.783519268035888672e-02
-8.298391103744506836e-02
-8.439716696739196777e-02
-8.907581865787506104e-02
-9.527623653411865234e-02
-1.059853583574295044e-01
-1.195296794176101685e-01
-1.334546953439712524e-01
-1.383847296237945557e-01
-1.479435712099075317e-01
-1.614702343940734863e-01
-1.633519828319549561e-01
-1.579968333244323730e-01
-1.497600227594375610e-01
-1.518690288066864014e-01
-1.545733958482742310e-01
-1.491284072399139404e-01
-1.381868422031402588e-01
-1.313646584749221802e-01
-1.249057799577713013e-01
-1.093016713857650757e-01
-8.752868324518203735e-02
-7.202653586864471436e-02
-4.902946949005126953e-02
-2.093326672911643982e-02
-9.554214775562286377e-04
1.449631061404943466e-02
3.796092048287391663e-02
7.493203133344650269e-02
1.004325076937675476e-01
1.248222216963768005e-01
1.504985392093658447e-01
1.744389981031417847e-01
1.916443705558776855e-01
2.042983472347259521e-01
2.171675562858581543e-01
2.211067229509353638e-01
2.212002277374267578e-01
2.262706905603408813e-01
2.279049605131149292e-01
2.203825861215591431e-01
2.042358368635177612e-01
1.857407987117767334e-01
1.688200235366821289e-01
1.447293013334274292e-01
1.242170929908752441e-01
1.029279828071594238e-01
8.015618473291397095e-02
6.051279604434967041e-02
4.182870686054229736e-02
2.286651730537414551e-02
1.098220236599445343e-03
-1.974543184041976929e-02
-3.229508548974990845e-02
-4.267079755663871765e-02
-4.942139238119125366e-02
-5.679091438651084900e-02
-6.602022051811218262e-02
-7.284814119338989258e-02
-7.566800713539123535e-02
-7.678984850645065308e-02
-8.172887563705444336e-02
-8.342256397008895874e-02
-8.259391784667968750e-02
-8.118500560522079468e-02
-8.664065599441528320e-02
-9.191648662090301514e-02
-1.006093621253967285e-01
-1.124999076128005981e-01
-1.259582042694091797e-01
-1.322566121816635132e-01
-1.390303969383239746e-01
-1.517074108123779297e-01
-1.638041287660598755e-01
-1.630517244338989258e-01
-1.568437814712524414e-01
-1.507630944252014160e-01
-1.527892947196960449e-01
-1.536198705434799194e-01
-1.426763236522674561e-01
-1.334377378225326538e-01
-1.286397129297256470e-01
-1.208051890134811401e-01
-1.002912074327468872e-01
-8.132792264223098755e-02
-6.251535564661026001e-02
-3.607552498579025269e-02
-6.678931415081024170e-03
4.749609157443046570e-03
2.371164597570896149e-02
5.399686470627784729e-02
8.779764175415039062e-02
1.112168729305267334e-01
1.370774209499359131e-01
1.629582494497299194e-01
1.825394481420516968e-01
1.980191767215728760e-01
2.087116092443466187e-01
2.172794193029403687e-01
2.191919684410095215e-01
2.224431931972503662e-01
2.290568649768829346e-01
2.258408665657043457e-01
2.126111835241317749e-01
1.958251297473907471e-01
1.749304980039596558e-01
1.561662256717681885e-01
1.316613703966140747e-01
1.138880252838134766e-01
9.382372349500656128e-02
7.493671774864196777e-02
5.654597282409667969e-02
3.599765151739120483e-02
1.246422901749610901e-02
-8.363636210560798645e-03
-2.490040287375450134e-02
-3.272367641329765320e-02
-4.010719060897827148e-02
-4.565924406051635742e-02
-5.671946331858634949e-02
-6.559198349714279175e-02
-6.939801573753356934e-02
-7.702659070491790771e-02
-7.909338176250457764e-02
-8.186731487512588501e-02
-7.864857465028762817e-02
-7.730193436145782471e-02
-8.134696632623672485e-02
-8.458650112152099609e-02
-9.312458336353302002e-02
-1.046453118324279785e-01
-1.130828484892845154e-01
-1.215243339538574219e-01
-1.274569034576416016e-01
-1.386418491601943970e-01
-1.465431898832321167e-01
-1.563603878021240234e-01
-1.695111691951751709e-01
-1.674194037914276123e-01
-1.592141538858413696e-01
-1.550872325897216797e-01
-1.555472612380981445e-01
-1.465680897235870361e-01
-1.276960074901580811e-01
-1.311534643173217773e-01
-1.255964189767837524e-01
-1.052965521812438965e-01
-8.868545293807983398e-02
-6.875771284103393555e-02
-4.186495393514633179e-02
-6.380787119269371033e-03
1.043102517724037170e-02
2.244976907968521118e-02
5.709322541952133179e-02
8.264534175395965576e-02
1.040721461176872253e-01
1.329241991043090820e-01
1.622942984104156494e-01
1.856913566589355469e-01
1.959427297115325928e-01
2.125457823276519775e-01
2.193107903003692627e-01
2.149842977523803711e-01
2.181665152311325073e-01
2.232474535703659058e-01
2.227247953414916992e-01
2.108535468578338623e-01
1.947601139545440674e-01
1.792242079973220825e-01
1.542564332485198975e-01
1.333782374858856201e-01
1.117333322763442993e-01
9.073014557361602783e-02
7.127048820257186890e-02
5.270281434059143066e-02
3.487815335392951965e-02
1.457329466938972473e-02
-7.849679328501224518e-03
-2.690295502543449402e-02
-3.802445903420448303e-02
-4.335176944732666016e-02
-4.835816472768783569e-02
-5.725885182619094849e-02
-6.086060404777526855e-02
-6.706729531288146973e-02
-7.175457477569580078e-02
-7.427288591861724854e-02
-7.378230988979339600e-02
-7.407853752374649048e-02
-7.302204519510269165e-02
-6.900662183761596680e-02
-7.212875038385391235e-02
-8.225385844707489014e-02
-9.143763780593872070e-02
-9.890466928482055664e-02
-1.089606657624244690e-01
-1.157792285084724426e-01
-1.234318763017654419e-01
-1.339198499917984009e-01
-1.474501639604568481e-01
-1.584611833095550537e-01
-1.691634953022003174e-01
-1.717642843723297119e-01
-1.608432084321975708e-01
-1.522809565067291260e-01
-1.546496301889419556e-01
-1.443145424127578735e-01
-1.303641498088836670e-01
-1.312151402235031128e-01
-1.272029280662536621e-01
-1.082764118909835815e-01
-8.513242006301879883e-02
-7.018870860338211060e-02
-3.511413931846618652e-02
8.599464781582355499e-04
1.735132187604904175e-02
3.035149723291397095e-02
6.187279149889945984e-02
8.911749720573425293e-02
1.115725934505462646e-01
1.401893496513366699e-01
1.729807555675506592e-01
1.893248558044433594e-01
1.976496577262878418e-01
2.154774069786071777e-01
2.196566611528396606e-01
2.128193080425262451e-01
2.107611298561096191e-01
2.226344347000122070e-01
2.201007902622222900e-01
2.080238759517669678e-01
1.925029158592224121e-01
1.735249459743499756e-01
1.460365355014801025e-01
1.250764727592468262e-01
1.080522388219833374e-01
8.602093905210494995e-02
6.309223175048828125e-02
4.756007343530654907e-02
2.914866060018539429e-02
8.937784470617771149e-03
-1.364883221685886383e-02
-3.240943700075149536e-02
-4.360906779766082764e-02
-4.884699732065200806e-02
-5.171420052647590637e-02
-5.725499987602233887e-02
-6.268300116062164307e-02
-6.972655653953552246e-02
-7.202656567096710205e-02
-7.067534327507019043e-02
-6.649267673492431641e-02
-6.856020539999008179e-02
-6.639970093965530396e-02
-6.516462564468383789e-02
-6.392708420753479004e-02
-7.228807359933853149e-02
-8.075356483459472656e-02
-8.807726204395294189e-02
-9.922106564044952393e-02
-1.024397090077400208e-01
-1.093963384628295898e-01
-1.212554425001144409e-01
-1.375490576028823853e-01
-1.491982638835906982e-01
-1.579574793577194214e-01
-1.742194145917892456e-01
-1.692955791950225830e-01
-1.511793285608291626e-01
-1.495422273874282837e-01
-1.518526375293731689e-01
-1.391600221395492554e-01
-1.240012049674987793e-01
-1.274004727602005005e-01
-1.244908422231674194e-01
-9.138296544551849365e-02
-7.088861614465713501e-02
-4.935828223824501038e-02
-1.608210802078247070e-02
1.800849474966526031e-02
3.173726797103881836e-02
4.323999583721160889e-02
7.848611474037170410e-02
1.066139712929725647e-01
1.291555166244506836e-01
1.559250801801681519e-01
1.826215535402297974e-01
1.947582811117172241e-01
2.061967849731445312e-01
2.116450667381286621e-01
2.160954177379608154e-01
2.073475420475006104e-01
2.110383808612823486e-01
2.113872021436691284e-01
2.077169865369796753e-01
1.935666799545288086e-01
1.732552945613861084e-01
1.512650251388549805e-01
1.246366202831268311e-01
1.073001474142074585e-01
9.027873724699020386e-02
7.132926583290100098e-02
4.815462976694107056e-02
3.576592728495597839e-02
1.718677952885627747e-02
-1.578054856508970261e-03
-2.670172415673732758e-02
-3.668574243783950806e-02
-4.705639928579330444e-02
-5.072920769453048706e-02
-5.110353976488113403e-02
-5.547550693154335022e-02
-6.167366728186607361e-02
-6.560206413269042969e-02
-6.811786442995071411e-02
-6.464278697967529297e-02
-6.441110372543334961e-02
-6.375451385974884033e-02
-6.023220345377922058e-02
-5.975627154111862183e-02
-5.767472088336944580e-02
-7.068198919296264648e-02
-7.771399617195129395e-02
-8.679452538490295410e-02
-8.985979110002517700e-02
-1.004393175244331360e-01
-1.075842007994651794e-01
-1.212519854307174683e-01
-1.353342086076736450e-01
-1.496901214122772217e-01
-1.573477983474731445e-01
-1.725539863109588623e-01
-1.752124577760696411e-01
-1.554055511951446533e-01
-1.451674997806549072e-01
-1.504457294940948486e-01
-1.456227600574493408e-01
-1.207853257656097412e-01
-1.224335208535194397e-01
-1.222515404224395752e-01
-9.372354298830032349e-02
-5.893083289265632629e-02
-4.655010253190994263e-02
-1.719172485172748566e-02
2.331486716866493225e-02
4.692782461643218994e-02
5.041927844285964966e-02
8.083507418632507324e-02
1.133816987276077271e-01
1.320353895425796509e-01
1.544238626956939697e-01
1.855957061052322388e-01
2.038468718528747559e-01
2.013691514730453491e-01
2.124171108007431030e-01
2.185611128807067871e-01
2.087076753377914429e-01
1.994846910238265991e-01
2.099073529243469238e-01
2.041800022125244141e-01
1.847380250692367554e-01
1.663411706686019897e-01
1.518114805221557617e-01
1.231139898300170898e-01
9.711629152297973633e-02
8.300945162773132324e-02
6.567265838384628296e-02
4.363178461790084839e-02
2.831172756850719452e-02
1.609251461923122406e-02
-6.948885507881641388e-03
-2.679509297013282776e-02
-3.948075324296951294e-02
-4.462207853794097900e-02
-5.199131742119789124e-02
-5.540167540311813354e-02
-5.449786782264709473e-02
-5.876197665929794312e-02
-6.463470309972763062e-02
-6.236720830202102661e-02
-5.995165184140205383e-02
-5.633259564638137817e-02
-5.491389334201812744e-02
-4.908516258001327515e-02
-4.509191215038299561e-02
-4.990220442414283752e-02
-5.411187559366226196e-02
-6.373153626918792725e-02
-7.147835195064544678e-02
-7.843017578125000000e-02
-8.495099097490310669e-02
-9.279318898916244507e-02
-1.036008894443511963e-01
-1.229479759931564331e-01
-1.347752213478088379e-01
-1.494235098361968994e-01
-1.601787507534027100e-01
-1.822323352098464966e-01
-1.774567365646362305e-01
-1.517005562782287598e-01
-1.465301513671875000e-01
-1.536363661289215088e-01
-1.456619501113891602e-01
-1.217489540576934814e-01
-1.223385110497474670e-01
-1.208402812480926514e-01
-8.487716317176818848e-02
-5.363361537456512451e-02
-3.855869174003601074e-02
-1.753930468112230301e-03
3.290824964642524719e-02
5.869453027844429016e-02
5.858071148395538330e-02
9.822263568639755249e-02
1.276344060897827148e-01
1.486159563064575195e-01
1.704554557800292969e-01
1.964812278747558594e-01
2.101064771413803101e-01
2.097382247447967529e-01
2.150523960590362549e-01
2.172064930200576782e-01
2.071481347084045410e-01
1.988580822944641113e-01
2.102688848972320557e-01
1.952977478504180908e-01
1.821862459182739258e-01
1.531202495098114014e-01
1.386887878179550171e-01
1.059420034289360046e-01
8.752435445785522461e-02
7.181482762098312378e-02
5.406978353857994080e-02
3.040365502238273621e-02
1.583201438188552856e-02
1.066401368007063866e-03
-1.807461865246295929e-02
-3.531682118773460388e-02
-5.048121511936187744e-02
-5.104435235261917114e-02
-5.870822072029113770e-02
-5.632562190294265747e-02
-5.884513258934020996e-02
-5.498743802309036255e-02
-6.029195711016654968e-02
-5.915926396846771240e-02
-5.461166799068450928e-02
-4.656400904059410095e-02
-4.473299533128738403e-02
-3.705890476703643799e-02
-3.487542271614074707e-02
-3.480285406112670898e-02
-4.127689450979232788e-02
-4.646066576242446899e-02
-5.473952740430831909e-02
-6.445117294788360596e-02
-7.277043163776397705e-02
-8.093169331550598145e-02
-9.175781905651092529e-02
-1.060755550861358643e-01
-1.271308958530426025e-01
-1.459336280822753906e-01
-1.545407176017761230e-01
-1.750790476799011230e-01
-1.826469898223876953e-01
-1.741330027580261230e-01
-1.479066312313079834e-01
-1.544003486633300781e-01
-1.585671901702880859e-01
-1.383443176746368408e-01
-1.215233951807022095e-01
-1.285457760095596313e-01
-1.062216460704803467e-01
-6.918449699878692627e-02
-4.039171710610389709e-02
-2.346461638808250427e-02
1.535540074110031128e-02
5.191162228584289551e-02
5.757385492324829102e-02
8.574675768613815308e-02
1.155551075935363770e-01
1.461095213890075684e-01
1.605747789144515991e-01
1.913284510374069214e-01
2.103325426578521729e-01
2.151219397783279419e-01
2.119699418544769287e-01
2.227332592010498047e-01
2.137569189071655273e-01
2.044771015644073486e-01
1.989861726760864258e-01
2.022146731615066528e-01
1.877245903015136719e-01
1.616203188896179199e-01
1.450925618410110474e-01
1.158042699098587036e-01
8.972962945699691772e-02
6.496800482273101807e-02
5.553780123591423035e-02
3.068460524082183838e-02
1.286022923886775970e-02
-4.731872584670782089e-03
-1.400832459330558777e-02
-4.011576250195503235e-02
-5.083755776286125183e-02
-6.144441664218902588e-02
-6.246995180845260620e-02
-6.658131629228591919e-02
-6.324000656604766846e-02
-5.678258836269378662e-02
-6.155090779066085815e-02
-5.812269076704978943e-02
-5.526790395379066467e-02
-4.274141043424606323e-02
-4.328825324773788452e-02
-3.447305038571357727e-02
-2.615679614245891571e-02
-1.720268651843070984e-02
-2.378747053444385529e-02
-2.780022285878658295e-02
-3.283818811178207397e-02
-4.190847277641296387e-02
-5.678997188806533813e-02
-6.014687567949295044e-02
-6.716972589492797852e-02
-8.627048134803771973e-02
-1.048164218664169312e-01
-1.203005239367485046e-01
-1.393193602561950684e-01
-1.585884690284729004e-01
-1.704404801130294800e-01
-1.862598061561584473e-01
-1.892692893743515015e-01
-1.645240187644958496e-01
-1.531263291835784912e-01
-1.653270870447158813e-01
-1.551727056503295898e-01
-1.285226494073867798e-01
-1.214674562215805054e-01
-1.252343058586120605e-01
-8.208182454109191895e-02
-4.540176689624786377e-02
-2.287452109158039093e-02
4.881005268543958664e-03
5.217409878969192505e-02
7.370644062757492065e-02
8.209118247032165527e-02
1.177144348621368408e-01
1.498118937015533447e-01
1.702381670475006104e-01
1.884550452232360840e-01
2.172660231590270996e-01
2.243499904870986938e-01
2.173931747674942017e-01
2.216819226741790771e-01
2.248585075139999390e-01
2.063328772783279419e-01
1.971916556358337402e-01
1.955441534519195557e-01
1.898663043975830078e-01
1.625135987997055054e-01
1.403544992208480835e-01
1.207324266433715820e-01
8.689892292022705078e-02
6.025382131338119507e-02
4.487982764840126038e-02
2.749335020780563354e-02
4.103821702301502228e-03
-1.092711836099624634e-02
-2.193756215274333954e-02
-3.662989661097526550e-02
-6.049456819891929626e-02
-6.641361117362976074e-02
-7.146082818508148193e-02
-7.168143987655639648e-02
-6.865495443344116211e-02
-6.352824717760086060e-02
-5.768948793411254883e-02
-5.885852873325347900e-02
-5.175329372286796570e-02
-3.999098390340805054e-02
-3.147298842668533325e-02
-2.684705331921577454e-02
-1.474168058484792709e-02
-8.758030831813812256e-03
-5.602010991424322128e-03
-6.853383034467697144e-03
-5.413452163338661194e-03
-1.782864518463611603e-02
-2.958257310092449188e-02
-3.766279667615890503e-02
-4.669889435172080994e-02
-6.462989002466201782e-02
-8.088615536689758301e-02
-9.481471776962280273e-02
-1.242641583085060120e-01
-1.405740976333618164e-01
-1.605083644390106201e-01
-1.695757806301116943e-01
-1.996695548295974731e-01
-2.042791992425918579e-01
-1.804731935262680054e-01
-1.616894751787185669e-01
-1.719416528940200806e-01
-1.699872314929962158e-01
-1.376373767852783203e-01
-1.231743842363357544e-01
-1.283270418643951416e-01
-1.032390743494033813e-01
-4.598016291856765747e-02
-2.982400357723236084e-02
6.789606995880603790e-04
3.703816980123519897e-02
8.109357953071594238e-02
8.762311190366744995e-02
1.097560450434684753e-01
1.468096226453781128e-01
1.671867221593856812e-01
1.889521479606628418e-01
2.122308015823364258e-01
2.299980819225311279e-01
2.280283868312835693e-01
2.254553884267807007e-01
2.250256836414337158e-01
2.146769464015960693e-01
1.921219229698181152e-01
1.930779069662094116e-01
1.827198266983032227e-01
1.662592291831970215e-01
1.361203491687774658e-01
1.176265031099319458e-01
8.630297333002090454e-02
5.046783387660980225e-02
3.019048646092414856e-02
1.693385094404220581e-02
-2.126747043803334236e-03
-1.782727614045143127e-02
-2.927071228623390198e-02
-4.334687069058418274e-02
-6.036365032196044922e-02
-7.390238344669342041e-02
-7.310877740383148193e-02
-7.723674178123474121e-02
-7.129734009504318237e-02
-6.345753371715545654e-02
-4.840806871652603149e-02
-4.365643858909606934e-02
-4.098501056432723999e-02
-2.935575693845748901e-02
-1.852488145232200623e-02
-1.207363791763782501e-02
-1.691032084636390209e-04
1.158301346004009247e-02
1.719984039664268494e-02
1.416057161986827850e-02
1.461667567491531372e-02
6.176495924592018127e-03
-8.667722344398498535e-03
-1.701410114765167236e-02
-2.635574340820312500e-02
-4.209253937005996704e-02
-5.998973548412322998e-02
-7.730443775653839111e-02
-9.516566991806030273e-02
-1.222461313009262085e-01
-1.521412134170532227e-01
-1.719841063022613525e-01
-1.911025941371917725e-01
-2.051358819007873535e-01
-2.240672707557678223e-01
-2.122715562582015991e-01
-1.842398345470428467e-01
-1.776866316795349121e-01
-1.855994164943695068e-01
-1.613524258136749268e-01
-1.316393911838531494e-01
-1.228329986333847046e-01
-1.184193342924118042e-01
-7.120217382907867432e-02
-2.146181091666221619e-02
-6.049411371350288391e-03
3.613794967532157898e-02
7.756441086530685425e-02
1.082487776875495911e-01
1.116100102663040161e-01
1.443665623664855957e-01
1.788743138313293457e-01
1.936145871877670288e-01
2.103554010391235352e-01
2.365989536046981812e-01
2.427173852920532227e-01
2.295113503932952881e-01
2.297357320785522461e-01
2.227206975221633911e-01
2.046484053134918213e-01
1.814786791801452637e-01
1.841259002685546875e-01
1.631021648645401001e-01
1.368673294782638550e-01
1.098884791135787964e-01
8.757469803094863892e-02
5.280935764312744141e-02
2.213023602962493896e-02
5.936263129115104675e-03
-1.161367073655128479e-02
-2.825837954878807068e-02
-4.251457005739212036e-02
-4.958585649728775024e-02
-6.421184539794921875e-02
-7.447464019060134888e-02
-8.254175633192062378e-02
-7.371684908866882324e-02
-7.309411466121673584e-02
-6.463100016117095947e-02
-4.941823333501815796e-02
-3.460956737399101257e-02
-3.019183129072189331e-02
-2.302182652056217194e-02
-5.380385555326938629e-03
5.516850389540195465e-03
1.401504315435886383e-02
2.850532531738281250e-02
3.854495286941528320e-02
3.804932534694671631e-02
3.555538505315780640e-02
3.178549185395240784e-02
2.206018939614295959e-02
2.722864272072911263e-03
-5.809176713228225708e-03
-2.303077280521392822e-02
-4.026394337415695190e-02
-6.398230046033859253e-02
-8.361625671386718750e-02
-1.067197248339653015e-01
-1.383046507835388184e-01
-1.678831279277801514e-01
-1.874908655881881714e-01
-2.075689136981964111e-01
-2.234473824501037598e-01
-2.383827567100524902e-01
-2.366156429052352905e-01
-2.112464308738708496e-01
-1.990634351968765259e-01
-1.876607388257980347e-01
-1.836693584918975830e-01
-1.455958485603332520e-01
-1.280512213706970215e-01
-1.115540117025375366e-01
-7.720580697059631348e-02
-2.488194592297077179e-02
9.003397077322006226e-03
3.526873886585235596e-02
8.391654491424560547e-02
1.181239336729049683e-01
1.352220773696899414e-01
1.517225056886672974e-01
1.879723668098449707e-01
2.054451704025268555e-01
2.275519073009490967e-01
2.379595339298248291e-01
2.536551952362060547e-01
2.394328117370605469e-01
2.327607274055480957e-01
2.203982323408126831e-01
2.021335661411285400e-01
1.826717853546142578e-01
1.673409640789031982e-01
1.572948992252349854e-01
1.318203359842300415e-01
1.021554768085479736e-01
7.156964391469955444e-02
4.542872309684753418e-02
8.986631408333778381e-03
-1.824364182539284229e-03
-2.199482545256614685e-02
-3.046380542218685150e-02
-5.031061917543411255e-02
-5.334263667464256287e-02
-6.374285370111465454e-02
-7.476770877838134766e-02
-7.565016299486160278e-02
-7.259868085384368896e-02
-6.219374760985374451e-02
-5.199167504906654358e-02
-3.640241920948028564e-02
-2.161483466625213623e-02
-1.283866725862026215e-02
-9.578729048371315002e-03
8.501583710312843323e-03
1.442512497305870056e-02
3.066621348261833191e-02
3.430297598242759705e-02
5.272770673036575317e-02
5.165075510740280151e-02
4.581829532980918884e-02
4.153626412153244019e-02
3.003525547683238983e-02
1.220724359154701233e-02
-2.851423341780900955e-03
-1.667863316833972931e-02
-3.420213609933853149e-02
-5.574422702193260193e-02
-8.491110056638717651e-02
-9.743913263082504272e-02
-1.336122751235961914e-01
-1.569871157407760620e-01
-1.932143568992614746e-01
-2.056575715541839600e-01
-2.270415127277374268e-01
-2.386433929204940796e-01
-2.466015219688415527e-01
-2.427273690700531006e-01
-2.183075845241546631e-01
-2.052163481712341309e-01
-1.914887428283691406e-01
-1.775791794061660767e-01
-1.356267631053924561e-01
-1.202796548604965210e-01
-9.715174138545989990e-02
-6.314767152070999146e-02
-3.441439941525459290e-03
1.957215927541255951e-02
5.874942988157272339e-02
1.006756126880645752e-01
1.365361809730529785e-01
1.560451090335845947e-01
1.635424792766571045e-01
2.024403810501098633e-01
2.151390016078948975e-01
2.346825599670410156e-01
2.417743206024169922e-01
2.549309134483337402e-01
2.425262033939361572e-01
2.264588475227355957e-01
2.135355770587921143e-01
1.981028616428375244e-01
1.706548631191253662e-01
1.539772003889083862e-01
1.416063308715820312e-01
1.194961667060852051e-01
9.186471998691558838e-02
6.109806895256042480e-02
3.319225087761878967e-02
1.666071591898798943e-03
-1.271624676883220673e-02
-3.080547228455543518e-02
-4.184876382350921631e-02
-5.407037213444709778e-02
-6.124888360500335693e-02
-6.975447386503219604e-02
-7.744592428207397461e-02
-7.772913575172424316e-02
-6.866719573736190796e-02
-6.283576786518096924e-02
-4.875351861119270325e-02
-2.942606434226036072e-02
-1.458046864718198776e-02
-3.067697398364543915e-03
3.759982530027627945e-03
2.198727428913116455e-02
2.890259027481079102e-02
4.139744490385055542e-02
5.227202922105789185e-02
6.207280606031417847e-02
6.652154028415679932e-02
6.126403808593750000e-02
5.376415327191352844e-02
3.681337833404541016e-02
2.408119477331638336e-02
1.071217283606529236e-02
-8.078840561211109161e-03
-2.371237799525260925e-02
-4.531366750597953796e-02
-7.237333059310913086e-02
-9.973731637001037598e-02
-1.285416036844253540e-01
-1.491760611534118652e-01
-1.839679777622222900e-01
-2.139104008674621582e-01
-2.281651347875595093e-01
-2.434346377849578857e-01
-2.568107843399047852e-01
-2.659865915775299072e-01
-2.521571516990661621e-01
-2.166214883327484131e-01
-2.086513042449951172e-01
-1.890407204627990723e-01
-1.624003350734710693e-01
-1.292389631271362305e-01
-1.098675802350044250e-01
-8.999091386795043945e-02
-3.373037278652191162e-02
-2.034233883023262024e-03
4.017776623368263245e-02
8.256363123655319214e-02
1.261109262704849243e-01
1.465660929679870605e-01
1.670178472995758057e-01
1.939546465873718262e-01
2.147747278213500977e-01
2.236996293067932129e-01
2.439176738262176514e-01
2.548299133777618408e-01
2.516952753067016602e-01
2.397169470787048340e-01
2.172991335391998291e-01
2.115888148546218872e-01
1.808756142854690552e-01
1.664500236511230469e-01
1.440366506576538086e-01
1.250613182783126831e-01
9.689384698867797852e-02
7.153537869453430176e-02
3.930418565869331360e-02
3.390558995306491852e-03
-1.988997682929039001e-02
-3.527211025357246399e-02
-4.636274278163909912e-02
-5.764824151992797852e-02
-6.025634706020355225e-02
-7.068281620740890503e-02
-7.480910420417785645e-02
-7.969669252634048462e-02
-7.265807688236236572e-02
-6.803323328495025635e-02
-5.122033879160881042e-02
-3.928438201546669006e-02
-1.567306742072105408e-02
3.451973432675004005e-03
6.365886889398097992e-03
2.110333368182182312e-02
3.738924860954284668e-02
5.100313574075698853e-02
6.003796309232711792e-02
7.363595813512802124e-02
8.447131514549255371e-02
8.158890902996063232e-02
7.387484610080718994e-02
6.537249684333801270e-02
4.585292935371398926e-02
2.831175178289413452e-02
8.192803710699081421e-03
-9.081027470529079437e-03
-2.508332952857017517e-02
-4.805285856127738953e-02
-7.781937718391418457e-02
-1.169477701187133789e-01
-1.408274620771408081e-01
-1.642365157604217529e-01
-1.819069683551788330e-01
-2.088712304830551147e-01
-2.378335595130920410e-01
-2.521134614944458008e-01
-2.689996659755706787e-01
-2.705080509185791016e-01
-2.727225422859191895e-01
-2.347113788127899170e-01
-1.940555274486541748e-01
-1.637440919876098633e-01
-1.520794332027435303e-01
-1.241974532604217529e-01
-9.540040791034698486e-02
-7.473611831665039062e-02
-3.847586363554000854e-02
1.017374731600284576e-02
6.201502680778503418e-02
9.410266578197479248e-02
1.392575949430465698e-01
1.646325737237930298e-01
1.807899028062820435e-01
1.772939562797546387e-01
1.975699365139007568e-01
2.123481035232543945e-01
2.285596281290054321e-01
2.419322133064270020e-01
2.428146004676818848e-01
2.262125462293624878e-01
1.933960169553756714e-01
1.723041236400604248e-01
1.474711447954177856e-01
1.225914210081100464e-01
1.058558821678161621e-01
9.574468433856964111e-02
7.296957075595855713e-02
4.997788369655609131e-02
1.373680960386991501e-02
-2.351815439760684967e-02
-5.229814350605010986e-02
-5.913024395704269409e-02
-5.916882306337356567e-02
-5.812229961156845093e-02
-5.541381984949111938e-02
-5.189608410000801086e-02
-5.117786675691604614e-02
-4.880616068840026855e-02
-4.393537342548370361e-02
-2.776062861084938049e-02
-5.414701066911220551e-03
2.169763669371604919e-02
4.680475965142250061e-02
6.089938431978225708e-02
6.584344804286956787e-02
7.208700478076934814e-02
8.413361012935638428e-02
8.845516294240951538e-02
9.594492614269256592e-02
1.052168905735015869e-01
1.047960668802261353e-01
9.290304780006408691e-02
7.604725658893585205e-02
4.874391853809356689e-02
2.339850738644599915e-02
3.396440064534544945e-03
-1.183113642036914825e-02
-2.526805549860000610e-02
-4.476383328437805176e-02
-7.708725333213806152e-02
-1.109986603260040283e-01
-1.374914050102233887e-01
-1.634186953306198120e-01
-1.892349421977996826e-01
-1.962858438491821289e-01
-2.112103998661041260e-01
-2.249202877283096313e-01
-2.466255277395248413e-01
-2.615814208984375000e-01
-2.873117923736572266e-01
-2.904979884624481201e-01
-2.708050012588500977e-01
-2.376589477062225342e-01
-1.803705990314483643e-01
-1.360039114952087402e-01
-9.099003672599792480e-02
-6.490585207939147949e-02
-1.697336882352828979e-02
1.343307085335254669e-04
3.305036574602127075e-02
6.964969635009765625e-02
1.315099745988845825e-01
1.681691557168960571e-01
1.888703405857086182e-01
2.032234817743301392e-01
2.012774497270584106e-01
1.979151517152786255e-01
1.723644137382507324e-01
1.780654788017272949e-01
1.678943336009979248e-01
1.719619035720825195e-01
1.568940281867980957e-01
1.462889462709426880e-01
1.083579882979393005e-01
7.340884953737258911e-02
4.572878405451774597e-02
3.270946443080902100e-02
1.648945361375808716e-02
7.827962748706340790e-03
4.357038997113704681e-03
-8.816864341497421265e-03
-1.021626964211463928e-02
-2.610958553850650787e-02
-3.077544085681438446e-02
-3.623373806476593018e-02
-1.670516654849052429e-02
7.105309516191482544e-03
2.083954773843288422e-02
2.391175553202629089e-02
3.631322085857391357e-02
4.418003559112548828e-02
6.042926385998725891e-02
6.859178841114044189e-02
8.438059687614440918e-02
9.954838454723358154e-02
1.089985668659210205e-01
1.132426261901855469e-01
1.000221818685531616e-01
8.526025712490081787e-02
7.318384945392608643e-02
6.840769201517105103e-02
5.296091735363006592e-02
4.319879412651062012e-02
3.010926768183708191e-02
1.803440973162651062e-02
-5.250557325780391693e-03
-2.807412855327129364e-02
-4.696429520845413208e-02
-6.054330617189407349e-02
-6.452782452106475830e-02
-6.872937828302383423e-02
-7.762012630701065063e-02
-9.583517909049987793e-02
-1.060258373618125916e-01
-1.185263991355895996e-01
-1.243448629975318909e-01
-1.343205571174621582e-01
-1.502712368965148926e-01
-1.584445685148239136e-01
-1.752351373434066772e-01
-1.847181320190429688e-01
-2.015259563922882080e-01
-2.137930691242218018e-01
-2.252753973007202148e-01
-2.276205420494079590e-01
-2.249641120433807373e-01
-2.088988423347473145e-01
-1.552933305501937866e-01
-7.847615331411361694e-02
-1.831636019051074982e-02
-4.886248148977756500e-03
1.347349677234888077e-02
3.111029416322708130e-02
5.738436430692672729e-02
8.782558143138885498e-02
1.215434074401855469e-01
1.481302082538604736e-01
1.579185426235198975e-01
1.673224270343780518e-01
1.649782359600067139e-01
1.394331157207489014e-01
9.988401830196380615e-02
8.149559050798416138e-02
7.932545244693756104e-02
8.570487797260284424e-02
7.922423630952835083e-02
6.457305699586868286e-02
4.002504423260688782e-02
1.000756956636905670e-02
5.106180906295776367e-03
5.246359854936599731e-03
6.765096448361873627e-03
1.280707865953445435e-02
2.765926718711853027e-02
3.840789571404457092e-02
4.005832225084304810e-02
3.604499623179435730e-02
3.006239794194698334e-02
3.918848186731338501e-02
6.405453383922576904e-02
8.989830315113067627e-02
9.365085512399673462e-02
9.306646883487701416e-02
8.905165642499923706e-02
7.714416086673736572e-02
7.223916798830032349e-02
7.606875896453857422e-02
7.810688763856887817e-02
8.364845812320709229e-02
8.480742573738098145e-02
7.660816609859466553e-02
5.016436427831649780e-02
2.693794667720794678e-02
2.395649068057537079e-02
2.005489915609359741e-02
1.993536204099655151e-02
1.681698672473430634e-02
9.391613304615020752e-03
-5.075530614703893661e-03
-1.398335397243499756e-02
-2.071999199688434601e-02
-2.032042667269706726e-02
-2.262388914823532104e-02
-2.206826955080032349e-02
-2.329109236598014832e-02
-3.144226223230361938e-02
-4.637831449508666992e-02
-6.506128609180450439e-02
-7.438053190708160400e-02
-7.315573841333389282e-02
-7.448633760213851929e-02
-9.256736189126968384e-02
-1.226016357541084290e-01
-1.693113446235656738e-01
-1.985766440629959106e-01
-2.151916921138763428e-01
-2.315319478511810303e-01
-2.399462014436721802e-01
-2.483675777912139893e-01
-2.611479461193084717e-01
-2.781772315502166748e-01
-2.649707496166229248e-01
-1.840202063322067261e-01
-9.232772886753082275e-02
-1.709209755063056946e-02
2.300272136926651001e-02
4.183059930801391602e-02
6.383207440376281738e-02
8.962205797433853149e-02
1.215246766805648804e-01
1.510614752769470215e-01
1.723046302795410156e-01
1.852676570415496826e-01
1.929514110088348389e-01
1.703413873910903931e-01
1.237503290176391602e-01
5.732741579413414001e-02
2.902268804609775543e-02
3.770740330219268799e-02
4.777975380420684814e-02
3.910851478576660156e-02
1.151441223919391632e-02
-1.627822965383529663e-02
-3.118030354380607605e-02
-2.801117300987243652e-02
-1.613912172615528107e-02
1.878170762211084366e-03
2.479588985443115234e-02
6.238157674670219421e-02
8.352944254875183105e-02
8.296046406030654907e-02
7.881702482700347900e-02
7.990659773349761963e-02
9.717947244644165039e-02
1.209305673837661743e-01
1.391554176807403564e-01
1.342563629150390625e-01
1.015785485506057739e-01
7.616801559925079346e-02
5.491359531879425049e-02
4.470854252576828003e-02
3.898378461599349976e-02
3.992884978652000427e-02
4.380676150321960449e-02
3.792393580079078674e-02
3.140649572014808655e-02
8.329635486006736755e-03
-4.181430675089359283e-03
-4.913079552352428436e-03
1.016293838620185852e-02
2.592919394373893738e-02
3.020004555583000183e-02
2.030131965875625610e-02
1.564623415470123291e-02
1.412126980721950531e-02
1.412121113389730453e-02
9.618912823498249054e-03
1.285788021050393581e-03
1.102501899003982544e-02
-5.849008914083242416e-03
-1.270303875207901001e-02
-3.738228976726531982e-02
-5.973755195736885071e-02
-7.340957969427108765e-02
-7.735453546047210693e-02
-6.788720935583114624e-02
-8.934044837951660156e-02
-1.278237998485565186e-01
-1.623881757259368896e-01
-1.820576786994934082e-01
-2.045132368803024292e-01
-2.157483994960784912e-01
-2.355218529701232910e-01
-2.333915531635284424e-01
-2.356777787208557129e-01
-2.354465126991271973e-01
-2.497299909591674805e-01
-2.445662915706634521e-01
-1.585031449794769287e-01
-4.174640774726867676e-02
4.196924716234207153e-02
6.843405216932296753e-02
7.600788772106170654e-02
7.400849461555480957e-02
8.523789793252944946e-02
1.029746830463409424e-01
1.285191178321838379e-01
1.367049515247344971e-01
1.397904604673385620e-01
1.396986544132232666e-01
1.067725121974945068e-01
4.598020389676094055e-02
-1.224055327475070953e-02
-3.033389709889888763e-02
-1.566886436194181442e-03
2.315807342529296875e-02
3.459884971380233765e-02
2.860500849783420563e-02
1.477589923888444901e-02
1.433181017637252808e-02
2.616791240870952606e-02
4.477376490831375122e-02
6.128784641623497009e-02
9.212835878133773804e-02
1.240297555923461914e-01
1.351695358753204346e-01
1.195560842752456665e-01
1.034129336476325989e-01
8.579245954751968384e-02
8.981864899396896362e-02
9.998041391372680664e-02
9.267019480466842651e-02
6.840115785598754883e-02
4.300631210207939148e-02
2.119586430490016937e-02
-1.185131259262561798e-05
-7.130481302738189697e-03
4.476541653275489807e-05
1.293924637138843536e-02
3.197009861469268799e-02
5.335226655006408691e-02
4.813739284873008728e-02
3.226116299629211426e-02
2.407108806073665619e-02
3.812368214130401611e-02
5.982357263565063477e-02
7.008929550647735596e-02
6.758797913789749146e-02
4.740571975708007812e-02
3.550969064235687256e-02
3.033181652426719666e-02
2.216865867376327515e-02
6.666185334324836731e-03
-6.393250077962875366e-03
-6.874972023069858551e-03
-1.007155608385801315e-02
-2.807858213782310486e-02
-5.560779571533203125e-02
-7.114657759666442871e-02
-7.320156693458557129e-02
-6.253062188625335693e-02
-6.956581771373748779e-02
-7.841703295707702637e-02
-1.010479480028152466e-01
-1.375119388103485107e-01
-1.696691662073135376e-01
-1.909134089946746826e-01
-1.987510025501251221e-01
-2.187301218509674072e-01
-2.240965962409973145e-01
-2.096256911754608154e-01
-2.054739445447921753e-01
-2.237884551286697388e-01
-2.535582184791564941e-01
-2.527891695499420166e-01
-1.620679795742034912e-01
-2.377533912658691406e-02
8.721648156642913818e-02
1.146680563688278198e-01
1.049352213740348816e-01
1.013741567730903625e-01
9.848292171955108643e-02
1.129135861992835999e-01
1.167910099029541016e-01
1.203224658966064453e-01
1.300764977931976318e-01
1.388284415006637573e-01
1.077559143304824829e-01
3.284055739641189575e-02
-4.024867713451385498e-02
-7.433007657527923584e-02
-5.541022494435310364e-02
-1.302577368915081024e-02
2.200501225888729095e-02
2.386964485049247742e-02
2.130357362329959869e-02
2.400020509958267212e-02
4.113203287124633789e-02
6.113611161708831787e-02
7.947443425655364990e-02
1.066378206014633179e-01
1.439741104841232300e-01
1.640967130661010742e-01
1.532332748174667358e-01
1.231097579002380371e-01
9.279944002628326416e-02
8.180671930313110352e-02
6.974475830793380737e-02
6.620994955301284790e-02
4.154040664434432983e-02
2.244500443339347839e-02
-4.280457738786935806e-03
-2.570532448589801788e-02
-3.094814158976078033e-02
-1.893725804984569550e-02
3.620874602347612381e-03
3.418228030204772949e-02
6.531056761741638184e-02
7.196670770645141602e-02
6.090188026428222656e-02
4.381266981363296509e-02
5.856391787528991699e-02
7.073485851287841797e-02
8.691793680191040039e-02
8.161072432994842529e-02
6.485852599143981934e-02
4.416755959391593933e-02
2.429186925292015076e-02
7.419155910611152649e-03
-1.471795141696929932e-02
-3.396531566977500916e-02
-3.796241059899330139e-02
-3.802972659468650818e-02
-4.801186919212341309e-02
-6.276246160268783569e-02
-7.607967406511306763e-02
-7.709185779094696045e-02
-6.932052224874496460e-02
-5.430573225021362305e-02
-5.264552682638168335e-02
-6.291180849075317383e-02
-8.857445418834686279e-02
-1.145104020833969116e-01
-1.464147567749023438e-01
-1.682538092136383057e-01
-1.841423511505126953e-01
-1.982542574405670166e-01
-1.989498734474182129e-01
-1.920854449272155762e-01
-1.993593871593475342e-01
-2.161762714385986328e-01
-2.527518272399902344e-01
-2.466630041599273682e-01
-1.729306429624557495e-01
-3.704013302922248840e-02
9.522175043821334839e-02
1.320506036281585693e-01
1.232607290148735046e-01
8.691804111003875732e-02
8.711175620555877686e-02
9.669729322195053101e-02
1.011436805129051208e-01
1.018618643283843994e-01
1.006977483630180359e-01
1.033041998744010925e-01
8.415836095809936523e-02
2.962503209710121155e-02
-4.035328701138496399e-02
-7.354994118213653564e-02
-5.419798567891120911e-02
3.076629247516393661e-03
4.351554438471794128e-02
5.615641921758651733e-02
4.748031497001647949e-02
4.370355978608131409e-02
6.964638084173202515e-02
9.396830201148986816e-02
1.154612973332405090e-01
1.270913481712341309e-01
1.376655995845794678e-01
1.396165788173675537e-01
1.255168616771697998e-01
9.720428287982940674e-02
6.044376641511917114e-02
4.152344912290573120e-02
4.284446686506271362e-02
3.957279026508331299e-02
2.052259072661399841e-02
3.061536466702818871e-03
-1.790477707982063293e-02
-2.271450310945510864e-02
-2.085662260651588440e-02
7.543484680354595184e-04
2.235664427280426025e-02
5.419275909662246704e-02
9.002384543418884277e-02
1.040790081024169922e-01
9.476220607757568359e-02
7.294942438602447510e-02
6.859517842531204224e-02
7.795150578022003174e-02
8.852955698966979980e-02
7.761528342962265015e-02
5.449306219816207886e-02
2.654722146689891815e-02
6.227967329323291779e-03
-8.121124468743801117e-03
-2.130871638655662537e-02
-3.023261390626430511e-02
-3.782219439744949341e-02
-3.753074631094932556e-02
-3.664383292198181152e-02
-4.512380808591842651e-02
-5.710485577583312988e-02
-5.932801216840744019e-02
-5.233948677778244019e-02
-3.731907531619071960e-02
-3.391548618674278259e-02
-3.650493174791336060e-02
-6.166863441467285156e-02
-9.742479026317596436e-02
-1.237783432006835938e-01
-1.498917043209075928e-01
-1.728687137365341187e-01
-1.979514062404632568e-01
-2.008052766323089600e-01
-2.103997319936752319e-01
-2.199974954128265381e-01
-2.455533742904663086e-01
-2.643725574016571045e-01
-2.956081330776214600e-01
-2.577475607395172119e-01
-1.316760182380676270e-01
2.630484104156494141e-02
1.375160813331604004e-01
1.561793684959411621e-01
1.575612127780914307e-01
1.279302537441253662e-01
1.152586638927459717e-01
1.127786412835121155e-01
1.145657747983932495e-01
1.075942069292068481e-01
9.157244861125946045e-02
7.295133173465728760e-02
3.760734945535659790e-02
-3.112945705652236938e-02
-8.231897652149200439e-02
-9.980400651693344116e-02
-7.362342625856399536e-02
-1.572346501052379608e-02
2.802526392042636871e-02
5.598061531782150269e-02
6.534568965435028076e-02
8.125981688499450684e-02
1.091346293687820435e-01
1.223621666431427002e-01
1.370357722043991089e-01
1.450722217559814453e-01
1.442470550537109375e-01
1.423107683658599854e-01
1.177631169557571411e-01
9.103590250015258789e-02
5.554593354463577271e-02
3.355345129966735840e-02
2.419001609086990356e-02
1.255442202091217041e-02
-3.366625402122735977e-03
-1.470504328608512878e-02
-2.155694365501403809e-02
-1.684545353055000305e-02
-5.938511341810226440e-03
1.385308150202035904e-02
4.551876336336135864e-02
7.791419327259063721e-02
1.091248765587806702e-01
1.213017255067825317e-01
1.051742210984230042e-01
8.931049704551696777e-02
7.649488002061843872e-02
7.707189023494720459e-02
7.657141238451004028e-02
5.503894016146659851e-02
3.735426440834999084e-02
9.813029319047927856e-03
-1.723075984045863152e-03
-1.971294172108173370e-02
-3.507877141237258911e-02
-3.863024339079856873e-02
-4.283862188458442688e-02
-3.806958720088005066e-02
-3.777135536074638367e-02
-4.056382179260253906e-02
-4.698196053504943848e-02
-4.361287131905555725e-02
-3.317639976739883423e-02
-2.286760695278644562e-02
-2.490712702274322510e-02
-3.669711202383041382e-02
-6.201035529375076294e-02
-8.938289433717727661e-02
-1.043497025966644287e-01
-1.350459903478622437e-01
-1.701549440622329712e-01
-2.030942738056182861e-01
-2.072716504335403442e-01
-2.053290009498596191e-01
-2.165660560131072998e-01
-2.254037857055664062e-01
-2.496882081031799316e-01
-2.638221085071563721e-01
-2.797495424747467041e-01
-2.328849434852600098e-01
-1.084641590714454651e-01
5.394092947244644165e-02
1.777234971523284912e-01
2.058128714561462402e-01
1.881758570671081543e-01
1.442872881889343262e-01
1.178618893027305603e-01
1.019824221730232239e-01
9.591764211654663086e-02
8.057878166437149048e-02
6.590957939624786377e-02
4.835059866309165955e-02
1.035050116479396820e-02
-4.652651399374008179e-02
-9.942300617694854736e-02
-1.116628199815750122e-01
-8.701144158840179443e-02
-1.970754377543926239e-02
4.613914340734481812e-02
9.167498350143432617e-02
1.099509820342063904e-01
1.209241002798080444e-01
1.317289173603057861e-01
1.350447535514831543e-01
1.355938464403152466e-01
1.311585605144500732e-01
1.299348026514053345e-01
1.227385103702545166e-01
1.050679534673690796e-01
7.969873398542404175e-02
4.453654587268829346e-02
1.674247160553932190e-02
-2.973121125251054764e-03
-5.662544630467891693e-03
-6.338678766041994095e-03
-1.411173585802316666e-02
-8.650455623865127563e-03
-6.404821760952472687e-03
8.787820115685462952e-03
2.767209149897098541e-02
5.655168741941452026e-02
8.846917003393173218e-02
1.132326647639274597e-01
1.328367739915847778e-01
1.217791587114334106e-01
9.581435471773147583e-02
7.409913837909698486e-02
5.905154719948768616e-02
5.025609582662582397e-02
4.165705665946006775e-02
2.997524105012416840e-02
7.536583580076694489e-03
-1.699815317988395691e-02
-3.216882795095443726e-02
-4.527048021554946899e-02
-4.713867604732513428e-02
-3.807924687862396240e-02
-3.054508939385414124e-02
-2.905489504337310791e-02
-2.699949033558368683e-02
-2.035233005881309509e-02
-2.522062882781028748e-02
-2.944013103842735291e-02
-3.028468787670135498e-02
-3.117416054010391235e-02
-4.209614917635917664e-02
-6.722684949636459351e-02
-9.163054823875427246e-02
-1.153969913721084595e-01
-1.249681785702705383e-01
-1.500115990638732910e-01
-1.762606203556060791e-01
-2.056161165237426758e-01
-2.150753438472747803e-01
-2.145230770111083984e-01
-2.224933505058288574e-01
-2.257730662822723389e-01
-2.496172785758972168e-01
-2.534731030464172363e-01
-2.571552395820617676e-01
-2.004532217979431152e-01
-7.456944882869720459e-02
8.076969534158706665e-02
2.013369202613830566e-01
2.301765680313110352e-01
2.117392122745513916e-01
1.634306013584136963e-01
1.212650388479232788e-01
9.046167135238647461e-02
7.150276750326156616e-02
5.027582123875617981e-02
3.583680838346481323e-02
2.026784420013427734e-02
-3.619882743805646896e-03
-4.505311325192451477e-02
-9.584955126047134399e-02
-1.090100780129432678e-01
-8.420389145612716675e-02
-1.416348200291395187e-02
6.009251624345779419e-02
1.096418052911758423e-01
1.409396529197692871e-01
1.465539634227752686e-01
1.517797112464904785e-01
1.440619230270385742e-01
1.286456286907196045e-01
1.184114366769790649e-01
1.076963543891906738e-01
9.785326570272445679e-02
7.981288433074951172e-02
5.669718608260154724e-02
2.939073555171489716e-02
2.727943938225507736e-03
-1.232776232063770294e-02
-8.671241812407970428e-03
-4.632102325558662415e-03
2.026277128607034683e-03
1.311511546373367310e-02
2.111420221626758575e-02
3.462131321430206299e-02
4.908832162618637085e-02
7.029642164707183838e-02
9.309399127960205078e-02
1.104211956262588501e-01
1.275215446949005127e-01
1.181083321571350098e-01
8.923372626304626465e-02
5.568313971161842346e-02
3.187802433967590332e-02
2.635735273361206055e-02
2.257152087986469269e-02
1.743751391768455505e-02
1.063041202723979950e-02
1.489342655986547470e-03
-9.908329695463180542e-03
-2.120519988238811493e-02
-3.024372085928916931e-02
-2.969360165297985077e-02
-2.919590286910533905e-02
-2.179235965013504028e-02
-1.367257814854383469e-02
-1.463999971747398376e-02
-1.921883039176464081e-02
-2.816380932927131653e-02
-3.496978059411048889e-02
-4.463826119899749756e-02
-5.618409067392349243e-02
-6.960360705852508545e-02
-8.892717957496643066e-02
-1.043132990598678589e-01
-1.165933012962341309e-01
-1.317073702812194824e-01
-1.595211029052734375e-01
-1.896226108074188232e-01
-2.027878463268280029e-01
-2.034844011068344116e-01
-1.934012472629547119e-01
-2.047484219074249268e-01
-2.098140567541122437e-01
-2.162965834140777588e-01
-2.159918397665023804e-01
-2.182089686393737793e-01
-2.015322744846343994e-01
-1.012143045663833618e-01
4.431427270174026489e-02
1.968528777360916138e-01
2.638835012912750244e-01
2.524030208587646484e-01
1.882221102714538574e-01
1.162208169698715210e-01
7.714640349149703979e-02
4.771120101213455200e-02
2.712440118193626404e-02
7.215296383947134018e-03
-1.845434773713350296e-03
-6.996485870331525803e-03
-3.220937401056289673e-02
-6.351608783006668091e-02
-9.067758917808532715e-02
-7.881651073694229126e-02
-1.751286536455154419e-02
6.407688558101654053e-02
1.318487226963043213e-01
1.600024104118347168e-01
1.688954234123229980e-01
1.662877500057220459e-01
1.555326431989669800e-01
1.309246420860290527e-01
1.020177006721496582e-01
7.605051994323730469e-02
6.304346024990081787e-02
5.060385167598724365e-02
3.693599253892898560e-02
1.722740940749645233e-02
-6.412415299564599991e-03
-1.448493264615535736e-02
-9.101457893848419189e-03
4.042453132569789886e-03
1.128455996513366699e-02
1.781451888382434845e-02
3.581348806619644165e-02
4.965094849467277527e-02
6.600264459848403931e-02
8.062209188938140869e-02
9.308306127786636353e-02
1.075403019785881042e-01
1.132563799619674683e-01
1.142218112945556641e-01
8.828014135360717773e-02
5.814229696989059448e-02
3.027925826609134674e-02
1.421968173235654831e-02
8.926115930080413818e-03
4.180079326033592224e-03
3.882605233229696751e-04
-1.027208101004362106e-02
-1.368127018213272095e-02
-1.013974286615848541e-02
-8.938672952353954315e-03
-9.232356213033199310e-03
-1.648946851491928101e-02
-1.777837797999382019e-02
-1.755134016275405884e-02
-1.694938167929649353e-02
-1.321970671415328979e-02
-1.996928825974464417e-02
-2.403735369443893433e-02
-3.708168864250183105e-02
-4.549843072891235352e-02
-6.737729907035827637e-02
-9.088839590549468994e-02
-1.118917465209960938e-01
-1.186265200376510620e-01
-1.179789155721664429e-01
-1.161423772573471069e-01
-1.198935955762863159e-01
-1.412689536809921265e-01
-1.648530960083007812e-01
-1.876702457666397095e-01
-1.914459168910980225e-01
-1.855207681655883789e-01
-1.763363778591156006e-01
-1.801454126834869385e-01
-1.900868415832519531e-01
-1.998258531093597412e-01
-1.969605535268783569e-01
-1.746144890785217285e-01
-8.184304833412170410e-02
5.871456116437911987e-02
1.930457502603530884e-01
2.573747336864471436e-01
2.434650659561157227e-01
1.848749071359634399e-01
1.071703881025314331e-01
6.207343563437461853e-02
3.492252528667449951e-02
1.897268928587436676e-02
4.370074719190597534e-03
9.021792793646454811e-04
-4.293605685234069824e-03
-2.364297769963741302e-02
-4.829026013612747192e-02
-6.400363147258758545e-02
-4.861647635698318481e-02
6.769825238734483719e-03
8.429404348134994507e-02
1.446961462497711182e-01
1.725556850433349609e-01
1.702413856983184814e-01
1.563424915075302124e-01
1.346191763877868652e-01
1.090899780392646790e-01
8.044061809778213501e-02
5.641898885369300842e-02
4.918000102043151855e-02
3.844180330634117126e-02
2.550841495394706726e-02
3.291113069280982018e-03
-1.381304115056991577e-02
-2.015148662030696869e-02
-9.130598977208137512e-03
1.596498861908912659e-02
3.363440185785293579e-02
4.102012887597084045e-02
4.457496106624603271e-02
5.165203660726547241e-02
6.460127979516983032e-02
7.728529721498489380e-02
8.753691613674163818e-02
9.382253885269165039e-02
9.833878278732299805e-02
9.019984304904937744e-02
7.030527293682098389e-02
4.349910467863082886e-02
1.825258880853652954e-02
9.407208301126956940e-03
3.790022339671850204e-03
1.580882444977760315e-02
1.446204166859388351e-02
1.841729320585727692e-02
1.485413685441017151e-02
4.546834155917167664e-03
-3.149749245494604111e-04
-9.500967338681221008e-03
-6.690333597362041473e-03
-1.030609849840402603e-02
-1.162781566381454468e-02
-1.828266680240631104e-02
-2.719598077237606049e-02
-3.084294125437736511e-02
-2.962602302432060242e-02
-3.690943866968154907e-02
-4.521805047988891602e-02
-5.439535900950431824e-02
-6.878966838121414185e-02
-8.096166700124740601e-02
-9.459277242422103882e-02
-9.891525655984878540e-02
-1.096188724040985107e-01
-1.219820678234100342e-01
-1.249371767044067383e-01
-1.305735409259796143e-01
-1.360399574041366577e-01
-1.520621478557586670e-01
-1.715007424354553223e-01
-1.699864119291305542e-01
-1.651476621627807617e-01
-1.673000901937484741e-01
-1.797123551368713379e-01
-1.967276334762573242e-01
-1.977459490299224854e-01
-1.987696290016174316e-01
-1.419892013072967529e-01
-2.441784366965293884e-02
1.114075183868408203e-01
2.218656837940216064e-01
2.498636096715927124e-01
2.204249352216720581e-01
1.479027420282363892e-01
8.731450140476226807e-02
5.701855942606925964e-02
2.886860631406307220e-02
1.828907430171966553e-02
9.192483499646186829e-03
7.305154576897621155e-04
-1.535151153802871704e-02
-3.234457224607467651e-02
-4.210818558931350708e-02
-4.875404387712478638e-02
-1.798192970454692841e-02
4.548601433634757996e-02
1.170204281806945801e-01
1.517907083034515381e-01
1.677483022212982178e-01
1.566201448440551758e-01
1.362560093402862549e-01
1.109913289546966553e-01
8.494187146425247192e-02
6.578274071216583252e-02
3.802812844514846802e-02
3.002779558300971985e-02
1.578551903367042542e-02
3.599224844947457314e-03
-1.176209934055805206e-02
-1.339350827038288116e-02
-6.066591478884220123e-03
1.280496641993522644e-02
3.137253597378730774e-02
4.817647859454154968e-02
5.591235682368278503e-02
5.664712563157081604e-02
6.176122650504112244e-02
5.931385606527328491e-02
7.265623658895492554e-02
8.352112025022506714e-02
9.916421025991439819e-02
9.526868164539337158e-02
7.664595544338226318e-02
4.741082340478897095e-02
1.830432191491127014e-02
4.354778211563825607e-03
5.637044552713632584e-03
2.140059322118759155e-02
3.069978393614292145e-02
3.718552365899085999e-02
2.888402342796325684e-02
2.256102859973907471e-02
1.343442685902118683e-02
1.596963149495422840e-03
-4.793993663042783737e-03
-1.445615850389003754e-02
-1.241564564406871796e-02
-1.547577697783708572e-02
-1.982873864471912384e-02
-2.288160286843776703e-02
-3.502951934933662415e-02
-3.410487994551658630e-02
-4.227761924266815186e-02
-4.992252588272094727e-02
-6.416215002536773682e-02
-7.279425859451293945e-02
-7.252517342567443848e-02
-7.856105268001556396e-02
-8.650886267423629761e-02
-1.022010818123817444e-01
-1.142254620790481567e-01
-1.209310665726661682e-01
-1.142533048987388611e-01
-1.212027072906494141e-01
-1.448690146207809448e-01
-1.724590063095092773e-01
-1.793378591537475586e-01
-1.596976518630981445e-01
-1.472736299037933350e-01
-1.512605696916580200e-01
-1.716489493846893311e-01
-1.984099447727203369e-01
-2.019143998622894287e-01
-1.968139559030532837e-01
-1.231501027941703796e-01
-5.260523408651351929e-03
1.309626847505569458e-01
2.305282652378082275e-01
2.447026968002319336e-01
2.153657823801040649e-01
1.324533820152282715e-01
8.041885495185852051e-02
4.296315088868141174e-02
2.657097950577735901e-02
1.635180413722991943e-02
5.884653422981500626e-03
4.106959328055381775e-03
-1.125308498740196228e-02
-2.615143731236457825e-02
-4.293182119727134705e-02
-3.546768799424171448e-02
5.463710986077785492e-04
6.295035779476165771e-02
1.214023232460021973e-01
1.551864743232727051e-01
1.637661010026931763e-01
1.493577361106872559e-01
1.293955147266387939e-01
9.956763684749603271e-02
6.923752278089523315e-02
4.167382046580314636e-02
2.132664248347282410e-02
1.010845974087715149e-02
-5.806454923003911972e-03
-1.156527642160654068e-02
-1.653144881129264832e-02
-7.976672612130641937e-03
4.858684726059436798e-03
2.222707495093345642e-02
3.723744302988052368e-02
4.758439585566520691e-02
5.762562528252601624e-02
6.357686966657638550e-02
7.188372313976287842e-02
7.024930417537689209e-02
7.322470843791961670e-02
7.730349898338317871e-02
9.383337199687957764e-02
9.764908999204635620e-02
7.170959562063217163e-02
3.616636246442794800e-02
4.287783056497573853e-03
-1.727019436657428741e-03
1.948028104379773140e-03
1.324627082794904709e-02
2.213110402226448059e-02
2.520872838795185089e-02
3.608288243412971497e-02
3.642824292182922363e-02
3.610597550868988037e-02
1.978881657123565674e-02
-4.255117382854223251e-04
-1.277879532426595688e-02
-1.713628135621547699e-02
-1.595878973603248596e-02
-2.221589535474777222e-02
-2.755686268210411072e-02
-2.922155335545539856e-02
-3.142007812857627869e-02
-4.134472459554672241e-02
-4.668964445590972900e-02
-6.153702735900878906e-02
-7.084973901510238647e-02
-7.072025537490844727e-02
-6.424401700496673584e-02
-6.536072492599487305e-02
-8.560431003570556641e-02
-9.759684652090072632e-02
-1.074512302875518799e-01
-1.022287979722023010e-01
-1.026127487421035767e-01
-1.163177788257598877e-01
-1.330070346593856812e-01
-1.499117016792297363e-01
-1.484962999820709229e-01
-1.545205414295196533e-01
-1.441704034805297852e-01
-1.520101130008697510e-01
-1.694511324167251587e-01
-1.876226663589477539e-01
-1.906405240297317505e-01
-1.862466335296630859e-01
-1.656494587659835815e-01
-7.426360994577407837e-02
4.674378037452697754e-02
1.760184466838836670e-01
2.320003062486648560e-01
2.483841925859451294e-01
1.942271441221237183e-01
1.199852079153060913e-01
7.260817289352416992e-02
2.867615595459938049e-02
1.116276253014802933e-02
-1.395031064748764038e-02
-1.162754278630018234e-02
-2.284385636448860168e-02
-2.957156859338283539e-02
-3.072458505630493164e-02
-3.128002583980560303e-02
-1.327368896454572678e-02
2.364560402929782867e-02
8.765941858291625977e-02
1.401341855525970459e-01
1.635262370109558105e-01
1.634736806154251099e-01
1.434514522552490234e-01
1.136451885104179382e-01
8.192683756351470947e-02
4.656434431672096252e-02
1.669529639184474945e-02
-3.034677938558161259e-04
-4.004951566457748413e-03
-9.615596383810043335e-03
-8.161456324160099030e-03
-9.221009910106658936e-03
-7.482771761715412140e-04
1.224964857101440430e-02
3.217749297618865967e-02
5.334760621190071106e-02
6.382410973310470581e-02
7.788347452878952026e-02
7.211721688508987427e-02
6.792359054088592529e-02
6.222397089004516602e-02
6.305500119924545288e-02
6.679318845272064209e-02
7.182736694812774658e-02
7.267519831657409668e-02
5.483595281839370728e-02
2.578485384583473206e-02
5.882908590137958527e-03
3.894100431352853775e-03
1.363351568579673767e-02
2.526119351387023926e-02
3.719547763466835022e-02
4.159164801239967346e-02
4.065325111150741577e-02
4.174103960394859314e-02
3.129720315337181091e-02
1.113572716712951660e-02
-1.172838453203439713e-02
-1.653947308659553528e-02
-1.835105195641517639e-02
-1.120764017105102539e-02
-9.645462967455387115e-03
-1.595293544232845306e-02
-2.510847896337509155e-02
-2.856863848865032196e-02
-2.802204713225364685e-02
-3.002106957137584686e-02
-3.337660431861877441e-02
-4.331745952367782593e-02
-4.779516160488128662e-02
-5.387178063392639160e-02
-5.505313351750373840e-02
-6.885737925767898560e-02
-8.653955161571502686e-02
-1.029837429523468018e-01
-1.105454564094543457e-01
-1.049043834209442139e-01
-1.015504300594329834e-01
-1.042829751968383789e-01
-1.225061565637588501e-01
-1.421963572502136230e-01
-1.429551094770431519e-01
-1.362513601779937744e-01
-1.252453178167343140e-01
-1.267622262239456177e-01
-1.444768607616424561e-01
-1.593118906021118164e-01
-1.793204098939895630e-01
-1.739181727170944214e-01
-1.624560058116912842e-01
-9.083339571952819824e-02
2.443862333893775940e-02
1.346472352743148804e-01
2.197026908397674561e-01
2.320840507745742798e-01
1.959493160247802734e-01
1.181375980377197266e-01
6.126382946968078613e-02
2.076265215873718262e-02
-4.773419816046953201e-03
-2.102730236947536469e-02
-2.645080164074897766e-02
-1.871321722865104675e-02
-1.790489815175533295e-02
-1.289380621165037155e-02
-8.237472735345363617e-03
-1.502195140346884727e-03
2.450164034962654114e-02
7.781125605106353760e-02
1.278051435947418213e-01
1.584273874759674072e-01
1.596974134445190430e-01
1.346720755100250244e-01
9.902596473693847656e-02
5.615440011024475098e-02
2.112493291497230530e-02
-5.237834993749856949e-03
-1.803397946059703827e-02
-1.355852559208869934e-02
-7.023324724286794662e-03
2.516771899536252022e-03
1.211344823241233826e-02
2.545137703418731689e-02
3.501810133457183838e-02
4.898038879036903381e-02
6.203472614288330078e-02
7.424437999725341797e-02
8.227688074111938477e-02
7.421745359897613525e-02
6.501829624176025391e-02
5.358801409602165222e-02
4.624447971582412720e-02
4.189863801002502441e-02
4.025945067405700684e-02
4.814552143216133118e-02
4.819637909531593323e-02
4.123405367136001587e-02
3.476797416806221008e-02
2.802028506994247437e-02
2.278761751949787140e-02
2.985778823494911194e-02
4.390172287821769714e-02
4.961704835295677185e-02
4.928511381149291992e-02
3.859630972146987915e-02
2.727127633988857269e-02
1.181451883167028427e-02
-6.774026434868574142e-03
-1.966303959488868713e-02
-2.636234834790229797e-02
-2.339233644306659698e-02
-1.098906807601451874e-02
-4.267737269401550293e-03
-2.452791668474674225e-03
-9.046986699104309082e-03
-1.591320708394050598e-02
-2.423180453479290009e-02
-2.839192189276218414e-02
-3.197177499532699585e-02
-4.116824269294738770e-02
-4.658853262662887573e-02
-5.326351523399353027e-02
-6.181888282299041748e-02
-7.762164622545242310e-02
-9.665603935718536377e-02
-1.140552908182144165e-01
-1.165670454502105713e-01
-1.099191009998321533e-01
-9.393891692161560059e-02
-9.504354000091552734e-02
-1.021102368831634521e-01
-1.140971481800079346e-01
-1.235051527619361877e-01
-1.295776069164276123e-01
-1.239293813705444336e-01
-1.177467852830886841e-01
-1.320140361785888672e-01
-1.410292983055114746e-01
-1.514064967632293701e-01
-1.534005850553512573e-01
-1.603098809719085693e-01
-1.295760422945022583e-01
-4.424018040299415588e-02
6.568466126918792725e-02
1.667606532573699951e-01
2.188143432140350342e-01
2.034930288791656494e-01
1.453352868556976318e-01
8.604250848293304443e-02
3.851449489593505859e-02
-3.057244000956416130e-03
-3.262730687856674194e-02
-4.551699757575988770e-02
-4.120041802525520325e-02
-2.213605307042598724e-02
-3.259120509028434753e-03
1.125979050993919373e-02
1.041883323341608047e-02
2.672509849071502686e-02
6.187564879655838013e-02
1.028619930148124695e-01
1.339207440614700317e-01
1.408405601978302002e-01
1.292073428630828857e-01
1.006444990634918213e-01
6.812044978141784668e-02
3.977167606353759766e-02
8.728093467652797699e-03
-1.811476238071918488e-02
-2.121447026729583740e-02
-1.945803686976432800e-02
-4.582175519317388535e-03
8.552939631044864655e-03
2.484750375151634216e-02
3.872336447238922119e-02
5.297125875949859619e-02
7.651458680629730225e-02
8.259601145982742310e-02
8.602160215377807617e-02
7.761981338262557983e-02
6.606201827526092529e-02
5.445993319153785706e-02
4.096872732043266296e-02
2.857108041644096375e-02
2.071442455053329468e-02
2.661340124905109406e-02
3.968166187405586243e-02
4.165966063737869263e-02
3.980401903390884399e-02
4.337553307414054871e-02
4.232093691825866699e-02
4.560744017362594604e-02
4.436418786644935608e-02
4.913056269288063049e-02
4.780145734548568726e-02
4.586393013596534729e-02
4.358684271574020386e-02
2.596798911690711975e-02
9.280415251851081848e-03
-2.473444677889347076e-02
-4.143181815743446350e-02
-5.462208390235900879e-02
-5.218064785003662109e-02
-3.042072430253028870e-02
-1.394812017679214478e-02
1.700313575565814972e-02
2.875859849154949188e-02
2.885845676064491272e-02
9.532642550766468048e-03
-1.587596535682678223e-02
-3.751597180962562561e-02
-5.837919935584068298e-02
-6.214521825313568115e-02
-6.965505331754684448e-02
-7.340326905250549316e-02
-8.415818959474563599e-02
-9.467282891273498535e-02
-9.588541090488433838e-02
-1.009737253189086914e-01
-1.092324331402778625e-01
-1.148826703429222107e-01
-1.026013344526290894e-01
-8.585858345031738281e-02
-6.594291329383850098e-02
-6.162685900926589966e-02
-8.342152833938598633e-02
-1.207692921161651611e-01
-1.407366096973419189e-01
-1.317358165979385376e-01
-1.173661351203918457e-01
-1.224671602249145508e-01
-1.453860998153686523e-01
-1.484927386045455933e-01
-1.398293673992156982e-01
-1.107614636421203613e-01
-4.752801358699798584e-02
2.447066456079483032e-02
9.803514927625656128e-02
1.561731100082397461e-01
1.775521934032440186e-01
1.573090255260467529e-01
9.434957802295684814e-02
4.529511928558349609e-02
1.017357222735881805e-03
-2.123105712234973907e-02
-2.016063034534454346e-02
-3.084813430905342102e-02
-2.930723503232002258e-02
-2.362957224249839783e-02
-4.517810419201850891e-03
1.131504122167825699e-02
3.166548907756805420e-02
6.394195556640625000e-02
9.948037564754486084e-02
1.247303783893585205e-01
1.316411793231964111e-01
1.232239305973052979e-01
9.346763044595718384e-02
6.090984493494033813e-02
3.419636562466621399e-02
8.844267576932907104e-03
-5.931837484240531921e-03
-1.152608729898929596e-02
-3.135659266263246536e-03
9.364801459014415741e-03
2.035379596054553986e-02
2.813515067100524902e-02
3.679116070270538330e-02
5.151237547397613525e-02
6.410285085439682007e-02
8.016440272331237793e-02
8.545082062482833862e-02
8.711181581020355225e-02
7.264012843370437622e-02
4.849750548601150513e-02
3.252818435430526733e-02
1.764567941427230835e-02
1.381543837487697601e-02
2.285398170351982117e-02
3.547408431768417358e-02
5.040248110890388489e-02
4.577701911330223083e-02
4.547566175460815430e-02
5.054098740220069885e-02
4.958674311637878418e-02
4.932051524519920349e-02
4.146365448832511902e-02
4.445494711399078369e-02
3.538960963487625122e-02
2.887299098074436188e-02
1.198624260723590851e-02
-1.681076176464557648e-02
-3.514488041400909424e-02
-4.831757396459579468e-02
-3.273764252662658691e-02
-1.400703378021717072e-02
8.956668898463249207e-05
6.231895647943019867e-03
1.193496584892272949e-02
2.756961993873119354e-02
2.103492245078086853e-02
4.296105355024337769e-03
-2.720513567328453064e-02
-5.567749962210655212e-02
-7.076158374547958374e-02
-8.006472885608673096e-02
-7.227655500173568726e-02
-7.438251376152038574e-02
-7.923392206430435181e-02
-8.832320570945739746e-02
-9.049800038337707520e-02
-8.265890181064605713e-02
-8.054192364215850830e-02
-6.913349032402038574e-02
-6.558819115161895752e-02
-6.659422814846038818e-02
-7.852974534034729004e-02
-8.953171968460083008e-02
-9.325582534074783325e-02
-9.995133429765701294e-02
-1.031685024499893188e-01
-1.074340492486953735e-01
-9.957276284694671631e-02
-1.056189835071563721e-01
-1.095152050256729126e-01
-1.205755844712257385e-01
-1.298742294311523438e-01
-1.172524094581604004e-01
-1.098793596029281616e-01
-5.167026817798614502e-02
2.476029656827449799e-02
1.003969609737396240e-01
1.372669339179992676e-01
1.288792788982391357e-01
1.094831004738807678e-01
6.397392600774765015e-02
4.188550636172294617e-02
1.872471347451210022e-02
-2.648457651957869530e-03
-1.298509538173675537e-02
-2.058124914765357971e-02
-1.137700490653514862e-02
2.339905127882957458e-03
1.608130149543285370e-02
2.457700856029987335e-02
3.175141662359237671e-02
5.697232484817504883e-02
8.971565961837768555e-02
1.121610999107360840e-01
1.188277304172515869e-01
1.094073355197906494e-01
8.355443179607391357e-02
5.877367779612541199e-02
3.542276099324226379e-02
2.524716407060623169e-02
1.345928572118282318e-02
3.331958781927824020e-03
1.269131898880004883e-02
1.092765294015407562e-02
2.968677692115306854e-02
3.927670791745185852e-02
5.417647212743759155e-02
7.322109490633010864e-02
7.458520680665969849e-02
8.316648006439208984e-02
6.472716480493545532e-02
5.409093573689460754e-02
4.816789925098419189e-02
3.878355026245117188e-02
4.438408836722373962e-02
3.736081719398498535e-02
3.496394306421279907e-02
3.364835679531097412e-02
3.789203613996505737e-02
4.915333539247512817e-02
5.026721209287643433e-02
4.448119550943374634e-02
4.786146059632301331e-02
5.215527117252349854e-02
5.872323364019393921e-02
5.817095935344696045e-02
4.371026903390884399e-02
2.273365668952465057e-02
-9.410602506250143051e-04
-8.083416149020195007e-03
-1.744092628359794617e-02
-2.421608194708824158e-02
-3.219097107648849487e-02
-3.619827330112457275e-02
-2.587154507637023926e-02
-8.137687109410762787e-03
5.143651273101568222e-03
8.161801844835281372e-03
8.386677131056785583e-03
1.141856424510478973e-02
4.033721052110195160e-03
-9.652002714574337006e-03
-3.258062526583671570e-02
-6.374342739582061768e-02
-8.899755775928497314e-02
-1.015661284327507019e-01
-9.582166373729705811e-02
-8.917866647243499756e-02
-8.808255940675735474e-02
-8.828023076057434082e-02
-7.811954617500305176e-02
-6.265497207641601562e-02
-5.339704081416130066e-02
-4.012528806924819946e-02
-3.942498564720153809e-02
-5.411926284432411194e-02
-7.232038676738739014e-02
-8.118656277656555176e-02
-7.856374979019165039e-02
-9.294138848781585693e-02
-1.078851819038391113e-01
-1.282182931900024414e-01
-1.251828670501708984e-01
-1.097775921225547791e-01
-9.884354472160339355e-02
-7.870893180370330811e-02
-8.321506530046463013e-02
-8.343389630317687988e-02
-8.435738831758499146e-02
-5.211043730378150940e-02
2.374842762947082520e-02
7.793588191270828247e-02
1.078987121582031250e-01
9.659650921821594238e-02
7.935052365064620972e-02
6.646743416786193848e-02
5.396272242069244385e-02
4.334987699985504150e-02
1.175597589462995529e-02
-9.047996252775192261e-03
-1.912840828299522400e-02
-5.289999768137931824e-03
1.465128920972347260e-02
1.988762244582176208e-02
2.593165263533592224e-02
2.425954490900039673e-02
4.320039600133895874e-02
7.044173032045364380e-02
9.612181037664413452e-02
1.073607206344604492e-01
9.817898273468017578e-02
8.310893177986145020e-02
6.279359757900238037e-02
5.254827439785003662e-02
3.701764345169067383e-02
2.905365452170372009e-02
2.388297207653522491e-02
2.158576622605323792e-02
2.428680658340454102e-02
2.673251740634441376e-02
3.166504576802253723e-02
4.112207517027854919e-02
5.403213575482368469e-02
6.882401555776596069e-02
7.595749199390411377e-02
7.329628616571426392e-02
6.094258278608322144e-02
4.215049371123313904e-02
2.957507036626338959e-02
2.169585227966308594e-02
2.194986492395401001e-02
2.589359320700168610e-02
3.453085944056510925e-02
4.209247976541519165e-02
4.996512830257415771e-02
4.754702746868133545e-02
4.825628548860549927e-02
4.679550975561141968e-02
4.229417443275451660e-02
3.872708231210708618e-02
2.912108972668647766e-02
1.973357610404491425e-02
1.481215097010135651e-02
1.098094321787357330e-02
9.529057424515485764e-04
-1.340616866946220398e-02
-2.749574743211269379e-02
-2.311947010457515717e-02
-2.270319685339927673e-02
-1.784703694283962250e-02
-2.044198475778102875e-02
-2.092977240681648254e-02
-1.379171013832092285e-02
-1.435885112732648849e-02
-1.029447745531797409e-02
-1.644830591976642609e-02
-2.677039429545402527e-02
-4.575091600418090820e-02
-6.285433471202850342e-02
-7.235512882471084595e-02
-8.283372968435287476e-02
-9.032158553600311279e-02
-9.215916693210601807e-02
-8.330018818378448486e-02
-6.413009017705917358e-02
-5.352894216775894165e-02
-4.972607269883155823e-02
-5.178983137011528015e-02
-5.581388622522354126e-02
-5.632346123456954956e-02
-5.893357843160629272e-02
-6.254886090755462646e-02
-7.161815464496612549e-02
-9.326329082250595093e-02
-1.091159433126449585e-01
-1.084938198328018188e-01
-9.623184800148010254e-02
-8.263612538576126099e-02
-7.801091670989990234e-02
-7.140132784843444824e-02
-6.769710034132003784e-02
-5.716969817876815796e-02
-5.594968795776367188e-02
-5.797718465328216553e-02
-5.166061967611312866e-02
-2.693013846874237061e-02
2.836277522146701813e-02
5.951295047998428345e-02
7.207739353179931641e-02
6.287778913974761963e-02
4.823230206966400146e-02
4.205170273780822754e-02
2.512675523757934570e-02
1.944516226649284363e-02
9.078802540898323059e-03
1.074600964784622192e-02
2.093132957816123962e-02
3.437732905149459839e-02
4.049118608236312866e-02
3.342416509985923767e-02
2.300084568560123444e-02
2.334777452051639557e-02
4.623788595199584961e-02
6.929847598075866699e-02
8.052259683609008789e-02
7.671672105789184570e-02
7.348771393299102783e-02
6.734842807054519653e-02
6.300397217273712158e-02
5.135796964168548584e-02
3.933081403374671936e-02
3.133760392665863037e-02
2.417673915624618530e-02
2.745717763900756836e-02
2.951327711343765259e-02
3.175024315714836121e-02
3.407400846481323242e-02
4.233179241418838501e-02
5.568090826272964478e-02
6.485322862863540649e-02
6.387167423963546753e-02
5.683002620935440063e-02
4.749307036399841309e-02
3.374988585710525513e-02
2.465871535241603851e-02
2.071422524750232697e-02
2.231171540915966034e-02
2.459736168384552002e-02
2.588584274053573608e-02
3.310129046440124512e-02
3.531609848141670227e-02
3.626319766044616699e-02
3.560020029544830322e-02
3.456147015094757080e-02
4.148745164275169373e-02
4.526292905211448669e-02
4.862447082996368408e-02
4.262976348400115967e-02
2.597511745989322662e-02
5.243705585598945618e-03
-2.070555835962295532e-02
-3.553943708539009094e-02
-4.245670884847640991e-02
-3.685302659869194031e-02
-2.380899339914321899e-02
-1.505361031740903854e-02
-5.092744249850511551e-03
-2.258228603750467300e-03
-1.550894230604171753e-03
-3.468124195933341980e-03
-1.210334524512290955e-02
-2.368505671620368958e-02
-3.040280938148498535e-02
-3.680257499217987061e-02
-4.839583486318588257e-02
-6.400363892316818237e-02
-7.120612263679504395e-02
-6.606203317642211914e-02
-5.972939729690551758e-02
-5.690006539225578308e-02
-5.944365262985229492e-02
-6.353959441184997559e-02
-6.304924190044403076e-02
-5.691917985677719116e-02
-4.610888659954071045e-02
-3.980424255132675171e-02
-4.733286052942276001e-02
-5.266570299863815308e-02
-5.513200908899307251e-02
-5.102984607219696045e-02
-5.157585069537162781e-02
-6.677681952714920044e-02
-8.150303363800048828e-02
-9.370896220207214355e-02
-1.001735329627990723e-01
-9.132455289363861084e-02
-7.259960472583770752e-02
-5.251029878854751587e-02
-4.491538554430007935e-02
-4.950870573520660400e-02
-4.109952598810195923e-02
-3.234507143497467041e-02
-3.266491740942001343e-02
-2.043987810611724854e-02
-1.149997697211802006e-03
3.133608400821685791e-02
4.473801702260971069e-02
4.865465313196182251e-02
5.382050201296806335e-02
3.933633863925933838e-02
3.719618171453475952e-02
2.257226407527923584e-02
1.627850532531738281e-02
9.099138900637626648e-03
6.219946313649415970e-03
1.592314243316650391e-02
1.632933318614959717e-02
2.827057242393493652e-02
2.986877039074897766e-02
2.957317978143692017e-02
3.810692951083183289e-02
4.849576950073242188e-02
6.254433095455169678e-02
6.428308784961700439e-02
6.543304771184921265e-02
6.414185464382171631e-02
5.688131228089332581e-02
5.291475355625152588e-02
4.586396738886833191e-02
4.039160534739494324e-02
3.432133048772811890e-02
3.644447028636932373e-02
4.176047071814537048e-02
4.023608937859535217e-02
3.506457433104515076e-02
3.496066480875015259e-02
3.342461213469505310e-02
3.864370286464691162e-02
4.023682326078414917e-02
4.244557395577430725e-02
4.839746654033660889e-02
4.047426208853721619e-02
3.817656263709068298e-02
3.161494433879852295e-02
2.513520419597625732e-02
2.603539638221263885e-02
2.868204563856124878e-02
3.681232407689094543e-02
4.187664017081260681e-02
4.316375777125358582e-02
4.162399098277091980e-02
3.493519499897956848e-02
2.956628240644931793e-02
2.486084029078483582e-02
1.973172277212142944e-02
1.229237578809261322e-02
7.461536675691604614e-03
-1.879511517472565174e-03
-8.167659863829612732e-03
-1.456003077328205109e-02
-2.379556745290756226e-02
-2.658515051007270813e-02
-2.802821621298789978e-02
-1.693527773022651672e-02
-9.701123461127281189e-03
-7.142248563468456268e-03
-8.640442043542861938e-03
-1.801831275224685669e-02
-2.392429858446121216e-02
-3.057377412915229797e-02
-3.355009853839874268e-02
-3.745570033788681030e-02
-4.351415485143661499e-02
-4.998824372887611389e-02
-6.099677830934524536e-02
-6.276147812604904175e-02
-5.707700923085212708e-02
-5.106512829661369324e-02
-4.704445600509643555e-02
-5.168226361274719238e-02
-5.217511206865310669e-02
-4.408630728721618652e-02
-3.989688307046890259e-02
-3.628535568714141846e-02
-5.433922260999679565e-02
-6.399162113666534424e-02
-6.272718310356140137e-02
-5.641406029462814331e-02
-3.105401434004306793e-02
-2.839145064353942871e-02
-2.914832718670368195e-02
-5.087387189269065857e-02
-6.527528911828994751e-02
-5.804599076509475708e-02
-5.924294143915176392e-02
-5.346403270959854126e-02
-5.145042017102241516e-02
-4.143448919057846069e-02
-3.007515706121921539e-02
-2.857487648725509644e-02
-2.662690356373786926e-02
-3.434566408395767212e-02
-2.733189798891544342e-02
3.519745077937841415e-04
2.180612087249755859e-02
4.161059111356735229e-02
3.850543498992919922e-02
3.279148787260055542e-02
3.442743420600891113e-02
2.935393899679183960e-02
3.402617201209068298e-02
2.552833408117294312e-02
1.707437820732593536e-02
2.533601596951484680e-02
2.963425591588020325e-02
3.906940668821334839e-02
3.757104277610778809e-02
3.281246870756149292e-02
3.622647374868392944e-02
3.598912805318832397e-02
4.496232047677040100e-02
4.978403449058532715e-02
5.010931938886642456e-02
4.866212233901023865e-02
4.364715516567230225e-02
4.333818703889846802e-02
4.024330154061317444e-02
3.646876290440559387e-02
3.517041355371475220e-02
3.662527352571487427e-02
4.061605408787727356e-02
4.456098750233650208e-02
4.041296988725662231e-02
3.258514776825904846e-02
2.725832350552082062e-02
3.117447905242443085e-02
4.170532524585723877e-02
4.456015303730964661e-02
4.695713892579078674e-02
3.782145306468009949e-02
2.877699770033359528e-02
2.363648638129234314e-02
1.774512045085430145e-02
2.101614885032176971e-02
1.845266856253147125e-02
1.960300281643867493e-02
2.288960479199886322e-02
2.692518942058086395e-02
3.118932247161865234e-02
2.631636708974838257e-02
2.838306128978729248e-02
2.772960066795349121e-02
2.249231189489364624e-02
1.560657750815153122e-02
7.309494074434041977e-03
7.034969516098499298e-03
3.475877689197659492e-03
-3.685738658532500267e-03
-1.182879135012626648e-02
-2.451826818287372589e-02
-2.769344858825206757e-02
-2.697977982461452484e-02
-2.313990890979766846e-02
-2.030473016202449799e-02
-2.318058535456657410e-02
-2.447163313627243042e-02
-2.438161149621009827e-02
-2.044346369802951813e-02
-2.345392666757106781e-02
-3.160810098052024841e-02
-3.801942244172096252e-02
-4.366299137473106384e-02
-4.742652550339698792e-02
-4.714011773467063904e-02
-4.719769954681396484e-02
-4.666958004236221313e-02
-4.691147059202194214e-02
-4.085613787174224854e-02
-3.701124712824821472e-02
-3.775891661643981934e-02
-3.747648000717163086e-02
-3.146113827824592590e-02
-2.907399833202362061e-02
-3.010417893528938293e-02
-3.511391580104827881e-02
-3.905181959271430969e-02
-4.592046141624450684e-02
-5.771040171384811401e-02
-5.350619181990623474e-02
-5.329691618680953979e-02
-4.456440731883049011e-02
-4.119970649480819702e-02
-3.547289595007896423e-02
-2.410189807415008545e-02
-1.848782226443290710e-02
-1.009584777057170868e-02
-9.625020436942577362e-03
-1.485631242394447327e-02
-1.944543421268463135e-02
-2.764821797609329224e-02
-2.468940988183021545e-02
-1.019197143614292145e-02
3.324078395962715149e-03
1.246543601155281067e-02
6.848669610917568207e-03
6.751534529030323029e-03
9.547914378345012665e-03
1.561146322637796402e-02
2.255229651927947998e-02
2.363007329404354095e-02
2.037021517753601074e-02
1.780087873339653015e-02
2.101475186645984650e-02
2.787396311759948730e-02
2.877108193933963776e-02
2.547983080148696899e-02
2.408697828650474548e-02
2.599019557237625122e-02
3.046027757227420807e-02
3.159230947494506836e-02
3.417846187949180603e-02
3.454453125596046448e-02
3.710931167006492615e-02
3.871602565050125122e-02
4.309492185711860657e-02
4.206613451242446899e-02
3.558013588190078735e-02
3.121561370790004730e-02
2.515230141580104828e-02
2.580490335822105408e-02
2.113383077085018158e-02
2.075763419270515442e-02
2.517669834196567535e-02
2.873903885483741760e-02
3.179648891091346741e-02
2.831870876252651215e-02
2.641678974032402039e-02
2.972262538969516754e-02
3.545223921537399292e-02
3.909756615757942200e-02
3.359468281269073486e-02
2.301630005240440369e-02
1.771714165806770325e-02
1.339618861675262451e-02
1.927465759217739105e-02
1.815146766602993011e-02
1.376609317958354950e-02
1.157891564071178436e-02
1.401574537158012390e-02
2.509530819952487946e-02
2.025600895285606384e-02
1.063593197613954544e-02
5.342198535799980164e-03
1.649366924539208412e-03
4.759863950312137604e-03
1.198173384182155132e-03
-6.569580873474478722e-04
-2.979287179186940193e-03
-1.264303736388683319e-02
-1.244362629950046539e-02
-1.931507512927055359e-02
-1.971591450273990631e-02
-2.186325192451477051e-02
-1.502772420644760132e-02
-3.417194820940494537e-03
-4.000129178166389465e-03
-1.104323659092187881e-02
-2.301694825291633606e-02
-2.540697529911994934e-02
-2.560883946716785431e-02
-2.741575986146926880e-02
-2.964542433619499207e-02
-2.971581369638442993e-02
-3.051111474633216858e-02
-3.079566359519958496e-02
-3.191820904612541199e-02
-3.146509826183319092e-02
-3.552763909101486206e-02
-3.512485325336456299e-02
-2.693705447018146515e-02
-2.048123814165592194e-02
-2.381911501288414001e-02
-3.253350779414176941e-02
-3.222101926803588867e-02
-2.465740218758583069e-02
-2.482733130455017090e-02
-2.780850045382976532e-02
-3.266460821032524109e-02
-3.395775333046913147e-02
-3.177409991621971130e-02
-3.066271916031837463e-02
-2.713133022189140320e-02
-3.143041580915451050e-02
-3.615199029445648193e-02
-3.686065226793289185e-02
-2.734314836561679840e-02
-1.654420793056488037e-02
-1.266849599778652191e-02
-1.498505938798189163e-02
-1.553362607955932617e-02
-1.320395432412624359e-02
-1.238980144262313843e-02
-1.615588553249835968e-02
-1.562177762389183044e-02
-7.313669659197330475e-03
2.874938305467367172e-03
1.154518127441406250e-02
1.404298841953277588e-02
1.635671034455299377e-02
1.533886883407831192e-02
1.510767173022031784e-02
1.475281734019517899e-02
1.106249727308750153e-02
8.509546518325805664e-03
9.232558310031890869e-03
1.425031479448080063e-02
2.083526924252510071e-02
2.528977394104003906e-02
2.450060844421386719e-02
2.151460573077201843e-02
2.334563247859477997e-02
2.765833027660846710e-02
3.295262157917022705e-02
3.755701333284378052e-02
4.044196754693984985e-02
4.160513356328010559e-02
3.722228109836578369e-02
3.451485186815261841e-02
3.130689263343811035e-02
2.722717449069023132e-02
2.583117410540580750e-02
2.545163221657276154e-02
2.475154958665370941e-02
2.188297733664512634e-02
2.315915189683437347e-02
2.368715032935142517e-02
2.347842417657375336e-02
2.438319101929664612e-02
2.531663887202739716e-02
2.700064331293106079e-02
2.529587224125862122e-02
2.407465130090713501e-02
2.374729514122009277e-02
2.040466107428073883e-02
1.953011192381381989e-02
1.797543838620185852e-02
1.576808653771877289e-02
1.218582969158887863e-02
9.113281033933162689e-03
9.366163983941078186e-03
7.583853788673877716e-03
5.955234635621309280e-03
3.759683109819889069e-03
2.428394509479403496e-03
1.204461557790637016e-03
2.562875859439373016e-03
3.611874999478459358e-03
7.234683143906295300e-04
-3.198314690962433815e-03
-7.705220486968755722e-03
-9.899980388581752777e-03
-1.006575301289558411e-02
-1.236907020211219788e-02
-1.397087331861257553e-02
-1.667380705475807190e-02
-1.773391291499137878e-02
-1.590931788086891174e-02
-1.403941027820110321e-02
-1.500202622264623642e-02
-2.072229608893394470e-02
-2.449152618646621704e-02
-2.508607506752014160e-02
-2.490810304880142212e-02
-2.786456421017646790e-02
-3.273738175630569458e-02
-3.668450936675071716e-02
-3.613160550594329834e-02
-2.971465885639190674e-02
-2.126586437225341797e-02
-1.799753122031688690e-02
-2.378773316740989685e-02
-2.944299206137657166e-02
-3.328480571508407593e-02
-3.286714106798171997e-02
-3.200032562017440796e-02
-3.207521885633468628e-02
-3.210375085473060608e-02
-3.386575728654861450e-02
-3.173265233635902405e-02
-3.029615245759487152e-02
-2.831408195197582245e-02
-3.119570203125476837e-02
-3.503374010324478149e-02
-3.607926890254020691e-02
-3.287028521299362183e-02
-2.829112857580184937e-02
-2.462513372302055359e-02
-2.420063316822052002e-02
-2.549469470977783203e-02
-2.464423328638076782e-02
-2.342935465276241302e-02
-1.528694294393062592e-02
-9.367312304675579071e-03
-4.350823350250720978e-03
6.504772230982780457e-03
1.648298837244510651e-02
2.108061127364635468e-02
6.736147217452526093e-03
-2.865083748474717140e-03
2.691463567316532135e-03
8.100446313619613647e-03
1.498510129749774933e-02
1.197600923478603363e-02
1.256934180855751038e-02
1.263811811804771423e-02
1.465934514999389648e-02
1.897303387522697449e-02
1.754670776426792145e-02
1.809866167604923248e-02
1.978880912065505981e-02
2.693435549736022949e-02
3.545109927654266357e-02
3.925687819719314575e-02
3.751329705119132996e-02
2.745516970753669739e-02
2.300785481929779053e-02
2.374214306473731995e-02
2.932052873075008392e-02
3.514593839645385742e-02
3.694231063127517700e-02
3.358217328786849976e-02
2.484747767448425293e-02
2.096976339817047119e-02
1.841207593679428101e-02
2.012150175869464874e-02
2.004686184227466583e-02
2.384353615343570709e-02
2.525442838668823242e-02
2.434975653886795044e-02
2.261502295732498169e-02
2.153054252266883850e-02
1.862827688455581665e-02
1.153537631034851074e-02
9.031357243657112122e-03
1.206367649137973785e-02
1.882189325988292694e-02
2.157975547015666962e-02
1.996179483830928802e-02
1.192135550081729889e-02
5.343471420928835869e-04
-5.717040039598941803e-03
-5.738992244005203247e-03
-3.178873099386692047e-03
-2.483463846147060394e-03
-1.422705128788948059e-03
-4.304075846448540688e-04
-2.704162150621414185e-03
-8.402513340115547180e-03
-1.553533319383859634e-02
-1.731637120246887207e-02
-1.903139613568782806e-02
-1.486363820731639862e-02
-8.985791355371475220e-03
-8.045218884944915771e-03
-9.063187986612319946e-03
-1.201460696756839752e-02
-1.371778082102537155e-02
-1.679995283484458923e-02
-2.033440023660659790e-02
-2.095357142388820648e-02
-2.290162816643714905e-02
-2.266863174736499786e-02
-2.070287987589836121e-02
-1.866072788834571838e-02
-2.007056586444377899e-02
-2.479671314358711243e-02
-2.538698166608810425e-02
-2.457961067557334900e-02
-2.164054289460182190e-02
-2.104286104440689087e-02
-2.212093584239482880e-02
-2.214916422963142395e-02
-1.915605738759040833e-02
-1.661296747624874115e-02
-1.686672493815422058e-02
-2.016615308821201324e-02
-2.204677462577819824e-02
-2.028750628232955933e-02
-1.916899904608726501e-02
-1.570340432226657867e-02
-1.487851049751043320e-02
-1.696473546326160431e-02
-1.774417422711849213e-02
-2.176251076161861420e-02
-2.400716021656990051e-02
-2.348991483449935913e-02
-1.838145032525062561e-02
-5.701709538698196411e-03
-2.650684211403131485e-03
-5.568988621234893799e-03
-9.429567493498325348e-03
-1.385626755654811859e-02
-1.103851757943630219e-02
-1.041838712990283966e-02
-1.050117984414100647e-02
-8.943821303546428680e-03
-1.060154056176543236e-03
1.295582856982946396e-02
1.776681467890739441e-02
1.161378715187311172e-02
6.895191967487335205e-03
6.850320380181074142e-03
9.700299240648746490e-03
1.296486705541610718e-02
1.162615325301885605e-02
1.651735976338386536e-02
2.172105386853218079e-02
2.505956962704658508e-02
2.309095114469528198e-02
1.221319194883108139e-02
6.986652035266160965e-03
8.150128647685050964e-03
1.371275633573532104e-02
2.179859764873981476e-02
2.823766879737377167e-02
3.329079598188400269e-02
3.262313455343246460e-02
2.523441798985004425e-02
1.726580597460269928e-02
9.221592918038368225e-03
5.877598188817501068e-03
9.711526334285736084e-03
1.835212111473083496e-02
2.534567192196846008e-02
2.895160205662250519e-02
2.981600165367126465e-02
2.643593214452266693e-02
1.877499371767044067e-02
7.415133528411388397e-03
4.167926963418722153e-04
9.417532710358500481e-04
9.672751650214195251e-03
2.196704782545566559e-02
2.354953065514564514e-02
1.964857988059520721e-02
1.570432446897029877e-02
1.218219939619302750e-02
9.264746680855751038e-03
2.800998976454138756e-03
2.387557411566376686e-03
4.307334311306476593e-03
8.810371160507202148e-03
1.382262073457241058e-02
1.254759076982736588e-02
9.690115228295326233e-03
3.031721571460366249e-03
-9.515063138678669930e-04
4.362141480669379234e-04
3.223280189558863640e-03
8.182138204574584961e-03
6.844404619187116623e-03
3.657618537545204163e-03
2.821325557306408882e-03
5.979283014312386513e-04
-7.113409694284200668e-03
-1.401474326848983765e-02
-1.305106468498706818e-02
-6.659870035946369171e-03
-1.190624898299574852e-03
-3.912615589797496796e-03
-5.110457073897123337e-03
-1.070986129343509674e-02
-1.175845041871070862e-02
-9.529823437333106995e-03
-7.772082462906837463e-03
-3.823200939223170280e-03
-3.922382369637489319e-03
-1.018496812321245670e-03
-7.240237900987267494e-04
-5.535555537790060043e-03
-1.265651546418666840e-02
-1.965260133147239685e-02
-1.986490562558174133e-02
-1.208066567778587341e-02
-2.159460913389921188e-03
2.211331157013773918e-03
-3.293687477707862854e-03
-1.067928411066532135e-02
-1.348935160785913467e-02
-1.362905465066432953e-02
-1.605164632201194763e-02
-1.907865516841411591e-02
-1.788003370165824890e-02
-8.949520997703075409e-03
1.259175594896078110e-03
6.550790742039680481e-03
2.799926558509469032e-03
-5.598867312073707581e-03
-8.382754400372505188e-03
-8.630383759737014771e-03
-7.157976739108562469e-03
-7.625821977853775024e-03
-5.500487051904201508e-03
-1.272858935408294201e-05
5.355711095035076141e-03
7.612328045070171356e-03
3.453269600868225098e-03
-9.654577006585896015e-04
-4.733647219836711884e-03
-5.087183322757482529e-03
-3.209955058991909027e-03
-2.640244085341691971e-03
-1.299366704188287258e-04
2.517290879040956497e-03
5.169227253645658493e-03
4.233198240399360657e-03
1.736992271617054939e-03
3.020987147465348244e-03
4.422261379659175873e-03
7.132383994758129120e-03
8.859906345605850220e-03
9.478637017309665680e-03
7.814081385731697083e-03
7.275760639458894730e-03
9.287122637033462524e-03
9.799271821975708008e-03
8.740139193832874298e-03
6.288562901318073273e-03
5.997322034090757370e-03
5.980812944471836090e-03
6.777125410735607147e-03
7.762593217194080353e-03
4.879252985119819641e-03
2.366860397160053253e-03
3.032669657841324806e-03
5.589372944086790085e-03
6.786093115806579590e-03
6.123431026935577393e-03
5.693925544619560242e-03
5.174159538000822067e-03
5.441308021545410156e-03
6.657146848738193512e-03
7.294472306966781616e-03
6.287204101681709290e-03
6.083264946937561035e-03
7.745302282273769379e-03
7.711293175816535950e-03
4.300705622881650925e-03
9.729620651341974735e-04
-1.696761348284780979e-03
-2.027508104220032692e-03
-2.520661219023168087e-04
2.735728165134787560e-03
4.203306511044502258e-03
2.444174606353044510e-03
1.784549909643828869e-03
1.084943185560405254e-03
6.406166357919573784e-04
5.395694170147180557e-04
1.542628277093172073e-03
1.950407167896628380e-03
1.998596359044313431e-03
2.815534826368093491e-03
2.703381236642599106e-03
5.523803411051630974e-04
-4.798718728125095367e-03
-6.751214154064655304e-03
-5.352122243493795395e-03
-2.882846398279070854e-03
-2.180831274017691612e-03
-3.534588031470775604e-03
-2.950540510937571526e-03
-6.587096722796559334e-04
-1.805190404411405325e-04
-4.816541448235511780e-03
-8.960256353020668030e-03
-8.407281711697578430e-03
-4.978585056960582733e-03
-3.222218248993158340e-03
-2.733351197093725204e-03
-1.865700935013592243e-03
-1.820910489186644554e-03
-3.066766541451215744e-03
-3.568762680515646935e-03
-4.235598258674144745e-03
-5.146379582583904266e-03
-6.391533650457859039e-03
-7.498248480260372162e-03
-6.662519183009862900e-03
-5.584179423749446869e-03
-3.800950013101100922e-03
-4.344155080616474152e-03
-3.893123008310794830e-03
-1.406398136168718338e-03
1.901084906421601772e-04
-1.406621304340660572e-04
-2.708687679842114449e-03
-4.161531105637550354e-03
-5.223407410085201263e-03
-6.287139840424060822e-03
-5.747307091951370239e-03
-4.628016147762537003e-03
-2.527454402297735214e-03
-1.365788979455828667e-03
-2.446929924190044403e-03
-2.254017628729343414e-03
-1.966923009604215622e-03
-2.727824728935956955e-03
-5.308310501277446747e-03
-5.083292722702026367e-03
-1.345138298347592354e-03
1.022891374304890633e-03
-9.659046772867441177e-04
-2.888381481170654297e-03
-1.301368931308388710e-03
5.744027657783590257e-05
-1.011670334264636040e-03
-3.251246642321348190e-03
-2.455948386341333389e-03
4.461621865630149841e-04
2.729685511440038681e-03
8.944910950958728790e-04
-1.217038603499531746e-03
-1.458725426346063614e-03
-6.000918801873922348e-06
6.027385825291275978e-04
-5.295799928717315197e-04
6.747842417098581791e-04
2.675462979823350906e-03
3.760476596653461456e-03
4.559278488159179688e-03
3.675043582916259766e-03
1.703884452581405640e-03
-4.879026673734188080e-04
-1.196412020362913609e-03
9.043290046975016594e-04
1.454382203519344330e-03
2.066516317427158356e-03
2.764633856713771820e-03
3.960740752518177032e-03
4.068367183208465576e-03
1.715048449113965034e-03
-1.590762054547667503e-03
-3.813106101006269455e-03
-3.610966028645634651e-03
-2.020350657403469086e-03
-1.173135242424905300e-03
-3.019421710632741451e-04
2.636986551806330681e-03
3.876036498695611954e-03
4.164194222539663315e-03
6.708706496283411980e-04
-2.349075395613908768e-03
-3.873088862746953964e-03
-4.486214835196733475e-03
-1.506935921497642994e-03
-1.803078921511769295e-04
4.719732678495347500e-04
2.489543403498828411e-04
-3.918652364518493414e-04
-4.706376639660447836e-04
-1.911803614348173141e-03
-3.479451872408390045e-03
-3.134778235107660294e-03
-2.551069017499685287e-03
-9.794703219085931778e-04
-3.754549543373286724e-04
-7.469102274626493454e-04
-9.038715506903827190e-04
-1.352363615296781063e-03
-6.891117664054036140e-04
-1.119110267609357834e-03
-1.430915435776114464e-03
-1.044448581524193287e-03
-4.495402681641280651e-04
-5.666740471497178078e-04
-2.109236782416701317e-03
-2.529149176552891731e-03
-2.549550496041774750e-03
-2.326992573216557503e-03
-1.464848406612873077e-03
-1.066948869265615940e-03
-1.102393260225653648e-03
-2.118123229593038559e-03
-2.310470212250947952e-03
-1.936597167514264584e-03
-2.311666961759328842e-03
-2.413667738437652588e-03
-1.694294391199946404e-03
4.781375173479318619e-05
1.278658281080424786e-03
7.090047001838684082e-04
-1.747133792378008366e-03
-3.579240990802645683e-03
-3.865839214995503426e-03
-3.248425666242837906e-03
-3.403597511351108551e-03
-3.100773785263299942e-03
-1.598787959665060043e-03
-4.123243270441889763e-04
3.483547334326431155e-05
-1.123118563555181026e-03
-2.646091859787702560e-03
-4.204121418297290802e-03
-3.636062610894441605e-03
-2.026647794991731644e-03
-6.830043857917189598e-04
3.382247523404657841e-04
1.327160978689789772e-03
2.527206903323531151e-03
2.251510974019765854e-03
1.253406750038266182e-03
-6.610577693209052086e-04
-2.592321252450346947e-03
-2.764769364148378372e-03
-2.165584592148661613e-03
-9.995084255933761597e-04
-3.406826872378587723e-04
1.049412880092859268e-03
2.257504733279347420e-03
1.750571886077523232e-03
2.274636062793433666e-04
-1.315867295488715172e-03
-1.846685307100415230e-03
-1.304157427512109280e-03
-4.472867294680327177e-05
7.837784942239522934e-04
4.778684815391898155e-04
-2.967059263028204441e-04
-4.335119738243520260e-04
-1.374616986140608788e-03
-2.403532620519399643e-03
-2.447254955768585205e-03
-5.981729482300579548e-04
7.774778059683740139e-04
8.908155141398310661e-04
3.833213122561573982e-04
1.075041509466245770e-04
-8.723569335415959358e-04
-1.424437155947089195e-03
-1.113303704187273979e-03
-9.492731769569218159e-04
-7.306176848942413926e-05
7.591125322505831718e-04
1.317517249844968319e-03
3.550302062649279833e-05
-1.562049379572272301e-03
-1.507628825493156910e-03
-9.221098152920603752e-04
-3.804203879553824663e-04
8.597349515184760094e-04
1.597113558091223240e-03
1.443026354536414146e-03
8.250316022895276546e-04
-3.605746314860880375e-05
-9.322874248027801514e-04
-1.816577976569533348e-03
-1.653790124692022800e-03
-3.532972186803817749e-04
6.515150307677686214e-04
1.582790282554924488e-03
8.962272549979388714e-04
-1.122638350352644920e-03
-1.955549232661724091e-03
-6.330212345346808434e-04
1.055408036336302757e-03
1.562445424497127533e-03
1.956900581717491150e-03
2.272714860737323761e-03
2.125603379681706429e-03
8.419530931860208511e-04
-9.943044278770685196e-04
-2.560679800808429718e-03
-3.024429781362414360e-03
-1.147131668403744698e-03
6.198172923177480698e-04
1.101649366319179535e-03
9.675782639533281326e-04
4.673646471928805113e-04
6.208787672221660614e-04
1.883340883068740368e-04
1.599426614120602608e-04
-4.010864649899303913e-04
-1.798430457711219788e-04
1.660636975429952145e-03
3.433834761381149292e-03
3.685226431116461754e-03
1.844696700572967529e-03
6.463707541115581989e-04
-1.694378443062305450e-04
-9.201919892802834511e-04
-2.035533310845494270e-03
-2.282953821122646332e-03
-1.283956691622734070e-03
2.943683939520269632e-04
1.946294447407126427e-03
2.510468009859323502e-03
1.942917937412858009e-03
5.985137540847063065e-04
-1.789004891179502010e-04
5.353299202397465706e-04
1.572530716657638550e-03
2.491996157914400101e-03
2.333089476451277733e-03
1.815635245293378830e-03
1.298325718380510807e-03
8.473613997921347618e-04
2.385351690463721752e-04
-9.864760795608162880e-04
-1.098215347155928612e-03
-4.319659492466598749e-04
2.126261824741959572e-03
3.866331418976187706e-03
4.188259132206439972e-03
2.353727817535400391e-03
4.700286954175680876e-04
-5.313216388458386064e-05
-7.985921693034470081e-04
-1.834127469919621944e-03
-2.182926051318645477e-03
-2.658420708030462265e-04
1.525567146018147469e-03
2.258781576529145241e-03
1.553623471409082413e-03
1.144949812442064285e-03
1.211279537528753281e-03
1.799322897568345070e-03
1.980076078325510025e-03
1.819950528442859650e-03
1.535643357783555984e-03
2.584855072200298309e-03
2.894612262025475502e-03
2.244609873741865158e-03
9.357676026411354542e-04
6.251879676710814238e-05
7.078175549395382404e-04
9.143296047113835812e-04
1.564517035149037838e-03
8.921899134293198586e-04
4.844103241339325905e-04
-3.096580257988534868e-05
1.408892421750351787e-04
2.355258329771459103e-04
1.745103072607889771e-04
4.091982846148312092e-04
1.154551515355706215e-03
1.810595160350203514e-03
1.945382566191256046e-03
1.784540829248726368e-03
1.427431940101087093e-03
7.323105237446725368e-04
-1.206911547342315316e-04
2.113577356794849038e-04
8.634809637442231178e-04
1.401772489771246910e-03
5.994979874230921268e-04
4.851694102399051189e-04
1.404712966177612543e-04
-2.375253534410148859e-04
-1.341156428679823875e-03
-1.783421495929360390e-03
-4.965931875631213188e-04
1.199248712509870529e-03
2.378087025135755539e-03
2.207780722528696060e-03
1.993688289076089859e-03
1.512159826233983040e-03
8.715041331015527248e-04
-3.231635200791060925e-04
-8.703214116394519806e-04
-9.351929184049367905e-04
-5.459502572193741798e-04
1.476270699640735984e-04
4.602436092682182789e-04
6.664412794634699821e-04
6.335783982649445534e-04
4.853258142247796059e-04
4.203087009955197573e-04
1.751106756273657084e-04
3.032063250429928303e-04
3.444526810199022293e-04
2.891391923185437918e-04
1.571403263369575143e-04
-2.049098839052021503e-04
-4.779211594723165035e-04
-7.639904506504535675e-04
-5.490768817253410816e-04
-3.056268615182489157e-04
2.397030766587704420e-04
5.972863873466849327e-04
5.262278136797249317e-04
4.830319376196712255e-04
1.097079875762574375e-04
1.518770732218399644e-04
9.120493632508441806e-05
1.511170994490385056e-04
1.699945096333976835e-05
-2.509390469640493393e-04
2.013617340708151460e-04
7.790551753714680672e-04
9.663447854109108448e-04
5.392942111939191818e-04
3.920586314052343369e-04
3.648016136139631271e-04
3.993625286966562271e-04
4.527376586338505149e-05
-4.394204588606953621e-04
-7.965192198753356934e-04
-7.834107382223010063e-04
-2.578856656327843666e-04
-7.894860755186527967e-05
-4.368196823634207249e-05
2.988303895108401775e-04
8.795609464868903160e-04
1.380148576572537422e-03
1.473001902922987938e-03
1.323433942161500454e-03
1.198485959321260452e-03
1.077487133443355560e-03
9.201158536598086357e-04
3.450497461017221212e-04
-4.687818000093102455e-04
-8.914018981158733368e-04
-6.233061430975794792e-04
-3.621339565142989159e-04
-4.326641210354864597e-04
-7.578838267363607883e-04
-5.846605636179447174e-04
3.224136307835578918e-04
7.931393920443952084e-04
5.982088041491806507e-04
9.289650188293308020e-05
1.509857829660177231e-04
4.776297137141227722e-04
3.944356867577880621e-04
4.474633897189050913e-06
-1.071314545697532594e-05
1.865836529759690166e-04
5.197121645323932171e-04
5.397569620981812477e-04
1.115822960855439305e-04
6.637851765844970942e-05
5.426856660051271319e-05
2.917702076956629753e-04
-9.323606354882940650e-05
-5.629690713249146938e-04
-4.538372159004211426e-04
5.334842717275023460e-05
4.182159318588674068e-04
9.683920507086440921e-05
-2.105180465150624514e-04
-4.879295738646760583e-05
2.642390900291502476e-04
-1.102265377994626760e-05
-4.800110182259231806e-04
-5.937857786193490028e-04
-2.328010741621255875e-04
1.145096175605431199e-04
2.808791468851268291e-04
3.219359205104410648e-04
1.563534169690683484e-04
1.297010749112814665e-04
6.378549733199179173e-05
-5.550757850869558752e-05
-3.710915043484419584e-04
-6.193674053065478802e-04
-5.928093451075255871e-04
-6.973724812269210815e-04
-6.163424113765358925e-04
-6.112328264862298965e-04
-5.398446228355169296e-04
-5.957691464573144913e-04
-6.540400208905339241e-04
-6.793213542550802231e-04
-6.416503456421196461e-04
-2.719813201110810041e-04
3.286430728621780872e-05
1.944077084772288799e-04
-1.242918915522750467e-05
-2.328304108232259750e-04
-4.054021846968680620e-04
-5.382724339142441750e-04
-4.755108966492116451e-04
-3.762227715924382210e-04
-4.203699936624616385e-04
-4.540795052889734507e-04
-5.307401297613978386e-04
-5.564317689277231693e-04
-7.469172705896198750e-04
-9.722658433020114899e-04
-9.666898986324667931e-04
-6.383997970260679722e-04
-3.645412216428667307e-04
-3.343180869705975056e-04
-3.664937394205480814e-04
-3.647586563602089882e-04
-1.905423414427787066e-04
-5.156542174518108368e-04
-6.688742432743310928e-04
-5.265917861834168434e-04
-1.266855397261679173e-04
1.545942795928567648e-04
8.071805496001616120e-05
6.401551218004897237e-05
-5.163388414075598121e-05
-3.336942172609269619e-04
-5.630157538689672947e-04
-6.868145428597927094e-04
-8.303011418320238590e-04
-8.988588233478367329e-04
-6.859200075268745422e-04
-2.440123789710924029e-04
-2.016575454035773873e-04
-3.356913512106984854e-04
-3.483406908344477415e-04
-1.739075814839452505e-04
-1.606864971108734608e-04
-3.078184090554714203e-04
-2.378821664024144411e-04
-1.407433010172098875e-04
-5.830566078657284379e-05
-1.317043061135336757e-04
-3.387781907804310322e-04
-4.793512343894690275e-04
-4.874836886301636696e-04
-2.760806237347424030e-04
-1.948430435732007027e-04
-3.213174350094050169e-04
-4.398260498419404030e-04
-3.845352330245077610e-04
-2.287433599121868610e-04
-2.517179236747324467e-04
-5.331926513463258743e-04
-6.445536855608224869e-04
-5.377881461754441261e-04
-3.237812197767198086e-04
-3.791916242334991693e-04
-5.454274942167103291e-04
-5.813011666759848595e-04
-5.549257621169090271e-04
-3.771577030420303345e-04
-3.299448871985077858e-04
-2.207718498539179564e-04
-2.668164088390767574e-04
-1.879453920992091298e-04
-1.681904832366853952e-04
-2.715691516641527414e-04
-4.881434724666178226e-04
-6.459924043156206608e-04
-7.116296328604221344e-04
-6.508668302558362484e-04
-5.860539386048913002e-04
-5.766446120105683804e-04
-5.937676760368049145e-04
-7.260900456458330154e-04
-7.370627718046307564e-04
-9.414717787876725197e-04
-9.616886964067816734e-04
-7.823677151463925838e-04
-4.576725477818399668e-04
-1.781083410605788231e-04
-1.477291698392946273e-05
1.615426590433344245e-04
1.078624773072078824e-04
-2.059993857983499765e-04
-6.192958098836243153e-04
-9.083037730306386948e-04
-9.984110947698354721e-04
-1.078057335689663887e-03
-1.074605155736207962e-03
-1.110627665184438229e-03
-1.074509462341666222e-03
-1.018804265186190605e-03
-8.915776852518320084e-04
-7.431778940372169018e-04
-5.121415597386658192e-04
-1.919743808684870601e-04
-6.148900865809991956e-05
8.090523624559864402e-05
2.248054261144716293e-05
-8.757996693020686507e-05
-2.917221281677484512e-04
-4.979279474355280399e-04
-6.436338881030678749e-04
-8.187596104107797146e-04
-9.835663950070738792e-04
-9.983414784073829651e-04
-1.077474327757954597e-03
-1.117624342441558838e-03
-1.025315024890005589e-03
-8.243009215220808983e-04
-4.939594073221087456e-04
-3.275494673289358616e-04
-5.469434108817949891e-05
2.011430915445089340e-04
3.051099483855068684e-04
1.466535468352958560e-04
-2.123087906511500478e-04
-4.299148276913911104e-04
-5.397741333581507206e-04
-5.442574620246887207e-04
-5.933828651905059814e-04
-6.411166395992040634e-04
-5.104413139633834362e-04
-5.575665854848921299e-04
-5.861683748662471771e-04
-7.419414469040930271e-04
-7.081666262820363045e-04
-5.464090500026941299e-04
-4.264828749001026154e-04
-1.502380764577537775e-04
-5.833041723235510290e-05
5.765767855336889625e-05
-7.493634620914235711e-05
-1.317912829108536243e-04
-2.520451089367270470e-04
-3.072203253395855427e-04
-1.944701070897281170e-04
-1.156475409516133368e-04
7.771013770252466202e-05
8.809001883491873741e-05
1.399813663738314062e-05
-2.255643776152282953e-04
-4.237961256876587868e-04
-5.139466957189142704e-04
-3.887679777108132839e-04
-2.673171984497457743e-04
-1.733076642267405987e-04
-3.444432513788342476e-05
-1.254954549949616194e-04
-3.447264316491782665e-05
-1.871420390671119094e-04
-3.542521735653281212e-04
-4.410659894347190857e-04
-3.771118063014000654e-04
-6.515581480925902724e-05
1.161761538241989911e-04
2.019075909629464149e-04
9.925958875101059675e-05
-3.489839582471176982e-05
-2.206567442044615746e-04
-3.215682809241116047e-04
-2.663131454028189182e-04
-2.712748246267437935e-04
-2.933964715339243412e-04
-2.723595243878662586e-04
-2.204368647653609514e-04
-1.002862991299480200e-04
-2.222980256192386150e-04
-2.685966028366237879e-04
-2.326467802049592137e-04
-9.192970173899084330e-05
2.130500888597453013e-06
-8.801423973636701703e-06
-7.583180558867752552e-05
-7.146997086238116026e-05
-5.779076309408992529e-05
-1.454247103538364172e-04
-1.290058426093310118e-04
-1.122973189922049642e-04
3.944668060285039246e-05
1.225812011398375034e-04
7.779215957270935178e-05
1.209432230098173022e-05
-3.092198312515392900e-05
-4.978389188181608915e-05
1.245275634573772550e-04
1.863061916083097458e-04
2.133256348315626383e-04
1.657257089391350746e-04
1.318753347732126713e-04
1.315460976911708713e-04
7.393865234917029738e-05
-2.157385097234509885e-06
-2.505027259758207947e-05
3.748083327081985772e-05
4.201531191938556731e-05
1.108716824091970921e-04
9.929079533321782947e-05
1.443353539798408747e-04
2.458250382915139198e-04
3.159454208798706532e-04
3.045090707018971443e-04
2.382847742410376668e-04
2.797595516312867403e-04
4.650377668440341949e-04
5.838411161676049232e-04
5.633970140479505062e-04
4.395258729346096516e-04
3.868454368785023689e-04
2.978405682370066643e-04
2.646946231834590435e-04
2.212273248005658388e-04
1.077779597835615277e-04
1.106372219510376453e-04
5.201370731811039150e-05
1.396405423292890191e-04
2.818843931891024113e-04
3.798685793299227953e-04
4.253046936355531216e-04
3.711674944497644901e-04
3.504952474031597376e-04
4.522496601566672325e-04
5.097888642922043800e-04
5.316503229551017284e-04
5.421594250947237015e-04
5.089368205517530441e-04
4.619269457180052996e-04
3.983163624070584774e-04
3.093469131272286177e-04
2.375186304561793804e-04
2.756377216428518295e-04
2.580256550572812557e-04
2.778643392957746983e-04
2.758342889137566090e-04
3.480789600871503353e-04
4.012414719909429550e-04
3.559749748092144728e-04
3.490901144687086344e-04
3.485220076981931925e-04
3.687661373987793922e-04
3.003083402290940285e-04
3.086377400904893875e-04
3.292806504759937525e-04
3.860672586597502232e-04
3.986364172305911779e-04
3.141358029097318649e-04
3.696800849866122007e-04
4.566382267512381077e-04
4.886379465460777283e-04
4.954732139594852924e-04
4.371003306005150080e-04
3.361540730111300945e-04
2.407672145636752248e-04
1.132168399635702372e-04
9.777164086699485779e-05
1.145861606346443295e-04
2.812592720147222281e-05
2.960551682917866856e-06
-8.195967529900372028e-05
-7.271696085808798671e-05
-5.770783900516107678e-05
-9.023853635881096125e-05
1.948438148247078061e-05
1.603603595867753029e-04
3.590873966459184885e-04
5.087782046757638454e-04
6.511471583507955074e-04
6.469421787187457085e-04
5.033006309531629086e-04
3.036606649402529001e-04
1.001330165308900177e-04
3.075061249546706676e-05
-7.175583596108481288e-05
-1.083484166883863509e-04
-1.333676336798816919e-04
-2.215678978245705366e-04
-1.953244500327855349e-04
-1.416540762875229120e-04
-3.071517858188599348e-05
5.885641076019965112e-05
1.059623828041367233e-04
2.092049689963459969e-04
3.431503428146243095e-04
4.830507677979767323e-04
5.402383394539356232e-04
5.162077140994369984e-04
3.975302097387611866e-04
1.938632922247052193e-04
7.345528865698724985e-05
-9.190491982735693455e-05
-1.476184988860040903e-04
-1.892651198431849480e-04
-2.077376557281240821e-04
-1.272151130251586437e-04
-2.027883310802280903e-04
-1.994418125832453370e-04
-1.743241882650181651e-04
-2.306706483068410307e-05
1.694304664852097631e-04
2.866258437279611826e-04
3.078087465837597847e-04
3.429349744692444801e-04
3.290006425231695175e-04
2.670405665412545204e-04
1.529954897705465555e-04
3.252949682064354420e-05
7.127074695745250210e-06
5.105009040562435985e-05
9.174663864541798830e-05
5.124968083691783249e-05
1.094291292247362435e-06
-4.217247987980954349e-05
-9.804391993384342641e-06
-6.875729741295799613e-05
-1.081567170331254601e-04
-1.350131351500749588e-04
-7.694669329794123769e-05
-2.195592423959169537e-05
2.832481550285592675e-05
8.539567352272570133e-05
6.689321890007704496e-05
4.294802420190535486e-05
1.365090720355510712e-04
1.537867938168346882e-04
9.741990652401000261e-05
9.099383896682411432e-05
1.691824309091316536e-06
5.050058825872838497e-05
3.372053470229730010e-05
2.852514808182604611e-05
1.430398879165295511e-05
-2.929971378762274981e-05
-4.763161268783733249e-05
-1.138733787229284644e-04
-1.741060113999992609e-04
-2.101379650412127376e-04
-1.711140212137252092e-04
-1.391355326632037759e-04
-1.441564672859385610e-04
-1.947566343005746603e-04
-1.381024776492267847e-04
-1.124086265917867422e-04
-1.131009194068610668e-04
-1.096520863939076662e-04
-9.684763790573924780e-05
-8.655365672893822193e-05
-1.010614796541631222e-04
-8.978505502454936504e-05
-1.012655920931138098e-04
-1.395769795635715127e-04
-2.393452159594744444e-04
-2.154661488020792603e-04
-2.482905401848256588e-04
-2.129733766196295619e-04
-1.848644751589745283e-04
-2.647783549036830664e-04
-2.768895938061177731e-04
-3.084326453972607851e-04
-3.015735128428786993e-04
-3.613717271946370602e-04
-3.949223901145160198e-04
-3.902612661477178335e-04
-3.226407570764422417e-04
-2.270148397656157613e-04
-2.065543085336685181e-04
-2.185729390475898981e-04
-2.731309214141219854e-04
-2.947210741695016623e-04
-2.494334185030311346e-04
-2.752538712229579687e-04
-2.322200307389721274e-04
-2.101012796629220247e-04
-2.560126595199108124e-04
-2.155214024242013693e-04
-2.154030080419033766e-04
-2.309074043296277523e-04
-2.793780295178294182e-04
-2.873932826332747936e-04
-3.197155601810663939e-04
-2.718615578487515450e-04
-2.303839719388633966e-04
-2.618064172565937042e-04
-2.414556947769597173e-04
-2.160128933610394597e-04
-2.012082259170711040e-04
-2.409371372777968645e-04
-2.387187414569780231e-04
-2.280509943375363946e-04
-1.886868849396705627e-04
-1.683845475781708956e-04
-2.483864955138415098e-04
-1.984904665732756257e-04
-1.589127932675182819e-04
-1.372734259348362684e-04
-9.247026173397898674e-05
-8.239637099904939532e-05
-9.747385047376155853e-05
-1.613905624253675342e-04
-1.296433329116553068e-04
-1.555130293127149343e-04
-1.369836973026394844e-04
-1.460775965824723244e-04
-1.121237801271490753e-04
-1.118334621423855424e-04
-1.642634306335821748e-04
-2.048535679932683706e-04
-2.876018697861582041e-04
-2.805618569254875183e-04
-2.972592483274638653e-04
-3.011860535480082035e-04
-2.761565556284040213e-04
-2.087324683088809252e-04
-1.195087024825625122e-04
9.444889656151644886e-06
-2.349866190343163908e-05
5.464948571898275986e-06
-1.313068787567317486e-05
-5.956019595032557845e-05
-1.334358239546418190e-05
-8.757625619182363153e-05
-9.122054325416684151e-05
-1.825049403123557568e-04
-2.539079287089407444e-04
-2.968990011140704155e-04
-3.369391779415309429e-04
-3.565660445019602776e-04
-3.493686963338404894e-04
-3.048793296329677105e-04
-2.765652025118470192e-04
-2.775590110104531050e-04
-2.123437006957828999e-04
-1.251359208254143596e-04
-1.164274290204048157e-04
-8.535695087630301714e-05
-9.136142034549266100e-05
-9.725158452056348324e-05
-1.048042176989838481e-04
-9.986235818360000849e-05
-1.150672542280517519e-04
-1.255722017958760262e-04
-1.569441665196791291e-04
-1.773062977008521557e-04
-1.655018277233466506e-04
-1.842406927607953548e-04
-1.748474023770540953e-04
-2.319022023584693670e-04
-2.264204667881131172e-04
-2.085446612909436226e-04
-1.783084589987993240e-04
-2.029660972766578197e-04
-2.307269023731350899e-04
-1.569199957884848118e-04
-1.732211094349622726e-04
-1.363242627121508121e-04
-1.776117715053260326e-04
-1.778453297447413206e-04
-1.097133645089343190e-04
-1.249322085641324520e-04
-1.709559437585994601e-04
-1.509949797764420509e-04
-1.500690268585458398e-04
-1.790004753274843097e-04
-1.653954968787729740e-04
-1.737488782964646816e-04
-1.730979711282998323e-04
-1.889976265374571085e-04
-1.481323270127177238e-04
-1.408462703693658113e-04
-1.498598721809685230e-04
-1.217516692122444510e-04
-1.472398580517619848e-04
-1.345299824606627226e-04
-1.521877711638808250e-04
-1.927231060108169913e-04
-1.661718706600368023e-04
-1.495278556831181049e-04
-1.275467075174674392e-04
-9.784653957467526197e-05
-4.983696999261155725e-05
-6.853268860140815377e-05
-6.714103074045851827e-05
-8.837921632220968604e-05
-1.069431382347829640e-04
-7.013694266788661480e-05
-3.014203684870153666e-05
-5.919213435845449567e-05
-6.063517139409668744e-05
-4.843023998546414077e-05
-5.428792792372405529e-05
-7.434880535583943129e-05
-7.208432361949235201e-05
-5.190289084566757083e-05
-1.191784540424123406e-04
-5.219674130785278976e-05
-9.050084918271750212e-05
-9.618770127417519689e-05
-5.928168320679105818e-05
-8.428718865616247058e-05
-5.738573599955998361e-05
-3.751413169084116817e-05
-2.742454398685367778e-06
-3.792277129832655191e-05
-2.682424928934779018e-05
6.321856744762044400e-06
-5.809958747704513371e-05
-4.161535980529151857e-05
-4.246651224093511701e-05
-6.784736615372821689e-05
-3.966201620642095804e-05
-5.084445001557469368e-05
-5.859631346538662910e-05
-5.153780875843949616e-05
-2.491008854121901095e-05
8.103836080408655107e-06
9.766949915501754731e-06
-7.482206456188578159e-06
2.535345993237569928e-05
3.516562173899728805e-06
-2.489586040610447526e-05
-3.145129812764935195e-05
-1.024409903038758785e-05
-2.395987212366890162e-05
-5.436904757516458631e-05
-4.876250022789463401e-05
-6.806153396610170603e-05
-6.002798181725665927e-05
-6.005492468830198050e-05
-6.494845001725479960e-05
-4.375234857434406877e-05
-1.476175748393870890e-05
-3.794979784288443625e-05
-9.906409104587510228e-06
-1.618795067770406604e-06
-2.046713962045032531e-05
-2.257161031593568623e-05
-2.583836430858355016e-05
-1.387359407090116292e-05
-4.859728869632817805e-05
-5.289399632601998746e-05
-5.141935253050178289e-05
-4.386124419397674501e-05
-2.787765333778224885e-05
-1.876675923995207995e-05
-3.761506741284392774e-05
-3.505275526549667120e-05
-2.404942642897367477e-05
-1.632275416341144592e-05
-1.120369415730237961e-05
-3.240542355342768133e-05
-2.544436210882849991e-05
-5.156084807822480798e-05
-6.308984302449971437e-05
-5.579372009378857911e-05
-5.841778693138621747e-05
-6.031453813193365932e-05
-6.615387246711179614e-05
-5.072876956546679139e-05
-3.915693014278076589e-05
-5.694738501915708184e-05
-3.268686123192310333e-05
-7.767348506604321301e-06
6.591375495190732181e-06
2.444038909743539989e-05
-5.011257144360570237e-06
-2.997626506839878857e-05
-3.420908615225926042e-05
-6.116332951933145523e-05
-5.602797682513482869e-05
-7.188504969235509634e-05
-7.493110024370253086e-05
-5.621781019726768136e-05
-8.206423080991953611e-05
-2.762684198387432843e-05
-2.634811608004383743e-05
-3.316600486868992448e-05
-2.385359039180912077e-06
-2.085774031002074480e-05
-7.542322236986365169e-06
5.253736617305548862e-06
-2.803580355248413980e-05
-4.440524207893759012e-05
-4.098744102520868182e-05
-4.308122151996940374e-05
-6.223321543075144291e-05
-7.830424874555319548e-05
-6.803553696954622865e-05
-8.387475099880248308e-05
-1.032958316500298679e-04
-8.458709635306149721e-05
-8.328443072969093919e-05
-5.736922321375459433e-05
-3.948052471969276667e-05
-3.551473855623044074e-05
-7.414986612275242805e-06
5.326973223418463022e-06
-3.087123695877380669e-05
-5.743503425037488341e-05
-2.830917765095364302e-05
-6.509184458991512656e-05
-8.856140630086883903e-05
-1.183783970191143453e-04
-1.102262613130733371e-04
-1.083768875105306506e-04
-1.015672678477130830e-04
-7.264890882652252913e-05
-8.991277718450874090e-05
-6.501040479633957148e-05
-7.104588439688086510e-05
-4.903936132905073464e-05
-6.712317554047331214e-05
-9.369283361593261361e-05
-8.991432696348056197e-05
-9.484835027251392603e-05
-8.869203156791627407e-05
-8.755242015467956662e-05
-6.408629997167736292e-05
-6.079837112338282168e-05
-5.405868432717397809e-05
-7.718677079537883401e-05
-8.764609810896217823e-05
-7.982381794136017561e-05
-8.096202509477734566e-05
-1.134814519900828600e-04
-1.112490572268143296e-04
-9.876613330561667681e-05
-9.977005538530647755e-05
-6.774731446057558060e-05
-7.990289304871112108e-05
-9.003547893371433020e-05
-1.073767489288002253e-04
-9.076717833522707224e-05
-8.447792788501828909e-05
-8.240858733188360929e-05
-5.770392453996464610e-05
-6.863987800898030400e-05
-6.417768599931150675e-05
-6.055895937606692314e-05
-5.497837992152199149e-05
-5.220188904786482453e-05
-5.847919601364992559e-05
-5.002228863304480910e-05
-9.322627010988071561e-05
-9.357304224977269769e-05
-8.174542017513886094e-05
-8.999118290375918150e-05
-9.410927304998040199e-05
-7.774074765620753169e-05
-5.594953836407512426e-05
-7.307415216928347945e-05
-4.690763307735323906e-05
-6.619422492804005742e-05
-9.214544115820899606e-05
-8.828159479890018702e-05
-7.945658580865710974e-05
-7.837078737793490291e-05
-7.398791058221831918e-05
-8.101534331217408180e-05
-8.493840869050472975e-05
-6.930631934665143490e-05
-7.192508928710594773e-05
-5.469247480505146086e-05
-5.350603169063106179e-05
-5.616584894596599042e-05
-5.227740257396362722e-05
-5.445812348625622690e-05
-4.787246871273964643e-05
-5.552548464038409293e-05
-4.887183604296296835e-05
-5.553304799832403660e-05
-5.941421841271221638e-05
-5.542582584894262254e-05
-6.329446478048339486e-05
-8.258860907517373562e-05
-9.836027311393991113e-05
-7.457186438841745257e-05
-7.339328294619917870e-05
-7.770020602038130164e-05
-7.734574319329112768e-05
-8.255719149019569159e-05
-8.453277405351400375e-05
-7.420107431244105101e-05
-5.406649506767280400e-05
-4.713722228188998997e-05
-5.210786548559553921e-05
-6.297501386143267155e-05
-5.436073479359038174e-05
-5.497959500644356012e-05
-8.643318142276257277e-05
-7.210536568891257048e-05
-8.322210487676784396e-05
-9.265147673431783915e-05
-9.405687160324305296e-05
-7.129384903237223625e-05
-5.960664566373452544e-05
-7.985567208379507065e-05
-4.821424954570829868e-05
-5.367203266359865665e-05
-5.499774852069094777e-05
-5.592416709987446666e-05
-8.289449760923162103e-05
-7.237857789732515812e-05
-5.668875382980331779e-05
-6.717421638313680887e-05
-5.979433626635000110e-05
-6.170853157527744770e-05
-5.057386078988201916e-05
-7.598254160257056355e-05
-8.983303996501490474e-05
-8.901828550733625889e-05
-8.687199442647397518e-05
-8.291107951663434505e-05
-9.539633174426853657e-05
-8.472050831187516451e-05
-9.027191845234483480e-05
-9.275737102143466473e-05
-9.084033808903768659e-05
-8.761728531681001186e-05
-8.148871711455285549e-05
-5.444402268039993942e-05
-5.853516267961822450e-05
-5.747910472564399242e-05
-6.411355570890009403e-05
-9.016220428748056293e-05
-7.416777953039854765e-05
-7.045338134048506618e-05
-9.132429840974509716e-05
-7.750213990220800042e-05
-6.793109059799462557e-05
-7.467382965842261910e-05
-5.696114021702669561e-05
-5.441333632916212082e-05
-8.214262197725474834e-05
-9.152691200142726302e-05
-5.838623837917111814e-05
-7.256492244778200984e-05
-9.169973054667934775e-05
-8.881726535037159920e-05
-9.041014709509909153e-05
-8.266383520094677806e-05
-8.226494537666440010e-05
-8.145782339852303267e-05
-8.559964771848171949e-05
-7.218770042527467012e-05
-6.031009252183139324e-05
-6.046281123417429626e-05
-6.245331314858049154e-05
-6.085230779717676342e-05
-5.655032873619347811e-05
-5.032035915064625442e-05
-6.288814620347693563e-05
-6.969984679017215967e-05
-7.169162563513964415e-05
-8.616248669568449259e-05
-8.023371628951281309e-05
-8.375521429115906358e-05
-7.389498932752758265e-05
-6.509455852210521698e-05
-7.702364382566884160e-05
-9.024699102155864239e-05
-8.855546184349805117e-05
-6.990521069383248687e-05
-5.630221130559220910e-05
-6.544572534039616585e-05
-7.335091504501178861e-05
-6.750694592483341694e-05
-5.689965473720803857e-05
-5.565584069699980319e-05
-5.812734161736443639e-05
-5.590382716036401689e-05
-8.594990504207089543e-05
-8.323710062541067600e-05
-8.379817882087081671e-05
-9.348067396786063910e-05
-8.548838377464562654e-05
-8.839027577778324485e-05
-6.272297468967735767e-05
-5.635796696878969669e-05
-5.933290231041610241e-05
-5.610324660665355623e-05
-5.833256363985128701e-05
-5.252562550595030189e-05
-8.306553354486823082e-05
-8.437605720246210694e-05
-8.606484334450215101e-05
-8.356265607289969921e-05
-6.309636228252202272e-05
-8.618561696493998170e-05
-6.928314542165026069e-05
-5.288444663165137172e-05
-6.160713382996618748e-05
-5.546980537474155426e-05
-6.445558392442762852e-05
-8.450837049167603254e-05
-8.410723239649087191e-05
-8.680687460582703352e-05
-8.806202095001935959e-05
-7.012828427832573652e-05
-6.227082485565915704e-05
-8.183348836610093713e-05
-8.197173883672803640e-05
-8.940124826040118933e-05
-7.728273340035229921e-05
-5.170160875422880054e-05
-5.457438237499445677e-05
-5.752917422796599567e-05
-6.145564111648127437e-05
-6.000461507937870920e-05
-6.339669926092028618e-05
-6.023445894243195653e-05
-6.598563049919903278e-05
-5.793790842290036380e-05
-6.429391214624047279e-05
-8.700691978447139263e-05
-8.504011930199339986e-05
-8.401697414228692651e-05
-8.500893454765900970e-05
-8.240128954639658332e-05
-8.734863513382151723e-05
-8.474587230011820793e-05
-6.624776142416521907e-05
-5.193181641516275704e-05
-8.612266537966206670e-05
-7.505646499339491129e-05
-5.941986455582082272e-05
-8.736633026273921132e-05
-8.920677646528929472e-05
-8.109795453492552042e-05
-6.892980309203267097e-05
-7.946413825266063213e-05
-7.482832006644457579e-05
-6.564486102433875203e-05
-5.367454286897554994e-05
-6.664165994152426720e-05
-6.625162495765835047e-05
-5.563659942708909512e-05
-6.335064244922250509e-05
-5.372198211262002587e-05
-6.349664909066632390e-05
-8.156416879501193762e-05
-8.845484262565150857e-05
-8.405474363826215267e-05
-8.215618436224758625e-05
-9.077135473489761353e-05
-8.037238876568153501e-05
-1.048792473739013076e-04
-9.136735752690583467e-05
-6.388721521943807602e-05
-7.276193355210125446e-05
-4.953939060214906931e-05
-8.733770664548501372e-05
-7.081533840391784906e-05
-5.332233558874577284e-05
-5.309238986228592694e-05
-5.962716386420652270e-05
-8.761166827753186226e-05
-8.562691800761967897e-05
-9.618033800506964326e-05
-6.504361954284831882e-05
-5.394425534177571535e-05
-5.440537643153220415e-05
-7.017279858700931072e-05
-8.752031135372817516e-05
-8.155048271873965859e-05
-6.402163126040250063e-05
-5.169418727746233344e-05
-6.654109893133863807e-05
-7.860716141294687986e-05
-9.001480793813243508e-05
-7.252317300299182534e-05
-6.130320980446413159e-05
-9.093243716051802039e-05
-8.194608381018042564e-05
-5.940044502494856715e-05
-5.532464274438098073e-05
-6.531441613333299756e-05
-8.757337491260841489e-05
-5.903100827708840370e-05
-6.783696153433993459e-05
-6.501920142909511924e-05
-5.156196129973977804e-05
-7.462591020157560706e-05
-7.403566269204020500e-05
-8.372012234758585691e-05
-8.488172898069024086e-05
-8.660718594910576940e-05
-6.565047078765928745e-05
-5.724555740016512573e-05
-5.619474541163071990e-05
-6.670373841188848019e-05
-9.034907998284325004e-05
-7.956669287523254752e-05
-6.377200043061748147e-05
-5.310442793415859342e-05
-5.754557059844955802e-05
-5.504227010533213615e-05
-5.776960460934787989e-05
-6.676539487671107054e-05
-9.436585241928696632e-05
-8.606625488027930260e-05
-7.087858830345794559e-05
-7.797768921591341496e-05
-8.833606261759996414e-05
-8.856323256622999907e-05
-6.269088044064119458e-05
-5.852915273862890899e-05
-5.066690209787338972e-05
-6.791928899474442005e-05
-7.978957728482782841e-05
-6.574943108716979623e-05
-9.241682710126042366e-05
-8.598723798058927059e-05
-6.512049003504216671e-05
-9.231478179572150111e-05
-6.276735803112387657e-05
-7.586164429085329175e-05
-7.262465078383684158e-05
-6.853345985291525722e-05
-6.288357690209522843e-05
-6.474450492532923818e-05
-9.253774624085053802e-05
-8.594938844908028841e-05
-8.304974471684545279e-05
-6.777832459192723036e-05
-9.580234473105520010e-05
-8.309545955853536725e-05
-9.086899808607995510e-05
-7.152458420023322105e-05
-5.479832179844379425e-05
-6.120030593592673540e-05
-5.207461799727752805e-05
-6.741771358065307140e-05
-8.408239227719604969e-05
-8.531769708497449756e-05
-5.522140418179333210e-05
-7.209210889413952827e-05
-8.312831050716340542e-05
-5.149763819645158947e-05
-5.669670645147562027e-05
-5.554955714615061879e-05
-5.866225546924397349e-05
-5.770015923189930618e-05
-6.185272650327533484e-05
-9.013964881887659431e-05
-5.863992555532604456e-05
-6.959352322155609727e-05
-9.208566916640847921e-05
-8.150973008014261723e-05
-8.634297410026192665e-05
-8.754539885558187962e-05
-6.077740545151755214e-05
-6.811108323745429516e-05
-9.271397721022367477e-05
-8.405758853768929839e-05
-8.750775305088609457e-05
-8.424866246059536934e-05
-6.576943269465118647e-05
-5.076218803878873587e-05
-8.436373173026368022e-05
-7.336032285820692778e-05
-5.372364103095605969e-05
-6.397510878741741180e-05
-5.377841080189682543e-05
-6.374117947416380048e-05
-5.536137541639618576e-05
-7.415005529765039682e-05
-8.433267066720873117e-05
-5.351757135940715671e-05
-6.642675725743174553e-05
-8.697668090462684631e-05
-8.715668809600174427e-05
-8.223765325965359807e-05
-6.902331369929015636e-05
-9.526415669824928045e-05
-8.024840644793584943e-05
-7.074307359289377928e-05
-9.777357627172023058e-05
-8.266343502327799797e-05
-8.845364936860278249e-05
-7.086982077453285456e-05
-6.112804112490266562e-05
-5.795555989607237279e-05
-6.641920481342822313e-05
-7.660414848942309618e-05
-5.641615643980912864e-05
-5.789771603303961456e-05
-5.401486123446375132e-05
-7.210316834971308708e-05
-9.174065780825912952e-05
-6.527111690957099199e-05
-6.181563367135822773e-05
-8.351060387212783098e-05
-9.060672164196148515e-05
-8.744047954678535461e-05
-9.063608013093471527e-05
-7.766788621665909886e-05
-5.213479380472563207e-05
-7.340989395743235946e-05
-7.758539140922948718e-05
-8.467552834190428257e-05
-8.956024248618632555e-05
-9.034025424625724554e-05
-8.543134026695042849e-05
-5.130944555276073515e-05
-6.268540164455771446e-05
-5.281875201035290956e-05
-6.598509207833558321e-05
-5.607727507594972849e-05
-6.314657366601750255e-05
-7.030532287899404764e-05
-6.082256368244998157e-05
-9.113154374063014984e-05
-8.737678581383079290e-05
-9.494146070210263133e-05
-8.349945710506290197e-05
-8.624135080026462674e-05
-8.521128620486706495e-05
-8.957039972301572561e-05
-6.110715912654995918e-05
-7.104691758286207914e-05
-9.015762043418362737e-05
-8.474061905872076750e-05
-8.191772212740033865e-05
-5.360980503610335290e-05
-6.193720037117600441e-05
-5.875727219972759485e-05
-5.822516322950832546e-05
-5.725644587073475122e-05
-8.033262565732002258e-05
-9.290712478104978800e-05
-8.143496233969926834e-05
-8.732661808608099818e-05
-8.120568963931873441e-05
-9.182852227240800858e-05
-7.484570232918485999e-05
-5.752674042014405131e-05
-7.485138485208153725e-05
-5.952794163022190332e-05
-7.127661956474184990e-05
-5.966294702375307679e-05
-5.700957626686431468e-05
-9.100497845793142915e-05
-6.075494457036256790e-05
-6.108025991125032306e-05
-7.788139919284731150e-05
-9.133093408308923244e-05
-8.368224371224641800e-05
-5.617893111775629222e-05
-8.636083657620474696e-05
-8.717399759916588664e-05
-9.027391934068873525e-05
-7.264130545081570745e-05
-8.126692409859970212e-05
-7.400243339361622930e-05
-4.894587618764489889e-05
-6.200432835612446070e-05
-7.278536213561892509e-05
-6.235000182641670108e-05
-4.929904389427974820e-05
-7.725391333224251866e-05
-8.423221879638731480e-05
-5.693317871191538870e-05
-6.350058538373559713e-05
-9.189619595417752862e-05
-5.892600529477931559e-05
-7.099128561094403267e-05
-6.193801527842879295e-05
-6.955263961572200060e-05
-9.226891415892168880e-05
-8.144271851051598787e-05
-7.094310421962291002e-05
-6.838879198767244816e-05
-6.355534424073994160e-05
-9.250659786630421877e-05
-8.268775127362459898e-05
-5.592754678218625486e-05
-6.076041972846724093e-05
-5.185695044929161668e-05
-8.210625674109905958e-05
-8.734466246096417308e-05
-8.920339314499869943e-05
-8.430447633145377040e-05
-7.143009861465543509e-05
-7.459066546289250255e-05
-7.635904330527409911e-05
-5.466234142659232020e-05
-8.702334889676421881e-05
-7.002138590905815363e-05
-5.477213926496915519e-05
-5.726561721530742943e-05
-5.692283230018801987e-05
-9.357037197332829237e-05
-8.630719821667298675e-05
-5.415909254224970937e-05
-6.073413896956481040e-05
-5.562526712310500443e-05
-6.138287426438182592e-05
-7.428097160300239921e-05
-5.123996379552409053e-05
-5.999147833790630102e-05
-5.493436037795618176e-05
-6.000569555908441544e-05
-6.231292354641482234e-05
-8.975906530395150185e-05
-9.112768020713701844e-05
-7.713974628131836653e-05
-4.990711749996989965e-05
-7.522711530327796936e-05
-8.377514313906431198e-05
-6.689214205835014582e-05
-9.276317723561078310e-05
-7.059447671053931117e-05
-8.025216811802238226e-05
-9.263313404517248273e-05
-7.649325561942532659e-05
-7.770644151605665684e-05
-6.391617353074252605e-05
-5.871685061720199883e-05
-5.826948836329393089e-05
-5.866165156476199627e-05
-8.372039155801758170e-05
-8.573404920753091574e-05
-9.151533595286309719e-05
-9.111417602980509400e-05
-8.929528121370822191e-05
-8.761633944232016802e-05
-8.217731374315917492e-05
-5.432278703665360808e-05
-6.159889744594693184e-05
-5.111903737997636199e-05
-6.593525176867842674e-05
-7.217257370939478278e-05
-6.000492430757731199e-05
-8.960461127571761608e-05
-8.685779175721108913e-05
-8.505009463988244534e-05
-8.666161738801747561e-05
-9.260285878553986549e-05
-7.101207302184775472e-05
-8.498100942233577371e-05
-9.066358325071632862e-05
-7.501539948862046003e-05
-6.063188629923388362e-05
-7.279428245965391397e-05
-8.919912215787917376e-05
-7.095247565302997828e-05
-5.926035373704507947e-05
-5.792374577140435576e-05
-6.708674482069909573e-05
-5.556213000090792775e-05
-7.885650848038494587e-05
-8.943821012508124113e-05
-6.982293416513130069e-05
-5.992476508254185319e-05
-6.268375727813690901e-05
-8.858126966515555978e-05
-7.140803791116923094e-05
-8.744863589527085423e-05
-9.081930329557508230e-05
-8.818197238724678755e-05
-9.127894008997827768e-05
-8.368637645617127419e-05
-9.741736721480265260e-05
-7.095816545188426971e-05
-8.225821511587128043e-05
-7.256661774590611458e-05
-5.750692071160301566e-05
-5.769726703874766827e-05
-5.777109618065878749e-05
-5.689343015546910465e-05
-6.160382326925173402e-05
-9.058167051989585161e-05
-8.767980034463107586e-05
-8.661233005113899708e-05
-6.723568367306143045e-05
-5.836742275278083980e-05
-6.163868965813890100e-05
-5.195608537178486586e-05
-6.501727330032736063e-05
-9.211640281137079000e-05
-6.601909262826666236e-05
-5.929793042014352977e-05
-8.018731750780716538e-05
-6.845140887890011072e-05
-9.722184040583670139e-05
-6.557236338267102838e-05
-6.641214713454246521e-05
-6.838820263510569930e-05
-6.326311267912387848e-05
-9.381139534525573254e-05
-6.546627264469861984e-05
-5.703710121451877058e-05
-6.436452531488612294e-05
-8.945731678977608681e-05
-6.517498695757240057e-05
-5.700703331967815757e-05
-8.377076301258057356e-05
-5.676296132151037455e-05
-6.428343476727604866e-05
-8.330298442160710692e-05
-6.886528717586770654e-05
-8.065954898484051228e-05
-6.719221710227429867e-05
-8.820624498184770346e-05
-8.526195597369223833e-05
-5.565008541452698410e-05
-8.785448153503239155e-05
-8.535219967598095536e-05
-9.208149276673793793e-05
-7.449414988514035940e-05
-5.323881487129256129e-05
-6.132916314527392387e-05
-7.582792022731155157e-05
-9.185540693579241633e-05
-8.381935913348570466e-05
-6.611792196054011583e-05
-5.815690747112967074e-05
-5.861663521500304341e-05
-5.695952131645753980e-05
-9.164313814835622907e-05
-8.358796185348182917e-05
-9.460319415666162968e-05
-8.239421731559559703e-05
-5.454566417029127479e-05
-7.657826790818944573e-05
-5.524811786017380655e-05
-6.069902156013995409e-05
-7.412397826556116343e-05
-6.852447404526174068e-05
-6.358273094519972801e-05
-8.110451744869351387e-05
-9.235925972461700439e-05
-9.602801583241671324e-05
-7.948350685182958841e-05
-6.038421997800469398e-05
-6.238923378987237811e-05
-8.612828969489783049e-05
-7.616232323925942183e-05
-7.787827780703082681e-05
-7.524524698965251446e-05
-7.850231486372649670e-05
-7.355877460213378072e-05
-5.031022010371088982e-05
-6.546288204845041037e-05
-5.755631354986689985e-05
-6.136197771411389112e-05
-7.998687215149402618e-05
-9.187097020912915468e-05
-8.781460928730666637e-05
-9.169499389827251434e-05
-6.348852912196889520e-05
-6.943775224499404430e-05
-8.949593757279217243e-05
-8.555740350857377052e-05
-7.041162461973726749e-05
-8.404215623158961535e-05
-9.181218774756416678e-05
-8.723961218493059278e-05
-6.344534631352871656e-05
-4.789661761606112123e-05
-6.104383646743372083e-05
-5.683329436578787863e-05
-7.278363045770674944e-05
-8.531763160135596991e-05
-9.399822738487273455e-05
-7.161946268752217293e-05
-8.218749280786141753e-05
-8.859860099619254470e-05
-9.175279410555958748e-05
-7.591197208967059851e-05
-6.132785347290337086e-05
-8.864870324032381177e-05
-8.707126835361123085e-05
-8.768203406361863017e-05
-8.216919377446174622e-05
-5.958873953204602003e-05
-5.890297325095161796e-05
-5.811555456602945924e-05
-6.531659164465963840e-05
-8.954101940616965294e-05
-8.695143333170562983e-05
-8.520217670593410730e-05
-9.103219053940847516e-05
-7.556813216069713235e-05
-4.993072434444911778e-05
-7.811571413185447454e-05
-8.627930947113782167e-05
-5.353356027626432478e-05
-5.845737177878618240e-05
-5.149624848854728043e-05
-7.098606874933466315e-05
-9.008189954329282045e-05
-5.855182098457589746e-05
-5.675155989592894912e-05
-5.358385533327236772e-05
-5.342438453226350248e-05
-8.255227294284850359e-05
-8.863986295182257891e-05
-8.471001638099551201e-05
-8.801135845715180039e-05
-8.469487511320039630e-05
-5.622286698780953884e-05
-6.265411502681672573e-05
-8.727615932002663612e-05
-8.866106509231030941e-05
-8.622145105618983507e-05
-8.857995271682739258e-05
-7.499528146581724286e-05
-5.394531035562977195e-05
-7.379396993201225996e-05
-8.864360279403626919e-05
-6.944400229258462787e-05
-5.985332973068580031e-05
-6.227444100659340620e-05
-5.600621079793199897e-05
-6.416623364202678204e-05
-5.799311111331917346e-05
-9.464551112614572048e-05
-7.586463470943272114e-05
-6.939157901797443628e-05
-9.101804607780650258e-05
-8.427877764916047454e-05
-8.738392352825030684e-05
-8.709984103916212916e-05
-8.060759864747524261e-05
-6.115418364061042666e-05
-7.862853817641735077e-05
-5.480625259224325418e-05
-5.934606451774016023e-05
-5.798101483378559351e-05
-6.341041444102302194e-05
-5.700024121324531734e-05
-8.228677324950695038e-05
-8.820429502520710230e-05
-8.184040780179202557e-05
-8.298487227875739336e-05
-6.540822505485266447e-05
-8.773927402216941118e-05
-8.486486331094056368e-05
-8.654521661810576916e-05
-9.476265404373407364e-05
-7.205517613328993320e-05
-5.436444553197361529e-05
-8.800160139799118042e-05
-5.570354551309719682e-05
-5.978484477964229882e-05
-7.875268056523054838e-05
-9.630197018850594759e-05
-9.026282350532710552e-05
-8.938780956668779254e-05
-8.469403110211715102e-05
-5.732128556701354682e-05
-7.300850120373070240e-05
-7.226571324281394482e-05
-9.316211799159646034e-05
-7.261276186909526587e-05
-6.447995838243514299e-05
-5.837731077917851508e-05
-8.052805787883698940e-05
-9.003031300380825996e-05
-8.275267464341595769e-05
-9.220757056027650833e-05
-5.986538599245250225e-05
-6.067437061574310064e-05
-6.309774471446871758e-05
-7.856349111534655094e-05
-8.919574611354619265e-05
-8.791867003310471773e-05
-8.212090324377641082e-05
-7.045570237096399069e-05
-7.074933819239959121e-05
-5.492677883012220263e-05
-5.518988837138749659e-05
-6.907341594342142344e-05
-9.698228677734732628e-05
-8.816684567136690021e-05
-6.834130181232467294e-05
-5.145370232639834285e-05
-6.331039185170084238e-05
-8.462760888505727053e-05
-6.594734441023319960e-05
-8.029331365833058953e-05
-9.132889681495726109e-05
-9.379080438520759344e-05
-6.454474350903183222e-05
-5.881262404727749527e-05
-6.249845318961888552e-05
-8.761035860516130924e-05
-8.501987758791074157e-05
-5.659204907715320587e-05
-8.180688746506348252e-05
-8.886546129360795021e-05
-6.287523137871176004e-05
-6.236400804482400417e-05
-7.525471301050856709e-05
-6.729186134180054069e-05
-9.021552978083491325e-05
-8.482147677568718791e-05
-9.285649866797029972e-05
-6.912829849170520902e-05
-6.651856529060751200e-05
-7.378549344139173627e-05
-5.363988748285919428e-05
-5.851935929968021810e-05
-7.464531518053263426e-05
-9.444443276152014732e-05
-7.853489660192281008e-05
-6.054004188627004623e-05
-6.146906525827944279e-05
-6.336022488540038466e-05
-7.912261207820847631e-05
-9.141146438196301460e-05
-6.098705489421263337e-05
-5.851386958966031671e-05
-5.431885801954194903e-05
-7.228856702568009496e-05
-8.847875869832932949e-05
-8.912663906812667847e-05
-7.995565829332917929e-05
-6.004440365359187126e-05
-5.371227598516270518e-05
-7.560910307802259922e-05
-9.350910841021686792e-05
-8.852648898027837276e-05
-6.227451376616954803e-05
-6.867615593364462256e-05
-9.345555736217647791e-05
-8.575277752242982388e-05
-8.489048923365771770e-05
-6.165890954434871674e-05
-6.232748273760080338e-05
-5.340540519682690501e-05
-8.897519001038745046e-05
-7.673529762541875243e-05
-5.495805453392677009e-05
-7.737362466286867857e-05
-7.251292117871344090e-05
-8.503737626597285271e-05
-6.979894533287733793e-05
-6.865263276267796755e-05
-8.462856931146234274e-05
-7.889839616836979985e-05
-4.470990097615867853e-05
-6.919086445122957230e-05
-6.909416697453707457e-05
-5.137899279361590743e-05
-6.819426198489964008e-05
-6.708705041091889143e-05
-8.256954606622457504e-05
-9.048325591720640659e-05
-8.911932673072442412e-05
-7.375902350759133697e-05
-5.586026964010670781e-05
-5.921928095631301403e-05
-6.167768879095092416e-05
-5.589479405898600817e-05
-8.236504800152033567e-05
-7.127186836441978812e-05
-6.334262434393167496e-05
-8.822552626952528954e-05
-8.716637967154383659e-05
-8.444252307526767254e-05
-9.178159234579652548e-05
-8.602557500125840306e-05
-7.431110134348273277e-05
-6.595064769499003887e-05
-6.784369179513305426e-05
-7.313902460737153888e-05
-5.884007623535580933e-05
-5.433596379589289427e-05
-6.892177771078422666e-05
-8.489897300023585558e-05
-9.566494554746896029e-05
-6.924173067091032863e-05
-6.535423744935542345e-05
-9.033879177877679467e-05
-7.647268648725003004e-05
-6.399961421266198158e-05
-6.322093395283445716e-05
-8.597519627073779702e-05
-7.218649261631071568e-05
-8.404843538301065564e-05
-8.834178152028471231e-05
-8.096719102468341589e-05
-9.322479309048503637e-05
-8.516737580066546798e-05
-9.456403495278209448e-05
-7.247330358950421214e-05
-5.920483090449124575e-05
-5.799544305773451924e-05
-5.825552216265350580e-05
-6.186194514157250524e-05
-8.100936247501522303e-05
-9.707814024295657873e-05
-8.719620382180437446e-05
-9.205710375681519508e-05
-7.966099656186997890e-05
-7.637771341251209378e-05
-6.921553722349926829e-05
-6.074405973777174950e-05
-5.258073360892012715e-05
-7.349053339567035437e-05
-8.954912482295185328e-05
-8.526078454451635480e-05
-8.995165990199893713e-05
-7.277510303538292646e-05
-5.341459109331481159e-05
-5.731777127948589623e-05
-8.283932402264326811e-05
-9.372599743073806167e-05
-8.721603080630302429e-05
-9.384939039591699839e-05
-8.103499567368999124e-05
-5.767749462393112481e-05
-7.564743282273411751e-05
-5.764527304563671350e-05
-8.277052256744354963e-05
-5.505254375748336315e-05
-5.921195406699553132e-05
-8.645894558867439628e-05
-7.264735904755070806e-05
-7.012493733782321215e-05
-6.499468145193532109e-05
-7.249396003317087889e-05
-5.615570626105181873e-05
-6.046955968486145139e-05
-6.055991980247199535e-05
-8.794135646894574165e-05
-8.831532613839954138e-05
-8.816736954031512141e-05
-8.727038220968097448e-05
-8.590660581830888987e-05
-6.712511822115629911e-05
-5.467761729960329831e-05
-5.962640716461464763e-05
-5.192277967580594122e-05
-6.608540570596233010e-05
-6.846839823992922902e-05
-8.488741150358691812e-05
-7.390239625237882137e-05
-6.496410060208290815e-05
-7.731690857326611876e-05
-5.190448064240626991e-05
-6.327555456664413214e-05
-5.963110743323341012e-05
-9.017756383400410414e-05
-7.591659959871321917e-05
-6.645482790190726519e-05
-9.123591007664799690e-05
-5.092361971037462354e-05
-6.862366717541590333e-05
-8.238329610321670771e-05
-9.084508928935974836e-05
-6.894080433994531631e-05
-8.518344839103519917e-05
-7.351002568611875176e-05
-8.124108717311173677e-05
-7.544246909674257040e-05
-5.736837556469254196e-05
-9.613315341994166374e-05
-7.944594835862517357e-05
-5.661979594151489437e-05
-8.011659519979730248e-05
-9.601375495549291372e-05
-6.293278420343995094e-05
-8.099230035440996289e-05
-6.056966230971738696e-05
-5.715071165468543768e-05
-5.423645416158251464e-05
-7.059140625642612576e-05
-8.287489617941901088e-05
-7.334706606343388557e-05
-9.782565757632255554e-05
-8.380870713153854012e-05
-7.730582728981971741e-05
-7.295818068087100983e-05
-5.582192898145876825e-05
-6.172775465529412031e-05
-7.944716344354674220e-05
-5.524214793695136905e-05
-5.781989239039830863e-05
-6.926355126779526472e-05
-7.369158993242308497e-05
-8.953482756623998284e-05
-7.057996117509901524e-05
-5.164529284229502082e-05
-7.180058310041204095e-05
-8.218619768740609288e-05
-8.784624515101313591e-05
-9.134536958299577236e-05
-9.360768308397382498e-05
-9.101260366151109338e-05
-6.771011248929426074e-05
-5.501995474332943559e-05
-6.728763401042670012e-05
-8.509208419127389789e-05
-7.250430644489824772e-05
-7.986053242348134518e-05
-9.349241008749231696e-05
-7.025213562883436680e-05
-5.937023524893447757e-05
-5.712896381737664342e-05
-7.010190893197432160e-05
-8.290723781101405621e-05
-9.302039688918739557e-05
-8.459277887595817447e-05
-7.757337152725085616e-05
-7.494186138501390815e-05
-5.690510442946106195e-05
-5.891140972380526364e-05
-6.564463546965271235e-05
-4.910269490210339427e-05
-7.017330062808468938e-05
-8.725091174710541964e-05
-6.703304825350642204e-05
-8.784372766967862844e-05
-9.048053470905870199e-05
-7.709105557296425104e-05
-5.222069739829748869e-05
-7.867940439609810710e-05
-7.913393346825614572e-05
-7.565292617073282599e-05
-7.703683513682335615e-05
-8.726694795768707991e-05
-8.812328451313078403e-05
-8.967140456661581993e-05
-8.108110341709107161e-05
-5.898762174183502793e-05
-7.947975245770066977e-05
-6.199189374456182122e-05
-7.735174585832282901e-05
-6.947464135009795427e-05
-8.924906433094292879e-05
-7.240110426209867001e-05
-5.982124275760725141e-05
-6.437793490476906300e-05
-6.112932896940037608e-05
-8.947326568886637688e-05
-8.490538311889395118e-05
-9.137584856944158673e-05
-8.433659240836277604e-05
-9.436416439712047577e-05
-7.899061893112957478e-05
-5.967473771306686103e-05
-5.432410398498177528e-05
-5.999411587254144251e-05
-7.655836816411465406e-05
-6.296543142525479198e-05
-8.348234405275434256e-05
-8.057609375100582838e-05
-7.502727385144680738e-05
-6.976993608986958861e-05
-7.214966171886771917e-05
-7.406820077449083328e-05
-8.581519068684428930e-05
-7.330275548156350851e-05
-5.653584958054125309e-05
-6.139697507023811340e-05
-5.931476334808394313e-05
-9.533997217658907175e-05
-8.493220229865983129e-05
-9.522784966975450516e-05
-5.647824218613095582e-05
-5.747735485783778131e-05
-6.935893179615959525e-05
-7.826516230124980211e-05
-8.413561590714380145e-05
-5.831343878526240587e-05
-7.914882007753476501e-05
-5.855946074007079005e-05
-5.199779116082936525e-05
-7.515717152273282409e-05
-9.638936171540990472e-05
-8.612679812358692288e-05
-8.920261461753398180e-05
-6.829012272646650672e-05
-5.886347935302183032e-05
-6.155110895633697510e-05
-8.488316962029784918e-05
-8.731280831852927804e-05
-9.182930079987272620e-05
-6.865120667498558760e-05
-5.147945557837374508e-05
-9.166616655420511961e-05
-9.276848868466913700e-05
-7.685623859288170934e-05
-4.756475027534179389e-05
-7.453707075910642743e-05
-9.206405957229435444e-05
-8.822203380987048149e-05
-6.456303526647388935e-05
-5.626208803732879460e-05
-5.673620034940540791e-05
-6.279821536736562848e-05
-5.493606659001670778e-05
-7.191566692199558020e-05
-8.805510151432827115e-05
-8.498843089910224080e-05
-9.253076859749853611e-05
-9.263006359105929732e-05
-8.011989120859652758e-05
-5.973292354610748589e-05
-5.847313150297850370e-05
-6.017851046635769308e-05
-7.739162538200616837e-05
-7.354925037361681461e-05
-8.764270023675635457e-05
-8.882983092917129397e-05
-6.879633292555809021e-05
-4.917516343994066119e-05
-7.909111445769667625e-05
-9.004904131870716810e-05
-8.593288657721132040e-05
-8.007419819477945566e-05
-5.561000943998806179e-05
-6.481944728875532746e-05
-5.772075019194744527e-05
-7.407985685858875513e-05
-9.419208072358742356e-05
-8.907285518944263458e-05
-9.115473221754655242e-05
-6.980011676205322146e-05
-6.082510662963613868e-05
-5.882727418793365359e-05
-6.726373976562172174e-05
-8.847330900607630610e-05
-7.485160313080996275e-05
-7.044515950838103890e-05
-7.937891496112570167e-05
-8.913617784855887294e-05
-8.457322110189124942e-05
-8.580643043387681246e-05
-6.631691940128803253e-05
-5.563387094298377633e-05
-6.351210322463884950e-05
-5.656548819388262928e-05
-6.667160778306424618e-05
-8.534934022463858128e-05
-9.018302080221474171e-05
-7.312680099857971072e-05
-5.497784877661615610e-05
-6.052337994333356619e-05
-8.197133138310164213e-05
-9.015745308715850115e-05
-6.056347046978771687e-05
-7.039621414151042700e-05
-9.346200386062264442e-05
-8.480706310365349054e-05
-9.183879592455923557e-05
-7.109528814908117056e-05
-5.303930083755403757e-05
-6.551849219249561429e-05
-8.066346345003694296e-05
-7.482850924134254456e-05
-6.372189818648621440e-05
-5.340694769984111190e-05
-6.517845031339675188e-05
-8.225215424317866564e-05
-8.790755236987024546e-05
-8.695598080521449447e-05
-8.825149416225031018e-05
-8.499500108882784843e-05
-6.772340566385537386e-05
-5.177840284886769950e-05
-6.242602830752730370e-05
-8.381289808312430978e-05
-8.982204599305987358e-05
-6.964057683944702148e-05
-7.625667785760015249e-05
-9.247918205801397562e-05
-5.543495353776961565e-05
-7.941722287796437740e-05
-6.844030576758086681e-05
-7.210350304376333952e-05
-9.140091424342244864e-05
-8.095554221654310822e-05
-8.648782386444509029e-05
-5.507370951818302274e-05
-6.414530798792839050e-05
-5.553661685553379357e-05
-6.128783570602536201e-05
-8.923964924179017544e-05
-8.778958726907148957e-05
-8.537046960555016994e-05
-8.911666373023763299e-05
-8.724429790163412690e-05
-8.104428707156330347e-05
-5.062610580353066325e-05
-6.498516449937596917e-05
-9.500500163994729519e-05
-5.782381776953116059e-05
-7.038352487143129110e-05
-8.736238669371232390e-05
-9.192097058985382318e-05
-6.501921598101034760e-05
-7.226125308079645038e-05
-6.211933214217424393e-05
-6.569232209585607052e-05
-9.301568934461101890e-05
-6.947247311472892761e-05
-5.688293458661064506e-05
-8.479582174913957715e-05
-8.629931835457682610e-05
-5.598062125500291586e-05
-8.811162842903286219e-05
-8.030634489841759205e-05
-7.468041440006345510e-05
-6.086082066758535802e-05
-7.849549729144200683e-05
-6.284871051320806146e-05
-5.656993016600608826e-05
-5.944876829744316638e-05
-5.818765203002840281e-05
-9.060779120773077011e-05
-8.502712444169446826e-05
-8.724727376829832792e-05
-8.325045928359031677e-05
-8.473654452245682478e-05
-6.212426524143666029e-05
-5.647214493365027010e-05
-6.707648572046309710e-05
-8.630084630567580462e-05
-8.798461203696206212e-05
-8.267810335382819176e-05
-8.111467468552291393e-05
-4.952275776304304600e-05
-8.788963896222412586e-05
-7.289605127880349755e-05
-6.179475167300552130e-05
-9.001702710520476103e-05
-6.069769005989655852e-05
-5.698839231627061963e-05
-6.327452138066291809e-05
-8.547575271222740412e-05
-8.356495527550578117e-05
-8.776236791163682938e-05
-6.494142871815711260e-05
-5.496858648257330060e-05
-5.867396248504519463e-05
-5.352370499167591333e-05
-5.982692528050392866e-05
-8.675377466715872288e-05
-8.658353181090205908e-05
-8.748844265937805176e-05
-7.841583283152431250e-05
-7.019306212896481156e-05
-9.387699537910521030e-05
-8.046301081776618958e-05
-8.831136074149981141e-05
-8.623793837614357471e-05
-9.073982073459774256e-05
-8.193634857889264822e-05
-6.628774281125515699e-05
-5.598836287390440702e-05
-6.436501280404627323e-05
-5.944652002654038370e-05
-6.525623030029237270e-05
-5.226863868301734328e-05
-6.751393084414303303e-05
-6.989713438088074327e-05
-5.732216959586367011e-05
-8.493621862726286054e-05
-8.848746801959350705e-05
-9.044261241797357798e-05
-8.768371480982750654e-05
-9.095002315007150173e-05
-8.785867248661816120e-05
-8.503587741870433092e-05
-8.859268564265221357e-05
-8.217123104259371758e-05
-7.030706910882145166e-05
-7.112704042810946703e-05
-5.373199383029714227e-05
-6.261935050133615732e-05
-5.832593888044357300e-05
-7.597419607918709517e-05
-8.382334635825827718e-05
-8.747146057430654764e-05
-8.052694465732201934e-05
-7.006272790022194386e-05
-6.597791798412799835e-05
-5.327216058503836393e-05
-5.992140359012410045e-05
-6.064858462195843458e-05
-5.743588553741574287e-05
-7.588025619043037295e-05
-8.842156967148184776e-05
-8.749616972636431456e-05
-8.953196811489760876e-05
-9.002839215099811554e-05
-7.908944098744541407e-05
-5.855814379174262285e-05
-7.920760981505736709e-05
-5.573226735577918589e-05
-5.543580846278928220e-05
-5.973453517071902752e-05
-8.197323040803894401e-05
-8.987764886114746332e-05
-8.556096872780472040e-05
-7.522720989072695374e-05
-5.757021426688879728e-05
-6.319477688521146774e-05
-8.214414265239611268e-05
-8.769772830419242382e-05
-6.101826147641986609e-05
-5.821392551297321916e-05
-8.357749902643263340e-05
-7.569565059384331107e-05
-6.616458267671987414e-05
-6.638889317400753498e-05
-4.959179568686522543e-05
-7.981620001373812556e-05
-8.839185466058552265e-05
-8.533769869245588779e-05
-7.729623030172660947e-05
-7.573416951345279813e-05
-6.491370004368945956e-05
-6.777913949918001890e-05
-7.166025170590728521e-05
-8.401142258662730455e-05
-7.560364610981196165e-05
-7.158669905038550496e-05
-5.239945676294155419e-05
-6.211960135260596871e-05
-7.354647095780819654e-05
-7.358269067481160164e-05
-8.714048453839495778e-05
-5.485073779709637165e-05
-5.771768701379187405e-05
-5.525410233531147242e-05
-7.550779264420270920e-05
-8.774027810432016850e-05
-8.719256584299728274e-05
-8.832167804939672351e-05
-8.477897063130512834e-05
-5.541659265873022377e-05
-7.608582382090389729e-05
-7.022012141533195972e-05
-7.812109834048897028e-05
-7.832411210983991623e-05
-4.665891174226999283e-05
-6.986572407186031342e-05
-4.963558603776618838e-05
-8.034588972805067897e-05
-8.260361209977418184e-05
-6.297672371147200465e-05
-7.438776083290576935e-05
-5.987823533359915018e-05
-4.927981717628426850e-05
-7.257371908053755760e-05
-8.607091149315237999e-05
-7.111037120921537280e-05
-5.232221883488819003e-05
-7.615704089403152466e-05
-6.267354183364659548e-05
-7.174255733843892813e-05
-9.174361184705048800e-05
-8.320799679495394230e-05
-9.274248441215604544e-05
-6.652004958596080542e-05
-5.972099097562022507e-05
-5.754333687946200371e-05
-8.346304821316152811e-05
-7.211133197415620089e-05
-8.047048322623595595e-05
-7.586312131024897099e-05
-7.526055560447275639e-05
-8.702275226823985577e-05
-8.732239075470715761e-05
-7.257892866618931293e-05
-5.338486516848206520e-05
-6.008417767588980496e-05
-8.448700100416317582e-05
-7.661292329430580139e-05
-4.743164390674792230e-05
-6.036377453710883856e-05
-4.919207640341483057e-05
-7.146361167542636395e-05
-7.127784192562103271e-05
-7.137136708479374647e-05
-6.393444346031174064e-05
-8.998037083074450493e-05
-8.728842658456414938e-05
-8.535302913514897227e-05
-8.926786540541797876e-05
-8.096396777546033263e-05
-9.046886407304555178e-05
-6.818739348091185093e-05
-5.636030255118384957e-05
-5.909992978558875620e-05
-5.391497688833624125e-05
-4.993145194021053612e-05
-8.155348768923431635e-05
-8.531069761374965310e-05
-9.444657189305871725e-05
-7.543342508142814040e-05
-5.722634887206368148e-05
-5.450129901873879135e-05
-6.134560680948197842e-05
-5.498197788256220520e-05
-6.702868267893791199e-05
-8.807804260868579149e-05
-8.901140245143324137e-05
-8.196923590730875731e-05
-9.249820141121745110e-05
-6.844771269243210554e-05
-6.380883860401809216e-05
-7.761889719404280186e-05
-5.218575461185537279e-05
-7.312822708627209067e-05
-8.586811600252985954e-05
-7.129854930099099874e-05
-4.836608059122227132e-05
-7.828509842511266470e-05
-6.079707964090630412e-05
-6.908453360665589571e-05
-8.564788731746375561e-05
-6.480082083726301789e-05
-6.473062239820137620e-05
-5.296510062180459499e-05
-5.553276059799827635e-05
-6.816029781475663185e-05
-8.631525270175188780e-05
-8.441136742476373911e-05
-6.821386341471225023e-05
-8.697335579199716449e-05
-6.411987851606681943e-05
-6.851255602668970823e-05
-9.345354192191734910e-05
-6.882621528347954154e-05
-5.549513662117533386e-05
-5.756363680120557547e-05
-7.553894101874902844e-05
-7.314096728805452585e-05
-6.151953130029141903e-05
-5.491152114700525999e-05
-5.992254591546952724e-05
-5.782224616268649697e-05
-5.855800191056914628e-05
-7.165860733948647976e-05
-9.452957601752132177e-05
-6.837330874986946583e-05
-8.298804459627717733e-05
-7.478376937797293067e-05
-6.214170571183785796e-05
-7.351302338065579534e-05
-7.075662142597138882e-05
-9.720597154228016734e-05
-7.548532448709011078e-05
-5.831889939145185053e-05
-5.953620348009280860e-05
-9.192229481413960457e-05
-7.963990356074646115e-05
-6.616304744966328144e-05
-8.581866131862625480e-05
-5.275578223518095911e-05
-6.948622467461973429e-05
-7.208621536847203970e-05
-5.173923273105174303e-05
-5.422063259175047278e-05
-6.169272091938182712e-05
-8.361309301108121872e-05
-8.713115676073357463e-05
-8.570668433094397187e-05
-9.161463094642385840e-05
-7.288155029527842999e-05
-5.898198287468403578e-05
-8.929426257964223623e-05
-8.723342034500092268e-05
-7.250292401295155287e-05
-6.043989560566842556e-05
-5.958346446277573705e-05
-5.767388938693329692e-05
-5.455606515170074999e-05
-6.474442488979548216e-05
-7.170423486968502402e-05
-8.219497976824641228e-05
-7.743156311335042119e-05
-7.403444033116102219e-05
-9.312999463872984052e-05
-7.766865019220858812e-05
-9.717264038044959307e-05
-7.765533518977463245e-05
-5.753853474743664265e-05
-5.529179907171055675e-05
-5.898288509342819452e-05
-7.159792585298418999e-05
-5.739152766182087362e-05
-8.029850141610950232e-05
-5.576603143708780408e-05
-7.512733282055705786e-05
-8.906039875000715256e-05
-8.134436211548745632e-05
-8.258286106865853071e-05
-7.737837586319074035e-05
-5.711252742912620306e-05
-8.383572276216000319e-05
-8.544130105292424560e-05
-8.860570960678160191e-05
-8.621276356279850006e-05
-8.537319081369787455e-05
-8.549296762794256210e-05
-6.905727786943316460e-05
-8.518400863977149129e-05
-6.936641148058697581e-05
-6.622928776778280735e-05
-5.213386612012982368e-05
-6.164055957924574614e-05
-5.223083280725404620e-05
-7.618111703777685761e-05
-8.381131920032203197e-05
-8.123870065901428461e-05
-8.738514588912948966e-05
-8.983792213257402182e-05
-6.426772597478702664e-05
-6.553433922817930579e-05
-9.706866694614291191e-05
-8.608978532720357180e-05
-6.683183892164379358e-05
-4.784355405718088150e-05
-9.102965123020112514e-05
-7.243294385261833668e-05
-5.996634718030691147e-05
-8.759889897191897035e-05
-8.826474368106573820e-05
-8.855470514390617609e-05
-7.742730667814612389e-05
-5.437224535853601992e-05
-5.497064194059930742e-05
-7.857922901166602969e-05
-6.504493649117648602e-05
-5.967406832496635616e-05
-5.549057095777243376e-05
-7.274057861650362611e-05
-8.845304546412080526e-05
-8.286797674372792244e-05
-7.596898649353533983e-05
-7.579294469906017184e-05
-6.421614671126008034e-05
-5.270577821647748351e-05
-6.882713205413892865e-05
-8.341637294506654143e-05
-8.487871673423796892e-05
-8.373883611056953669e-05
-8.409172005485743284e-05
-8.613016689196228981e-05
-8.162468293448910117e-05
-5.957522080279886723e-05
-6.059321458451449871e-05
-5.729477561544626951e-05
-7.631019980181008577e-05
-8.755818998906761408e-05
-8.356152102351188660e-05
-7.081874355208128691e-05
-7.678905967622995377e-05
-7.465384260285645723e-05
-4.586658178595826030e-05
-6.139297329355031252e-05
-7.583958358736708760e-05
-7.277280383277684450e-05
-8.820943185128271580e-05
-7.462403300451114774e-05
-7.833410199964419007e-05
-8.908710151445120573e-05
-7.987246499396860600e-05
-5.616854105028323829e-05
-5.877502553630620241e-05
-9.321333345724269748e-05
-7.631628250237554312e-05
-7.480522617697715759e-05
-6.624253728659823537e-05
-7.149961311370134354e-05
-6.971308903302997351e-05
-5.566592153627425432e-05
-5.976111060590483248e-05
-5.418682121671736240e-05
-7.942487718537449837e-05
-8.707730739843100309e-05
-5.866440187674015760e-05
-7.124694820959120989e-05
-6.894535908941179514e-05
-8.398838690482079983e-05
-8.647531649330630898e-05
-8.436164353042840958e-05
-7.708434714004397392e-05
-6.049728835932910442e-05
-7.138254295568913221e-05
-7.667187310289591551e-05
-8.179912401828914881e-05
-5.631716703646816313e-05
-5.407528078649193048e-05
-5.892250919714570045e-05
-5.178905485081486404e-05
-7.133796316338703036e-05
-8.596217230660840869e-05
-8.562067523598670959e-05
-8.550849452149122953e-05
-8.733524009585380554e-05
-6.623312947340309620e-05
-5.809942376799881458e-05
-7.746016490273177624e-05
-5.734376100008375943e-05
-5.939011680311523378e-05
-5.722168134525418282e-05
-6.122458580648526549e-05
-5.696593871107324958e-05
-6.395587115548551083e-05
-8.509305189363658428e-05
-9.054834663402289152e-05
-6.948395457584410906e-05
-6.294363993220031261e-05
-6.972441042307764292e-05
-5.219609010964632034e-05
-6.096334254834800959e-05
-6.287804717430844903e-05
-9.111162216868251562e-05
-8.639203588245436549e-05
-7.093464228091761470e-05
-7.821056351531296968e-05
-7.486288086511194706e-05
-5.236486322246491909e-05
-6.054996629245579243e-05
-7.907600956968963146e-05
-8.811370935291051865e-05
-7.442686182912439108e-05
-5.552691800403408706e-05
-7.761519373161718249e-05
-7.343137986026704311e-05
-9.135554137174040079e-05
-8.590033394284546375e-05
-6.754307105438783765e-05
-4.926676047034561634e-05
-6.644862151006236672e-05
-7.221430860226973891e-05
-6.080131424823775887e-05
-9.193315781885758042e-05
-8.306078234454616904e-05
-5.355783650884404778e-05
-5.976206739433109760e-05
-9.153677092399448156e-05
-8.471553155686706305e-05
-9.257101919502019882e-05
-5.760464773629792035e-05
-7.294216629816219211e-05
-7.993353938218206167e-05
-6.696485070278868079e-05
-7.633880886714905500e-05
-5.026741200708784163e-05
-9.235304605681449175e-05
-6.988966924836859107e-05
-5.943407086306251585e-05
-8.820771472528576851e-05
-5.766622052760794759e-05
-5.543018778553232551e-05
-5.651166429743170738e-05
-5.355723260436207056e-05
-8.485252328682690859e-05
-8.918559615267440677e-05
-7.556687342002987862e-05
-7.264521991601213813e-05
-9.094952838495373726e-05
-6.742092955391854048e-05
-5.283372229314409196e-05
-5.326161772245541215e-05
-8.000817615538835526e-05
-9.171049896394833922e-05
-8.404425170738250017e-05
-9.215665340889245272e-05
-5.207911090110428631e-05
-7.298096898011863232e-05
-5.719968248740769923e-05
-7.312174420803785324e-05
-7.692012150073423982e-05
-6.945746281417086720e-05
-6.512890831800177693e-05
-5.512382631422951818e-05
-8.015970524866133928e-05
-8.799944771453738213e-05
-7.986362470546737313e-05
-5.443005647975951433e-05
-5.733222496928647161e-05
-6.388561450876295567e-05
-9.364752622786909342e-05
-7.154219929361715913e-05
-8.346691902261227369e-05
-7.643621938768774271e-05
-7.521244697272777557e-05
-8.999970305012539029e-05
-8.734199946047738194e-05
-7.197103695943951607e-05
-5.322420474840328097e-05
-9.238578786607831717e-05
-5.981620415695942938e-05
-5.924765355302952230e-05
-7.819521852070465684e-05
-7.463419751729816198e-05
-9.111233521252870560e-05
-6.926209607627242804e-05
-6.131403642939403653e-05
-8.875950152287259698e-05
-8.665950008435174823e-05
-7.001929043326526880e-05
-5.302662248141132295e-05
-5.722449714085087180e-05
-8.153433736879378557e-05
-7.771710806991904974e-05
-8.230044477386400104e-05
-9.078533184947445989e-05
-7.977931090863421559e-05
-8.270122634712606668e-05
-8.520184928784146905e-05
-8.559970592614263296e-05
-8.576903201173990965e-05
-7.040514174150303006e-05
-5.498687824001535773e-05
-6.393969670170918107e-05
-7.481736247427761555e-05
-6.152224523248150945e-05
-5.560358113143593073e-05
-5.752236029366031289e-05
-8.196665294235572219e-05
-9.110415703617036343e-05
-8.042011177167296410e-05
-6.321387627394869924e-05
-7.336679846048355103e-05
-5.488870010594837368e-05
-5.803580643259920180e-05
-9.185436647385358810e-05
-8.263107156381011009e-05
-9.247523121302947402e-05
-5.915958172408863902e-05
-5.305444574332796037e-05
-4.829348836210556328e-05
-7.559278310509398580e-05
-7.455544982803985476e-05
-6.934192788321524858e-05
-8.511431224178522825e-05
-5.632833563140593469e-05
-5.886540020583197474e-05
-5.458650412037968636e-05
-5.986729956930503249e-05
-6.833110091974958777e-05
-8.798363705864176154e-05
-8.095943485386669636e-05
-8.436974167125299573e-05
-8.540570706827566028e-05
-6.227636185940355062e-05
-5.318967305356636643e-05
-5.898607196286320686e-05
-8.929871546570211649e-05
-9.293055336456745863e-05
-7.272980292327702045e-05
-7.073671440593898296e-05
-6.082891195546835661e-05
-4.763015749631449580e-05
-5.712195707019418478e-05
-7.921490760054439306e-05
-9.596727613825351000e-05
-7.840653415769338608e-05
-6.848399061709642410e-05
-8.545752643840387464e-05
-8.059227548073977232e-05
-6.586484960280358791e-05
-5.642665928462520242e-05
-5.670523387379944324e-05
-5.255730866338126361e-05
-6.547325028805062175e-05
-8.669080125400796533e-05
-8.569691271986812353e-05
-8.235541463363915682e-05
-8.403411629842594266e-05
-7.148637087084352970e-05
-4.940959479426965117e-05
-6.668706919299438596e-05
-5.232077091932296753e-05
-6.122462946223095059e-05
-7.128858851501718163e-05
-7.315146649489179254e-05
-8.716792217455804348e-05
-8.436726056970655918e-05
-9.172482532449066639e-05
-7.159531378420069814e-05
-5.314494774211198092e-05
-6.234941247384995222e-05
-6.709377339575439692e-05
-7.459246990038082004e-05
-8.595174585934728384e-05
-5.783035157946869731e-05
-8.015595085453242064e-05
-8.892457117326557636e-05
-5.643806071020662785e-05
-6.850116187706589699e-05
-8.665988571010529995e-05
-7.164229464251548052e-05
-5.442141991807147861e-05
-5.743517249356955290e-05
-7.999544322956353426e-05
-8.857736247591674328e-05
-8.937783422879874706e-05
-8.780156349530443549e-05
-8.495256042806431651e-05
-8.749307016842067242e-05
-6.481455784523859620e-05
-5.009653250453993678e-05
-8.403522951994091272e-05
-8.956772217061370611e-05
-6.381521234288811684e-05
-5.349244383978657424e-05
-6.332624616334214807e-05
-7.209432078525424004e-05
-7.256226672325283289e-05
-8.901307592168450356e-05
-8.059309766395017505e-05
-9.630198474042117596e-05
-7.519412611145526171e-05
-7.894001464592292905e-05
-7.855621515773236752e-05
-7.305286999326199293e-05
-8.071959018707275391e-05
-7.518343045376241207e-05
-8.381191582884639502e-05
-5.628661165246739984e-05
-5.330813291948288679e-05
-7.711447688052430749e-05
-6.298563675954937935e-05
-7.220944826258346438e-05
-8.257980516646057367e-05
-7.444649236276745796e-05
-8.789061394054442644e-05
-5.596106711891479790e-05
-5.776311445515602827e-05
-5.894516289117746055e-05
-6.717767973896116018e-05
-7.768570503685623407e-05
-6.289033626671880484e-05
-5.770033749286085367e-05
-5.550010246224701405e-05
-6.695266347378492355e-05
-9.187925024889409542e-05
-8.814517059363424778e-05
-5.990638601360842586e-05
-7.025206286925822496e-05
-9.145165677182376385e-05
-7.092781015671789646e-05
-5.688261808245442808e-05
-5.890272586839273572e-05
-8.084437286015599966e-05
-9.337218943983316422e-05
-8.217828144552186131e-05
-9.003495506476610899e-05
-5.870195309398695827e-05
-7.454756268998607993e-05
-6.866053445264697075e-05
-4.762670869240537286e-05
-5.837511707795783877e-05
-5.122464790474623442e-05
-8.186437480617314577e-05
-8.783640078036114573e-05
-8.483679266646504402e-05
-8.898302621673792601e-05
-8.435609197476878762e-05
-8.328886906383559108e-05
-5.794776734546758235e-05
-7.255670789163559675e-05
-8.585483010392636061e-05
-5.214515113038942218e-05
-6.760227552149444818e-05
-8.539356349501758814e-05
-8.826830890029668808e-05
-8.615542901679873466e-05
-6.443150050472468138e-05
-4.987563806935213506e-05
-8.835835615172982216e-05
-7.591834582854062319e-05
-4.987325155525468290e-05
-6.432997179217636585e-05
-5.550574860535562038e-05
-7.274994277395308018e-05
-9.533247794024646282e-05
-8.657890430185943842e-05
-5.993578088236972690e-05
-6.444953032769262791e-05
-7.717622065683826804e-05
-7.010319677647203207e-05
-6.068132643122226000e-05
-8.799459465080872178e-05
-8.726168016437441111e-05
-8.918705134419724345e-05
-7.956720946822315454e-05
-5.711492121918126941e-05
-5.682642222382128239e-05
-6.825469608884304762e-05
-8.961567800724878907e-05
-8.181644079741090536e-05
-6.994655268499627709e-05
-8.519261609762907028e-05
-8.433203038293868303e-05
-8.600094588473439217e-05
-8.251177496276795864e-05
-5.653673724737018347e-05
-6.016912448103539646e-05
-5.790450086351484060e-05
-5.841130041517317295e-05
-5.399855217547155917e-05
-7.983086106833070517e-05
-8.630874799564480782e-05
-8.820991206448525190e-05
-8.537543908460065722e-05
-7.918533083284273744e-05
-5.404956391430459917e-05
-6.263341492740437388e-05
-7.603487756568938494e-05
-4.874720252701081336e-05
-7.141805690480396152e-05
-8.893378253560513258e-05
-8.505910227540880442e-05
-6.052971366443671286e-05
-6.189825944602489471e-05
-5.574613896897062659e-05
-7.000273035373538733e-05
-6.686658889520913363e-05
-5.229526141192764044e-05
-6.259667861741036177e-05
-5.263281491352245212e-05
-6.431700603570789099e-05
-8.474937931168824434e-05
-8.522198913851752877e-05
-8.728705870453268290e-05
-8.373129821848124266e-05
-5.011324901715852320e-05
-6.582042988156899810e-05
-7.746581832179799676e-05
-7.216118683572858572e-05
-7.444784569088369608e-05
-5.926338053541257977e-05
-5.640400559059344232e-05
-6.233049498405307531e-05
-8.961520507000386715e-05
-8.141667058225721121e-05
-8.619963773526251316e-05
-7.922133954707533121e-05
-5.837596836499869823e-05
-5.840219455421902239e-05
-7.083556556608527899e-05
-8.993515803012996912e-05
-8.537640678696334362e-05
-9.474843682255595922e-05
-7.314708636840805411e-05
-6.443355232477188110e-05
-7.534211181337013841e-05
-6.385418964782729745e-05
-7.343971810769289732e-05
-6.396962999133393168e-05
-4.960449587088078260e-05
-6.100207974668592215e-05
-6.941799802007153630e-05
-9.595515439286828041e-05
-6.337257946142926812e-05
-8.688375964993610978e-05
-9.091827087104320526e-05
-6.468491483246907592e-05
-8.655762212583795190e-05
-7.145282143028452992e-05
-8.181299199350178242e-05
-6.740132812410593033e-05
-5.433855039882473648e-05
-6.420761201297864318e-05
-8.657759462948888540e-05
-6.267802382353693247e-05
-5.437102663563564420e-05
-5.832254100823774934e-05
-7.327512139454483986e-05
-9.133765706792473793e-05
-8.149301720550283790e-05
-8.659871673444285989e-05
-7.086270488798618317e-05
-7.360159361269325018e-05
-6.216143083292990923e-05
-5.549616980715654790e-05
-7.035106682451441884e-05
-6.761403346899896860e-05
-8.231830724980682135e-05
-6.571033736690878868e-05
-5.715777297155000269e-05
-6.790137558709830046e-05
-8.470367174595594406e-05
-8.438876102445647120e-05
-5.090227932669222355e-05
-5.596670962404459715e-05
-6.517294968944042921e-05
-9.759359818417578936e-05
-6.669379217782989144e-05
-5.982838411000557244e-05
-8.012188482098281384e-05
-8.922052802518010139e-05
-6.731752364430576563e-05
-5.990702265989966691e-05
-9.203505760524421930e-05
-8.633623656351119280e-05
-8.831884770188480616e-05
-6.293281330727040768e-05
-5.872263500350527465e-05
-6.515807763207703829e-05
-8.246525976574048400e-05
-8.251699182437732816e-05
-6.822540308348834515e-05
-5.989069904899224639e-05
-8.119187987176701427e-05
-5.796532059321179986e-05
-5.275395960779860616e-05
-5.304244405124336481e-05
-6.914278492331504822e-05
-9.497498831478878856e-05
-6.736384239047765732e-05
-6.190575368236750364e-05
-5.548084300244227052e-05
-5.607191269518807530e-05
-5.859250813955441117e-05
-5.830770533066242933e-05
-5.453393532661721110e-05
-8.468543819617480040e-05
-8.694611460668966174e-05
-8.700470061739906669e-05
-8.592968515586107969e-05
-8.758169133216142654e-05
-7.112527237040922046e-05
-5.563170998357236385e-05
-5.620769297820515931e-05
-7.899274351075291634e-05
-8.873506885720416903e-05
-9.011609654407948256e-05
-9.037906420417129993e-05
-8.766660175751894712e-05
-6.808872421970590949e-05
-5.167553899809718132e-05
-5.782642256235703826e-05
-4.802580588147975504e-05
-7.976452616276219487e-05
-6.259582005441188812e-05
-7.014111906755715609e-05
-7.290557550732046366e-05
-8.391265873797237873e-05
-8.274459105450659990e-05
-5.203551700105890632e-05
-6.450577348005026579e-05
-8.668155351188033819e-05
-8.560068090446293354e-05
-8.471901674056425691e-05
-6.422682054108008742e-05
-5.685171345248818398e-05
-8.845145930536091328e-05
-8.649549272377043962e-05
-8.292060374515131116e-05
-8.975035598268732429e-05
-8.533765503671020269e-05
-6.057359496480785310e-05
-5.819146463181823492e-05
-6.008499622112140059e-05
-7.525571709265932441e-05
-7.003886275924742222e-05
-8.908740710467100143e-05
-8.562954462831839919e-05
-6.062949978513643146e-05
-5.595663969870656729e-05
-6.032246164977550507e-05
-9.429750207345932722e-05
-7.559404912171885371e-05
-6.995929288677871227e-05
-8.605155744589865208e-05
-8.621619781479239464e-05
-8.120399434119462967e-05
-5.643266558763571084e-05
-5.332227738108485937e-05
-6.905279587954282761e-05
-6.762634438928216696e-05
-5.259187310002744198e-05
-6.559193570865318179e-05
-8.153891394613310695e-05
-8.989904017653316259e-05
-8.940635598264634609e-05
-8.490400068694725633e-05
-8.593492384534329176e-05
-6.606396345887333155e-05
-6.693456089124083519e-05
-5.262787090032361448e-05
-5.799326027045026422e-05
-8.058299135882407427e-05
-9.651706932345405221e-05
-7.649511098861694336e-05
-7.273841765709221363e-05
-6.570039840880781412e-05
-7.071049913065508008e-05
-9.753635094966739416e-05
-6.157847383292391896e-05
-6.554924766533076763e-05
-6.532629049615934491e-05
-7.844022184144705534e-05
-7.365256169578060508e-05
-5.089303158456459641e-05
-5.904284626012668014e-05
-5.800145299872383475e-05
-5.889440944883972406e-05
-6.386193126672878861e-05
-8.878478547558188438e-05
-8.892126788850873709e-05
-7.218049722723662853e-05
-7.822492625564336777e-05
-8.806610276224091649e-05
-8.245992648880928755e-05
-8.858116780174896121e-05
-8.781941869528964162e-05
-5.453324411064386368e-05
-8.481541590299457312e-05
-7.251359784277155995e-05
-6.601979839615523815e-05
-7.139521767385303974e-05
-5.062007403466850519e-05
-6.175404996611177921e-05
-7.382570765912532806e-05
-7.437542808474972844e-05
-6.965439388295635581e-05
-8.509650069754570723e-05
-6.713659240631386638e-05
-8.624469046480953693e-05
-6.426039908546954393e-05
-5.186690759728662670e-05
-8.487776358379051089e-05
-7.242663559736683965e-05
-5.162040179129689932e-05
-5.954311927780508995e-05
-7.880353223299607635e-05
-6.173129077069461346e-05
-5.184948531677946448e-05
-7.622683915542438626e-05
-8.790110587142407894e-05
-8.384593820665031672e-05
-7.426076626870781183e-05
-6.930140079930424690e-05
-7.017046300461515784e-05
-8.683704072609543800e-05
-7.976927008712664247e-05
-7.171573815867304802e-05
-6.644704990321770310e-05
-5.411339225247502327e-05
-5.501756822923198342e-05
-7.049180567264556885e-05
-8.904300921130925417e-05
-8.246557990787550807e-05
-9.077164577320218086e-05
-8.247840742114931345e-05
-8.378940401598811150e-05
-5.317269460647366941e-05
-6.394008960342034698e-05
-8.824245014693588018e-05
-6.496745481854304671e-05
-5.092379069537855685e-05
-7.103441748768091202e-05
-8.181270823115482926e-05
-9.012260125018656254e-05
-7.305195322260260582e-05
-6.161681085359305143e-05
-8.316365710925310850e-05
-7.455256127286702394e-05
-6.780066178180277348e-05
-6.129552639322355390e-05
-7.657290552742779255e-05
-5.811758455820381641e-05
-5.592436718870885670e-05
-7.767166971461847425e-05
-8.530046034138649702e-05
-8.584970782976597548e-05
-8.582443842897191644e-05
-8.314765000250190496e-05
-8.780524512985721231e-05
-7.878917676862329245e-05
-5.682028131559491158e-05
-5.596023402176797390e-05
-5.982619768474251032e-05
-5.145670002093538642e-05
-7.636249938514083624e-05
-8.944755245465785265e-05
-8.852279279381036758e-05
-7.101349183358252048e-05
-6.799139373470097780e-05
-8.255305874627083540e-05
-7.400220056297257543e-05
-6.717134965583682060e-05
-5.654786218656226993e-05
-5.924380457145161927e-05
-7.051698048599064350e-05
-9.431483340449631214e-05
-8.121629070956259966e-05
-9.179059998132288456e-05
-7.040938362479209900e-05
-8.132516813930124044e-05
-7.564813859062269330e-05
-5.246101500233635306e-05
-9.595230949344113469e-05
-7.827040099073201418e-05
-5.796395635115914047e-05
-5.194447294343262911e-05
-7.225810986710712314e-05
-6.876421684864908457e-05
-5.220858292886987329e-05
-8.026698924368247390e-05
-8.214989793486893177e-05
-7.882430509198457003e-05
-6.206845864653587341e-05
-6.252105231396853924e-05
-8.398072532145306468e-05
-8.480859105475246906e-05
-8.785833779256790876e-05
-8.123593579512089491e-05
-9.013705130200833082e-05
-5.763965964433737099e-05
-7.257308607222512364e-05
-8.550097118131816387e-05
-5.450115713756531477e-05
-6.006457624607719481e-05
-5.467396840685978532e-05
-6.417109398171305656e-05
-4.942634404869750142e-05
-7.053738227114081383e-05
-6.562155613210052252e-05
-5.989940109429880977e-05
-9.147739910986274481e-05
-8.192399400286376476e-05
-8.618624997325241566e-05
-8.945146691985428333e-05
-8.581025031162425876e-05
-6.260055670281872153e-05
-6.268198194447904825e-05
-6.170146662043407559e-05
-6.984767242101952434e-05
-6.334246427286416292e-05
-5.152924495632760227e-05
-6.819747795816510916e-05
-8.669283852213993669e-05
-8.958611579146236181e-05
-5.124316521687433124e-05
-8.972283831099048257e-05
-7.034032023511826992e-05
-6.082909385440871119e-05
-8.788828563410788774e-05
-7.634663052158430219e-05
-6.121696060290560126e-05
-5.220854291110299528e-05
-7.443029608111828566e-05
-8.246827928815037012e-05
-8.420376980211585760e-05
-6.418061093427240849e-05
-5.939778566244058311e-05
-5.341944051906466484e-05
-7.173450285336002707e-05
-6.706308340653777122e-05
-5.408190918387845159e-05
-6.044042311259545386e-05
-8.519578841514885426e-05
-8.069741306826472282e-05
-8.956840611062943935e-05
-8.031337347347289324e-05
-7.434868894051760435e-05
-7.842443301342427731e-05
-6.951134128030389547e-05
-8.261304174084216356e-05
-5.266892912914045155e-05
-5.649801460094749928e-05
-7.533661846537142992e-05
-8.605340553913265467e-05
-8.538350812159478664e-05
-5.901000986341387033e-05
-7.348036160692572594e-05
-9.445112664252519608e-05
-7.564942643512040377e-05
-9.209602285409346223e-05
-6.865989416837692261e-05
-6.029697760823182762e-05
-5.414459883468225598e-05
-8.397766214329749346e-05
-7.581207319162786007e-05
-6.361147097777575254e-05
-8.903181878849864006e-05
-8.683829219080507755e-05
-6.714608753100037575e-05
-6.394141382770612836e-05
-8.650709060020744801e-05
-7.250560884131118655e-05
-7.367651414824649692e-05
-5.243868508841842413e-05
-5.740833876188844442e-05
-8.287525270134210587e-05
-8.732792775845155120e-05
-6.476406997535377741e-05
-9.000403224490582943e-05
-7.907096733106300235e-05
-5.581514051300473511e-05
-7.950741564854979515e-05
-8.854898624122142792e-05
-9.091376705328002572e-05
-8.870038436725735664e-05
-6.151279376354068518e-05
-6.667217530775815248e-05
-6.866207695566117764e-05
-5.355895700631663203e-05
-6.189510895637795329e-05
-8.751386485528200865e-05
-8.273043204098939896e-05
-5.246122600510716438e-05
-5.925703953835181892e-05
-5.433656406239606440e-05
-7.840697799110785127e-05
-8.755801536608487368e-05
-5.492966738529503345e-05
-6.662891246378421783e-05
-9.569260146236047149e-05
-6.776735972380265594e-05
-5.813186726300045848e-05
-8.912024350138381124e-05
-7.272067887242883444e-05
-7.006543455645442009e-05
-8.373630407731980085e-05
-5.053954737377353013e-05
-7.147568248910829425e-05
-7.114610343705862761e-05
-5.487773159984499216e-05
-5.709371907869353890e-05
-8.521099516656249762e-05
-9.121940092882141471e-05
-6.414702511392533779e-05
-5.501690611708909273e-05
-6.610857963096350431e-05
-7.340816955547779799e-05
-4.938351048622280359e-05
-6.733496411470696330e-05
-8.997623081086203456e-05
-8.347455150214955211e-05
-7.194356294348835945e-05
-7.006345549598336220e-05
-5.655890345224179327e-05
-5.664811033057048917e-05
-6.240830407477915287e-05
-8.274746505776420236e-05
-8.438923396170139313e-05
-8.408362918999046087e-05
-6.632151053054258227e-05
-6.389375630533322692e-05
-9.310331370215862989e-05
-8.594724204158410430e-05
-9.489822696195915341e-05
-6.503541226265951991e-05
-6.285092240432277322e-05
-8.798648923402652144e-05
-7.026852108538150787e-05
-8.668715599924325943e-05
-7.370262756012380123e-05
-6.826650496805086732e-05
-5.652266554534435272e-05
-5.573934686253778636e-05
-8.428638102486729622e-05
-7.904486847110092640e-05
-8.955653902376070619e-05
-6.801789277233183384e-05
-5.859270459040999413e-05
-8.732287824386730790e-05
-8.801635704003274441e-05
-7.255441596498712897e-05
-5.289561158861033618e-05
-5.592095112660899758e-05
-8.091123891063034534e-05
-5.745222006225958467e-05
-5.628935468848794699e-05
-5.493742355611175299e-05
-8.007520227693021297e-05
-9.462283924221992493e-05
-6.145745282992720604e-05
-6.437573028961196542e-05
-6.387181929312646389e-05
-7.013283175183460116e-05
-8.858680666889995337e-05
-8.232670370489358902e-05
-8.717265154700726271e-05
-8.468298619845882058e-05
-6.058606959413737059e-05
-4.847257514484226704e-05
-6.199069321155548096e-05
-8.660393359605222940e-05
-5.675099964719265699e-05
-6.984409992583096027e-05
-7.112506864359602332e-05
-8.354149758815765381e-05
-6.492821557912975550e-05
-5.550207788473926485e-05
-9.031710942508652806e-05
-9.129032696364447474e-05
-8.241996692959219217e-05
-8.014079503482207656e-05
-6.119932368164882064e-05
-5.566628897213377059e-05
-7.555316551588475704e-05
-5.914631765335798264e-05
-7.725675823166966438e-05
-5.360352952266111970e-05
-6.238053902052342892e-05
-8.211511885747313499e-05
-8.752394205657765269e-05
-6.951692921575158834e-05
-5.603535828413441777e-05
-5.981671347399242222e-05
-7.714108505751937628e-05
-8.952770440373569727e-05
-8.085620356723666191e-05
-7.667815953027456999e-05
-4.977999924449250102e-05
-7.332785025937482715e-05
-8.719117613509297371e-05
-8.397939382120966911e-05
-6.274571205722168088e-05
-5.158715794095769525e-05
-8.068902388913556933e-05
-7.245856977533549070e-05
-5.410357698565348983e-05
-6.321828550426289439e-05
-5.699400935554876924e-05
-5.794619937660172582e-05
-6.895982369314879179e-05
-8.403957326663658023e-05
-8.699214231455698609e-05
-7.018411270109936595e-05
-5.020812386646866798e-05
-5.869074084330350161e-05
-8.164921746356412768e-05
-8.823729876894503832e-05
-8.336796599905937910e-05
-5.596748451353050768e-05
-8.408083522226661444e-05
-7.750585791654884815e-05
-5.084828808321617544e-05
-6.709562876494601369e-05
-5.006941864849068224e-05
-8.033848280319944024e-05
-7.825398643035441637e-05
-7.617489609401673079e-05
-8.473909838357940316e-05
-8.820778748486191034e-05
-8.674587297718971968e-05
-8.398730278713628650e-05
-8.898937812773510814e-05
-7.688509504077956080e-05
-5.147515912540256977e-05
-5.832435999764129519e-05
-8.014937338884919882e-05
-8.954048098530620337e-05
-8.181752491509541869e-05
-5.375760520109906793e-05
-8.880735549610108137e-05
-6.892364763189107180e-05
-8.385183173231780529e-05
-7.366379577433690429e-05
-7.996718341019004583e-05
-7.475298480130732059e-05
-7.185596041381359100e-05
-8.918545790947973728e-05
-7.714705134276300669e-05
-8.966907626017928123e-05
-8.245078788604587317e-05
-5.417024658527225256e-05
-6.047903298167511821e-05
-8.673251431901007891e-05
-6.673335155937820673e-05
-8.319779590237885714e-05
-8.606731717009097338e-05
-8.720843470655381680e-05
-6.494381523225456476e-05
-5.819070065626874566e-05
-5.835089541506022215e-05
-7.329713844228535891e-05
-7.463941437890753150e-05
-7.889042899478226900e-05
-8.842720126267522573e-05
-8.292132406495511532e-05
-6.857179687358438969e-05
-5.388849967857822776e-05
-6.518697773572057486e-05
-8.158606942743062973e-05
-8.978442201623693109e-05
-7.254610682139173150e-05
-5.418461660156026483e-05
-5.876832074136473238e-05
-5.607979255728423595e-05
-5.730718839913606644e-05
-4.917392652714625001e-05
-7.041376375127583742e-05
-8.707284723641350865e-05
-5.653675543726421893e-05
-5.934081491432152689e-05
-5.358780981623567641e-05
-8.040589455049484968e-05
-8.556930697523057461e-05
-8.594892278779298067e-05
-7.472007564501836896e-05
-7.313604874070733786e-05
-6.412912625819444656e-05
-5.429006705526262522e-05
-6.019566353643313050e-05
-7.959945651236921549e-05
-9.468878852203488350e-05
-8.090870687738060951e-05
-8.572693332098424435e-05
-7.911310967756435275e-05
-9.315941133536398411e-05
-8.056581282289698720e-05
-5.633212276734411716e-05
-5.750708805862814188e-05
-5.967027755104936659e-05
-6.534837302751839161e-05
-7.578465738333761692e-05
-7.545386324636638165e-05
-6.220451177796348929e-05
-7.231558265630155802e-05
-6.075097553548403084e-05
-4.999212615075521171e-05
-7.403013296425342560e-05
-6.682892126264050603e-05
-8.266640361398458481e-05
-6.141865742392838001e-05
-4.838530003326013684e-05
-8.776623144512996078e-05
-7.485300011467188597e-05
-5.239180609351024032e-05
-5.821705781272612512e-05
-8.094639633782207966e-05
-9.175586455967277288e-05
-5.977258479106239974e-05
-5.655027780449017882e-05
-8.141601574607193470e-05
-8.913126657716929913e-05
-7.535929034929722548e-05
-6.796041270717978477e-05
-9.154416329693049192e-05
-8.637461723992601037e-05
-6.785425648558884859e-05
-5.168873758520931005e-05
-8.875319326762109995e-05
-7.249219197547063231e-05
-7.838024612283334136e-05
-7.974607433425262570e-05
-4.475354216992855072e-05
-6.044419205863960087e-05
-4.697307304013520479e-05
-7.978686335263773799e-05
-8.719648758415132761e-05
-9.018340642796829343e-05
-7.733709207968786359e-05
-6.913959805388003588e-05
-9.350993786938488483e-05
-8.957352838478982449e-05
-6.390288035618141294e-05
-5.734833393944427371e-05
-6.113279960118234158e-05
-7.181589171523228288e-05
-9.046211198437958956e-05
-8.452133624814450741e-05
-7.388133963104337454e-05
-5.534951924346387386e-05
-5.894451169297099113e-05
-5.539465200854465365e-05
-5.800799044664017856e-05
-5.571125802816823125e-05
-8.455687930108979344e-05
-8.759099000599235296e-05
-6.443071470130234957e-05
-5.467401570058427751e-05
-6.535817374242469668e-05
-9.009608766064047813e-05
-8.771046123001724482e-05
-8.760136552155017853e-05
-6.645632674917578697e-05
-7.761955203022807837e-05
-4.993396578356623650e-05
-7.408401870634406805e-05
-9.179801418213173747e-05
-8.750943379709497094e-05
-8.145251922542229295e-05
-5.604152102023363113e-05
-7.931272557470947504e-05
-5.336691538104787469e-05
-7.992848259164020419e-05
-8.696565055288374424e-05
-8.548190817236900330e-05
-8.738827455090358853e-05
-6.462716555688530207e-05
-5.387421697378158569e-05
-6.214859604369848967e-05
-8.407994755543768406e-05
-8.651302050566300750e-05
-7.900091441115364432e-05
-5.590081127593293786e-05
-5.816390330437570810e-05
-8.178428106475621462e-05
-8.688092930242419243e-05
-8.202230674214661121e-05
-8.851382881402969360e-05
-8.757044997764751315e-05
-8.949131006374955177e-05
-6.193788431119173765e-05
-5.756822793046012521e-05
-5.903192504774779081e-05
-5.561993020819500089e-05
-5.802868327009491622e-05
-5.233470437815412879e-05
-8.464112761430442333e-05
-8.903384150471538305e-05
-6.371480412781238556e-05
-8.408691792283207178e-05
-9.161746129393577576e-05
-8.606813935330137610e-05
-8.980506390798836946e-05
-7.053428271319717169e-05
-7.785578054608777165e-05
-8.691927359905093908e-05
-8.142853766912594438e-05
-5.945532029727473855e-05
-5.731021519750356674e-05
-5.798733036499470472e-05
-5.920098919887095690e-05
-5.720234912587329745e-05
-5.740505730500444770e-05
-5.791595322079956532e-05
-5.232515104580670595e-05
-7.113492756616324186e-05
-9.132109698839485645e-05
-8.888063166523352265e-05
-6.563486385857686400e-05
-7.374121196335181594e-05
-6.842311995569616556e-05
-5.052243795944377780e-05
-5.776780380983836949e-05
-8.377419726457446814e-05
-9.263255924452096224e-05
-8.733775757718831301e-05
-8.310226985486224294e-05
-5.326658720150589943e-05
-8.014695777092128992e-05
-7.796254794811829925e-05
-5.196619531488977373e-05
-6.263824616326019168e-05
-5.031038745073601604e-05
-7.520381041103973985e-05
-8.159004210028797388e-05
-9.537926962366327643e-05
-7.634978101123124361e-05
-7.397293666144832969e-05
-6.291572208283469081e-05
-6.727850995957851410e-05
-8.898659871192649007e-05
-8.175266702892258763e-05
-7.749947690172120929e-05
-5.626212077913805842e-05
-6.305497663561254740e-05
-5.987200711388140917e-05
-7.480112253688275814e-05
-5.510235132533125579e-05
-7.512734737247228622e-05
-9.412242070538923144e-05
-7.254837692016735673e-05
-7.430036203004419804e-05
-8.682814222993329167e-05
-7.917147013358771801e-05
-8.971004717750474811e-05
-7.462437497451901436e-05
-5.355228495318442583e-05
-5.559124838327988982e-05
-5.710418190574273467e-05
-8.740329940337687731e-05
-8.508452447131276131e-05
-7.404065399896353483e-05
-5.168798816157504916e-05
-5.947596946498379111e-05
-5.515370139619335532e-05
-5.516448800335638225e-05
-5.872639303561300039e-05
-5.943140422459691763e-05
-8.030542812775820494e-05
-8.640260784886777401e-05
-8.852468454279005527e-05
-8.183290628949180245e-05
-9.116019646171480417e-05
-6.742287223460152745e-05
-5.729538315790705383e-05
-6.064021727070212364e-05
-8.452113979728892446e-05
-8.280314796138554811e-05
-6.560343899764120579e-05
-8.367009286303073168e-05
-8.840437658363953233e-05
-6.649360875599086285e-05
-7.789610390318557620e-05
-9.279791265726089478e-05
-6.520407623611390591e-05
-5.799140126327984035e-05
-6.135273724794387817e-05
-8.946399611886590719e-05
-5.793890159111469984e-05
-5.954941298114135861e-05
-5.201631574891507626e-05
-7.436107989633455873e-05
-8.353751036338508129e-05
-5.342457006918266416e-05
-5.819259968120604753e-05
-7.034007285255938768e-05
-8.868255827110260725e-05
-8.353310113307088614e-05
-8.645570778753608465e-05
-5.912403139518573880e-05
-5.499954204424284399e-05
-5.583573511103168130e-05
-5.846891508554108441e-05
-5.755526944994926453e-05
-6.830607162555679679e-05
-7.565504347439855337e-05
-8.387610432691872120e-05
-8.832901949062943459e-05
-7.612557965330779552e-05
-6.038197170710191131e-05
-5.406838317867368460e-05
-7.559100777143612504e-05
-8.718431490706279874e-05
-8.912353223422542214e-05
-7.931204163469374180e-05
-5.806129047414287925e-05
-5.509179754881188273e-05
-7.458334584953263402e-05
-8.513446664437651634e-05
-5.571932706516236067e-05
-5.661425166181288660e-05
-7.262389408424496651e-05
-7.487864786526188254e-05
-8.377131598535925150e-05
-7.214561628643423319e-05
-8.833287574816495180e-05
-9.255511395167559385e-05
-6.483672768808901310e-05
-6.358670361805707216e-05
-7.642799755558371544e-05
-7.248137262649834156e-05
-5.556483301916159689e-05
-5.377425986807793379e-05
-7.826021465007215738e-05
-1.064936950569972396e-04
-8.695993892615661025e-05
-6.795713125029578805e-05
-5.340844654710963368e-05
-6.416082760551944375e-05
-8.745217928662896156e-05
-8.565885218558833003e-05
-8.584301394876092672e-05
-8.298891043523326516e-05
-8.600502769695594907e-05
-6.254406616790220141e-05
-9.012427472043782473e-05
-7.785212073940783739e-05
-6.456694245571270585e-05
-5.565672108787111938e-05
-7.253648072946816683e-05
-6.640551873715594411e-05
-5.635395791614428163e-05
-6.271675374591723084e-05
-5.562267324421554804e-05
-5.466781294671818614e-05
-5.928293467150069773e-05
-7.966111297719180584e-05
-5.454853817354887724e-05
-7.983640534803271294e-05
-5.487624002853408456e-05
-8.547269681002944708e-05
-8.396767225349321961e-05
-9.239510836778208613e-05
-6.525135540869086981e-05
-5.653973494190722704e-05
-9.059833246283233166e-05
-8.646406058687716722e-05
-9.214390593115240335e-05
-7.161858229665085673e-05
-7.213214121293276548e-05
-5.589260763372294605e-05
-6.239779031602665782e-05
-5.887253792025148869e-05
-8.870534657035022974e-05
-8.225365309044718742e-05
-8.537103713024407625e-05
-8.274805441033095121e-05
-8.999905548989772797e-05
-8.328129479195922613e-05
-7.696470856899395585e-05
-6.669499271083623171e-05
-6.634201417909935117e-05
-9.118504385696724057e-05
-8.431525202468037605e-05
-7.073348388075828552e-05
-4.974246985511854291e-05
-8.444302511634305120e-05
-8.774941670708358288e-05
-9.159784531220793724e-05
-8.465710561722517014e-05
-8.495767542626708746e-05
-8.574560342822223902e-05
-6.097203731769695878e-05
-8.899203385226428509e-05
-7.958296919241547585e-05
-5.769363997387699783e-05
-5.330557178240269423e-05
-7.032251596683636308e-05
-8.847330173011869192e-05
-8.640585292596369982e-05
-6.628602568525820971e-05
-5.185667032492347062e-05
-7.949788414407521486e-05
-7.996286149136722088e-05
-8.977264951681718230e-05
-7.116024789866060019e-05
-8.004542905837297440e-05
-8.518334652762860060e-05
-5.981517824693582952e-05
-5.396144115366041660e-05
-7.600845856359228492e-05
-8.651996904518455267e-05
-8.409329166170209646e-05
-8.798790804576128721e-05
-8.657970465719699860e-05
-8.808837446849793196e-05
-6.078354635974392295e-05
-7.226795423775911331e-05
-6.690512964269146323e-05
-5.351053187041543424e-05
-6.350076000671833754e-05
-8.597438863944262266e-05
-8.556414832128211856e-05
-8.771579450694844127e-05
-5.305663944454863667e-05
-6.915332050994038582e-05
-8.664057531859725714e-05
-5.907000013394281268e-05
-5.592199522652663291e-05
-6.357939855661243200e-05
-9.158559259958565235e-05
-8.601011359132826328e-05
-8.804960816632956266e-05
-5.375042019295506179e-05
-5.916757072554901242e-05
-5.376293120207265019e-05
-6.217022018972784281e-05
-8.442114631179720163e-05
-8.586432522861286998e-05
-8.689879905432462692e-05
-6.139776087366044521e-05
-5.347166006686165929e-05
-6.328221934381872416e-05
-8.703391358722001314e-05
-8.027293370105326176e-05
-6.682255479972809553e-05
-7.568174623884260654e-05
-7.822929910616949201e-05
-7.294010720215737820e-05
-6.431280053220689297e-05
-7.789093797327950597e-05
-9.345318539999425411e-05
-5.972622238914482296e-05
-5.411324673332273960e-05
-6.053410470485687256e-05
-8.894423808669671416e-05
-6.498652510344982147e-05
-5.693336424883455038e-05
-7.663194264750927687e-05
-5.644663542625494301e-05
-5.402474198490381241e-05
-6.850402132840827107e-05
-9.271244198316708207e-05
-6.940127059351652861e-05
-8.175832044798880816e-05
-8.609733049524948001e-05
-8.733102004043757915e-05
-6.904064503032714128e-05
-5.930498082307167351e-05
-7.966251723701134324e-05
-6.606402166653424501e-05
-6.074744305806234479e-05
-5.081902781967073679e-05
-6.589683471247553825e-05
-7.617194933118298650e-05
-7.386766083072870970e-05
-8.227826037909835577e-05
-8.991278446046635509e-05
-7.435335282934829593e-05
-5.910125037189573050e-05
-5.541978316614404321e-05
-7.569414447061717510e-05
-9.008136839838698506e-05
-5.696823791367933154e-05
-5.729436088586226106e-05
-5.379874710342846811e-05
-5.888085433980450034e-05
-5.484742723638191819e-05
-6.366227171383798122e-05
-8.661294123157858849e-05
-8.586086187278851867e-05
-7.007035310380160809e-05
-5.283828795654699206e-05
-7.432751590386033058e-05
-8.938747487263754010e-05
-8.150297799147665501e-05
-6.410471542039886117e-05
-8.668920781929045916e-05
-8.760313357925042510e-05
-8.793302549747750163e-05
-6.714802293572574854e-05
-4.977589924237690866e-05
-5.798609345220029354e-05
-5.683653580490499735e-05
-7.743790047243237495e-05
-5.862808393430896103e-05
-6.412270886357873678e-05
-8.424399857176467776e-05
-8.606989285908639431e-05
-8.796354086371138692e-05
-8.230749517679214478e-05
-8.515205990988761187e-05
-6.377270619850605726e-05
-5.754334051744081080e-05
-5.624529148917645216e-05
-5.658308509737253189e-05
-7.724302849965170026e-05
-5.772871372755616903e-05
-5.425570634542964399e-05
-7.142529648263007402e-05
-6.682483945041894913e-05
-4.841436748392879963e-05
-6.259861402213573456e-05
-8.797369082458317280e-05
-8.845482807373628020e-05
-9.023853635881096125e-05
-9.044681792147457600e-05
-8.469833119306713343e-05
-8.072347554843872786e-05
-6.091353861847892404e-05
-5.383665120461955667e-05
-5.306853199726901948e-05
-7.879234908614307642e-05
-8.770798012847080827e-05
-5.794926255475729704e-05
-7.081087096594274044e-05
-8.118682308122515678e-05
-8.692562551004812121e-05
-6.216252222657203674e-05
-7.072613516356796026e-05
-6.061138628865592182e-05
-5.460552347358316183e-05
-6.062507600290700793e-05
-6.495622801594436169e-05
-9.312032489106059074e-05
-7.826168439351022243e-05
-6.580467743333429098e-05
-4.881474887952208519e-05
-6.484967889264225960e-05
-8.761309436522424221e-05
-8.860984235070645809e-05
-7.771150558255612850e-05
-8.217651338782161474e-05
-9.288389992434531450e-05
-7.398403249680995941e-05
-5.736746970796957612e-05
-4.757007991429418325e-05
-7.524830289185047150e-05
-7.645317236892879009e-05
-5.464432251756079495e-05
-5.371464794734492898e-05
-7.466068200301378965e-05
-9.388229227624833584e-05
-8.092601638054475188e-05
-9.210898133460432291e-05
-6.877152918605133891e-05
-5.524516382138244808e-05
-5.574228634941391647e-05
-6.179380579851567745e-05
-8.585995237808674574e-05
-9.279743244405835867e-05
-7.029601692920550704e-05
-8.397384954150766134e-05
-7.750322401989251375e-05
-4.895092570222914219e-05
-7.142627146095037460e-05
-6.375419616233557463e-05
-5.130300633027218282e-05
-6.383775325957685709e-05
-8.423619874520227313e-05
-7.362641190411522985e-05
-6.437816773541271687e-05
-6.066674905014224350e-05
-8.379503560718148947e-05
-9.226940164808183908e-05
-7.042213110253214836e-05
-5.518029502127319574e-05
-5.654098640661686659e-05
-8.256440924014896154e-05
-8.356583566637709737e-05
-8.358528430107980967e-05
-8.669856470078229904e-05
-6.169540574774146080e-05
-6.912799290148541331e-05
-7.060179632389917970e-05
-7.092833402566611767e-05
-7.149787415983155370e-05
-4.757377610076218843e-05
-7.330087100854143500e-05
-8.572675869800150394e-05
-8.992082439363002777e-05
-8.386885747313499451e-05
-6.749363092239946127e-05
-8.343353692907840014e-05
-8.594740938860923052e-05
-5.786386100226081908e-05
-5.834604235133156180e-05
-7.022055069683119655e-05
-6.735121860401704907e-05
-5.317147224559448659e-05
-6.295722414506599307e-05
-8.010597230168059468e-05
-8.924939174903556705e-05
-8.458826050627976656e-05
-6.444162863772362471e-05
-9.138530003838241100e-05
-8.672046533320099115e-05
-8.423882536590099335e-05
-7.547832501586526632e-05
-6.922295870026573539e-05
-6.347008456941694021e-05
-5.595741095021367073e-05
-5.900631367694586515e-05
-7.886755338404327631e-05
-8.149142377078533173e-05
-5.735452214139513671e-05
-6.068365109967999160e-05
-5.539287303690798581e-05
-5.634595800074748695e-05
-5.941665585851296782e-05
-8.289983816212043166e-05
-8.385330147575587034e-05
-8.498446550220251083e-05
-7.946992991492152214e-05
-6.465196202043443918e-05
-7.988340075826272368e-05
-7.325334445340558887e-05
-7.201630796771496534e-05
-7.010749686742201447e-05
-5.592607340076938272e-05
-5.748154217144474387e-05
-5.570700159296393394e-05
-7.839694444555789232e-05
-8.798647468211129308e-05
-8.259998867288231850e-05
-8.751764107728376985e-05
-8.188541687559336424e-05
-5.562584556173533201e-05
-6.183893128763884306e-05
-8.620192238595336676e-05
-8.881810936145484447e-05
-7.141388778109103441e-05
-4.760188312502577901e-05
-7.621232361998409033e-05
-9.596489690011367202e-05
-8.101560524664819241e-05
-6.252799357753247023e-05
-4.839748362428508699e-05
-6.476150883827358484e-05
-7.452716818079352379e-05
-5.489103932632133365e-05
-5.772025906480848789e-05
-8.377189806196838617e-05
-9.036829578690230846e-05
-8.504075231030583382e-05
-8.906792209018021822e-05
-6.492117245215922594e-05
-5.311406857799738646e-05
-8.432105823885649443e-05
-7.738314161542803049e-05
-5.221461469773203135e-05
-7.644257857464253902e-05
-5.909117317060008645e-05
-5.341632640920579433e-05
-5.728518590331077576e-05
-5.393843457568436861e-05
-8.074131619650870562e-05
-8.882317342795431614e-05
-8.225974306697025895e-05
-5.882601544726639986e-05
-8.285285730380564928e-05
-9.818233957048505545e-05
-7.139051740523427725e-05
-7.322159217437729239e-05
-6.455365655710920691e-05
-6.641868094448000193e-05
-7.914331217762082815e-05
-6.616784230573102832e-05
-7.767256465740501881e-05
-6.682318053208291531e-05
-6.651414878433570266e-05
-8.774995512794703245e-05
-8.695819997228682041e-05
-8.033934136619791389e-05
-6.696415948681533337e-05
-5.035943831899203360e-05
-8.325280941789969802e-05
-8.959150727605447173e-05
-8.512834028806537390e-05
-8.593748498242348433e-05
-6.292933539953082800e-05
-5.737800529459491372e-05
-6.102410407038405538e-05
-9.095832501770928502e-05
-7.460244523826986551e-05
-6.751831097062677145e-05
-6.416990072466433048e-05
-6.825586751801893115e-05
-7.514037133660167456e-05
-8.408785652136430144e-05
-9.369308827444911003e-05
-8.094236545730382204e-05
-8.552137296646833420e-05
-8.888579759513959289e-05
-6.294353079283609986e-05
-5.392376260715536773e-05
-5.746413080487400293e-05
-6.732546899002045393e-05
-9.142389899352565408e-05
-8.255879220087081194e-05
-9.221399523084983230e-05
-8.398739737458527088e-05
-6.517025030916556716e-05
-5.019975651521235704e-05
-5.732210775022394955e-05
-8.958365651778876781e-05
-8.523934229742735624e-05
-8.625919872429221869e-05
-8.516144589520990849e-05
-8.643561159260571003e-05
-6.438574928324669600e-05
-5.271864938549697399e-05
-8.442661783192306757e-05
-7.060922507662326097e-05
-5.112130747875198722e-05
-5.950661579845473170e-05
-8.080880797933787107e-05
-8.261036418844014406e-05
-8.795173198450356722e-05
-7.324403850361704826e-05
-8.269936370197683573e-05
-7.754689431749284267e-05
-5.387298006098717451e-05
-6.436296825995668769e-05
-7.574365736218169332e-05
-9.606270759832113981e-05
-5.878462980035692453e-05
-5.548440458369441330e-05
-5.924602010054513812e-05
-6.163485522847622633e-05
-5.311345739755779505e-05
-7.078186899889260530e-05
-9.115155262406915426e-05
-8.996805991046130657e-05
-9.641926590120419860e-05
-8.502994023729115725e-05
-8.307897223858162761e-05
-5.631083331536501646e-05
-8.596621046308428049e-05
-6.743956328136846423e-05
-5.368903657654300332e-05
-5.490682815434411168e-05
-6.144602230051532388e-05
-5.559988494496792555e-05
-7.792688847985118628e-05
-9.067999781109392643e-05
-6.856345135020092130e-05
-8.779986819718033075e-05
-6.596843013539910316e-05
-7.545917469542473555e-05
-5.298621545080095530e-05
-7.702766015427187085e-05
-7.836606528144329786e-05
-7.076551264617592096e-05
-8.862743561621755362e-05
-8.944840374169871211e-05
-8.585861360188573599e-05
-8.628423529444262385e-05
-8.315884042531251907e-05
-7.155349157983437181e-05
-6.686461711069568992e-05
-5.398264329414814711e-05
-5.330899148248136044e-05
-7.022356294328346848e-05
-8.474288915749639273e-05
-5.419257649919018149e-05
-8.237139263655990362e-05
-8.412564784521237016e-05
-6.945792119950056076e-05
-7.500374340452253819e-05
-4.813976556761190295e-05
-7.422344060614705086e-05
-8.472752233501523733e-05
-5.724059155909344554e-05
-5.763218359788879752e-05
-9.214860619977116585e-05
-8.047118899412453175e-05
-7.015983283054083586e-05
-9.280419908463954926e-05
-8.423610415775328875e-05
-6.568872049683704972e-05
-4.642035491997376084e-05
-7.234471559058874846e-05
-6.671076698694378138e-05
-8.464352140435948968e-05
-7.150227611418813467e-05
-8.313395665027201176e-05
-7.552497845608741045e-05
-6.038422725396230817e-05
-7.753445970593020320e-05
-4.676848766393959522e-05
-7.609208114445209503e-05
-8.915227954275906086e-05
-7.397935405606403947e-05
-5.170598160475492477e-05
-7.554010517196729779e-05
-8.523547148797661066e-05
-8.567399345338344574e-05
-8.758246985962614417e-05
-8.764642552705481648e-05
-6.450604269048199058e-05
-5.469694951898418367e-05
-5.911812331760302186e-05
-5.405134288594126701e-05
-8.285914373118430376e-05
-8.617679850431159139e-05
-8.210568921640515327e-05
-8.566764154238626361e-05
-8.525146404281258583e-05
-8.599331340519711375e-05
-8.312723366543650627e-05
-6.015960752847604454e-05
-5.635592970065772533e-05
-5.963379226159304380e-05
-5.481490370584651828e-05
-6.066571222618222237e-05
-5.038901144871488214e-05
-7.861498306738212705e-05
-6.156844028737396002e-05
-7.023525540716946125e-05
-9.136028529610484838e-05
-8.386293484363704920e-05
-8.694600546732544899e-05
-5.431030149338766932e-05
-7.845646177884191275e-05
-5.744832014897838235e-05
-6.596912862733006477e-05
-8.375629840884357691e-05
-8.978723053587600589e-05
-7.223291322588920593e-05
-5.934961882303468883e-05
-5.903809505980461836e-05
-7.771191303618252277e-05
-9.171485726255923510e-05
-6.389692134689539671e-05
-5.753350706072524190e-05
-6.214781751623377204e-05
-9.481987217441201210e-05
-8.636187703814357519e-05
-9.282714745495468378e-05
-7.694324449403211474e-05
-6.177801697049289942e-05
-5.301655983203090727e-05
-6.924414628883823752e-05
-8.765744860284030437e-05
-8.991190406959503889e-05
-6.177824252517893910e-05
-7.054202433209866285e-05
-6.617647886741906404e-05
-6.692093302262946963e-05
-9.286715066991746426e-05
-7.744749018456786871e-05
-9.324515849584713578e-05
-6.800322444178164005e-05
-5.658645750372670591e-05
-5.818032877868972719e-05
-8.298206375911831856e-05
-6.656460755039006472e-05
-5.113644874654710293e-05
-5.735726881539449096e-05
-6.461275916080921888e-05
-8.608432108303532004e-05
-9.017169213620945811e-05
-7.106160046532750130e-05
-6.104981002863496542e-05
-8.829755824990570545e-05
-9.008025517687201500e-05
-7.054638990666717291e-05
-7.836823351681232452e-05
-7.797990110702812672e-05
-7.476648897863924503e-05
-8.454074850305914879e-05
-6.333700730465352535e-05
-6.680846126982942224e-05
-7.046919927233830094e-05
-7.595765782753005624e-05
-6.582537753274664283e-05
-5.330744534148834646e-05
-8.263366908067837358e-05
-8.960613922681659460e-05
-8.663719199830666184e-05
-8.743954822421073914e-05
-9.445876639802008867e-05
-7.566603017039597034e-05
-5.392068123910576105e-05
-6.060594751033931971e-05
-5.757384860771708190e-05
-5.722269997932016850e-05
-5.373474414227530360e-05
-7.054745219647884369e-05
-8.760584023548290133e-05
-8.739963232073932886e-05
-8.889600576367229223e-05
-7.135452324291691184e-05
-5.470581527333706617e-05
-7.387065852526575327e-05
-8.379693463211879134e-05
-5.571200745180249214e-05
-6.427117477869614959e-05
-8.658075967105105519e-05
-6.251208833418786526e-05
-7.571729656774550676e-05
-9.082523320103064179e-05
-8.605654875282198191e-05
-7.917372568044811487e-05
-5.308727850206196308e-05
-5.197176506044343114e-05
-7.392329280264675617e-05
-6.624895468121394515e-05
-6.798193498980253935e-05
-6.443355232477188110e-05
-6.486577331088483334e-05
-9.799408144317567348e-05
-6.910086085554212332e-05
-5.866115679964423180e-05
-8.513438660884276032e-05
-8.722896018298342824e-05
-7.374699634965509176e-05
-5.679792957380414009e-05
-7.065058161970227957e-05
-8.704897481948137283e-05
-5.410521043813787401e-05
-6.381087587215006351e-05
-5.379583672038279474e-05
-6.266228592721745372e-05
-7.329296204261481762e-05
-5.401243834057822824e-05
-6.200440111570060253e-05
-7.890912092989310622e-05
-9.233604214387014508e-05
-5.180569860385730863e-05
-7.005083898548036814e-05
-8.786460966803133488e-05
-9.012364898808300495e-05
-7.421682676067575812e-05
-7.389256643364205956e-05
-7.099089270923286676e-05
-5.540293568628840148e-05
-6.082111940486356616e-05
-5.508596223080530763e-05
-7.942819502204656601e-05
-8.966834866441786289e-05
-6.714324263157323003e-05
-7.046607788652181625e-05
-9.028822387335821986e-05
-7.899898628238588572e-05
-6.641613435931503773e-05
-4.834547507925890386e-05
-6.873341772006824613e-05
-7.458192703779786825e-05
-5.559727287618443370e-05
-7.673989603063091636e-05
-8.676348079461604357e-05
-4.952833842253312469e-05
-6.228567508514970541e-05
-8.465813880320638418e-05
-7.296081457752734423e-05
-6.962332554394379258e-05
-5.621865057037211955e-05
-9.021576261147856712e-05
-8.221321331802755594e-05
-8.871754107531160116e-05
-8.185324259102344513e-05
-6.183146615512669086e-05
-8.079736289801076055e-05
-5.749861156800761819e-05
-5.364740718505345285e-05
-6.931312964297831059e-05
-9.278222569264471531e-05
-7.014170114416629076e-05
-7.707413169555366039e-05
-9.282314567826688290e-05
-6.078111618990078568e-05
-5.618474824586883187e-05
-5.610191874438896775e-05
-7.282795559149235487e-05
-9.448260971112176776e-05
-7.362534233834594488e-05
-5.075493390904739499e-05
-5.938586400588974357e-05
-5.510066330316476524e-05
-7.528367132181301713e-05
-8.957565296441316605e-05
-8.498584793414920568e-05
-9.037909330800175667e-05
-7.115300104487687349e-05
-7.909316627774387598e-05
-7.421020563924685121e-05
-5.428460644907318056e-05
-6.460335134761407971e-05
-5.569814675254747272e-05
-7.217135862447321415e-05
-8.499033719999715686e-05
-7.422766066156327724e-05
-7.680885028094053268e-05
-6.005237082717940211e-05
-8.193547546397894621e-05
-9.356313239550217986e-05
-5.909526589675806463e-05
-5.427175710792653263e-05
-7.817321602487936616e-05
-7.886845560278743505e-05
-7.508514681831002235e-05
-9.871943620964884758e-05
-7.765102054690942168e-05
-6.281540845520794392e-05
-5.975189560558646917e-05
-6.160447810543701053e-05
-7.225549052236601710e-05
-6.236111221369355917e-05
-7.093438034644350410e-05
-6.484845653176307678e-05
-7.893692236393690109e-05
-9.262016828870400786e-05
-7.084247044986113906e-05
-6.028841744409874082e-05
-5.272320413496345282e-05
-6.025434413459151983e-05
-4.908736809738911688e-05
-7.449030817952007055e-05
-8.328225521836429834e-05
-5.267821688903495669e-05
-7.901431672507897019e-05
-9.201993816532194614e-05
-7.409503450617194176e-05
-5.975854583084583282e-05
-7.837005250621587038e-05
-6.376008968800306320e-05
-5.739939660998061299e-05
-6.066454807296395302e-05
-7.747299241600558162e-05
-8.998651901492848992e-05
-8.186198829207569361e-05
-8.480338146910071373e-05
-5.662486000801436603e-05
-5.690176112693734467e-05
-5.423827678896486759e-05
-7.456859748344868422e-05
-8.704650099389255047e-05
-5.682986375177279115e-05
-6.442019366659224033e-05
-7.048699626466259360e-05
-6.881121225887909532e-05
-6.147990643512457609e-05
-4.992331378161907196e-05
-7.509009446948766708e-05
-9.269677684642374516e-05
-8.699783938936889172e-05
-7.996635395102202892e-05
-7.986044511198997498e-05
-8.160524885170161724e-05
-8.644317858852446079e-05
-6.049212606740184128e-05
-5.819662328576669097e-05
-5.503641295945271850e-05
-5.320510172168724239e-05
-6.195051537360996008e-05
-5.856340430909767747e-05
-8.303665526909753680e-05
-8.905486902222037315e-05
-6.008706986904144287e-05
-6.537411536555737257e-05
-9.633509762352332473e-05
-6.666375702479854226e-05
-7.957639900268986821e-05
-8.769282430876046419e-05
-8.878957305569201708e-05
-6.879036664031445980e-05
-5.326744576450437307e-05
-5.559132841881364584e-05
-8.413394971285015345e-05
-8.945900481194257736e-05
-6.171975837787613273e-05
-8.509520557709038258e-05
-6.644425593549385667e-05
-8.732408605283126235e-05
-8.252104453276842833e-05
-5.712918209610506892e-05
-6.216553447302430868e-05
-5.762774526374414563e-05
-6.354905781336128712e-05
-6.010747893014922738e-05
-6.187836697790771723e-05
-8.481960685458034277e-05
-8.240220631705597043e-05
-8.148416964104399085e-05
-9.204637171933427453e-05
-8.552612416679039598e-05
-9.160787158180028200e-05
-7.184158312156796455e-05
-5.572458758251741529e-05
-5.955421511316671968e-05
-5.159659485798329115e-05
-7.311761146411299706e-05
-9.064626647159457207e-05
-8.390680886805057526e-05
-8.497176168020814657e-05
-8.680611790623515844e-05
-6.254015170270577073e-05
-6.711504829581826925e-05
-7.129958976292982697e-05
-5.481367406900972128e-05
-6.890665827086195350e-05
-8.577480912208557129e-05
-8.860399248078465462e-05
-8.771103603066876531e-05
-5.917012822465039790e-05
-5.665671778842806816e-05
-7.446268136845901608e-05
-5.795677861897274852e-05
-5.832313399878330529e-05
-6.993477290961891413e-05
-1.005661179078742862e-04
-6.943774496903643012e-05
-6.210759602254256606e-05
-5.769512063125148416e-05
-6.243192183319479227e-05
-6.907094211783260107e-05
-6.143040809547528625e-05
-8.662165782880038023e-05
-7.995986379683017731e-05
-9.049262007465586066e-05
-6.789680628571659327e-05
-5.183715984458103776e-05
-8.955170051194727421e-05
-8.602202433394268155e-05
-9.041828889166936278e-05
-8.645048364996910095e-05
-6.613635923713445663e-05
-8.371251897187903523e-05
-6.837669934611767530e-05
-8.626676572021096945e-05
-9.289407171308994293e-05
-8.269891259260475636e-05
-6.686175765935331583e-05
-8.555049134884029627e-05
-6.570963887497782707e-05
-5.460207103169523180e-05
-5.901622716919519007e-05
-5.842540485900826752e-05
-6.075722922105342150e-05
-5.514508666237816215e-05
-7.917670882306993008e-05
-5.564368620980530977e-05
-8.615165279479697347e-05
-8.831161540001630783e-05
-8.899188833311200142e-05
-7.143274706322699785e-05
-5.879702075617387891e-05
-6.106503133196383715e-05
-5.819190118927508593e-05
-6.341595872072502971e-05
-5.881760444026440382e-05
-5.824297113576903939e-05
-6.404730083886533976e-05
-8.664916094858199358e-05
-8.215811249101534486e-05
-7.186613220255821943e-05
-8.180904114851728082e-05
-9.006858454085886478e-05
-6.838447734480723739e-05
-6.009064964018762112e-05
-8.119805715978145599e-05
-8.826128032524138689e-05
-7.526896661147475243e-05
-8.241710020229220390e-05
-7.353653927566483617e-05
-8.181123121175915003e-05
-9.472362580709159374e-05
-7.474815356545150280e-05
-5.783802407677285373e-05
-5.796602999907918274e-05
-6.515338463941588998e-05
-7.164651469793170691e-05
-5.697705273632891476e-05
-6.170560664031654596e-05
-8.416968921665102243e-05
-7.793089025653898716e-05
-6.369320908561348915e-05
-9.264038817491382360e-05
-7.944435492390766740e-05
-7.042669312795624137e-05
-9.528637747280299664e-05
-8.233859261963516474e-05
-9.374631918035447598e-05
-8.153711678460240364e-05
-9.504279296379536390e-05
-7.030448614386841655e-05
-6.350179319269955158e-05
-6.856239633634686470e-05
-5.730211341870017350e-05
-5.179668369237333536e-05
-6.615706661250442266e-05
-8.543828153051435947e-05
-6.906826456543058157e-05
-8.556141983717679977e-05
-9.119019523495808244e-05
-8.623646135674789548e-05
-7.554934563813731074e-05
-6.770862819394096732e-05
-6.390859925886616111e-05
-7.562067185062915087e-05
-5.615591362584382296e-05
-6.452406523749232292e-05
-7.171803736127912998e-05
-5.810990842292085290e-05
-7.935476605780422688e-05
-9.372177009936422110e-05
-8.368997077923268080e-05
-8.599272405263036489e-05
-6.154699076432734728e-05
-7.432281563524156809e-05
-8.867734868545085192e-05
-5.195675475988537073e-05
-8.501416596118360758e-05
-8.309222903335466981e-05
-9.044227772392332554e-05
-7.173170888563618064e-05
-5.600413715001195669e-05
-6.274837505770847201e-05
-5.891513501410372555e-05
-5.984919698676094413e-05
-6.340244726743549109e-05
-9.405180753674358130e-05
-8.504817378707230091e-05
-8.979491394711658359e-05
-7.654266664758324623e-05
-6.195982132339850068e-05
-5.427952419267967343e-05
-5.968190816929563880e-05
-7.022224599495530128e-05
-7.762774475850164890e-05
-6.875088729429990053e-05
-7.100081711541861296e-05
-8.753821748541668057e-05
-8.905194408725947142e-05
-6.331266195047646761e-05
-5.214538032305426896e-05
-7.884526712587103248e-05
-4.864496804657392204e-05
-8.613742829766124487e-05
-8.787555270828306675e-05
-8.775034075370058417e-05
-7.594736234750598669e-05
-5.427687574410811067e-05
-9.207526454702019691e-05
-7.924525561975315213e-05
-5.881766628590412438e-05
-6.028608186170458794e-05
-6.063560795155353844e-05
-5.525796950678341091e-05
-7.327062485273927450e-05
-5.818414865643717349e-05
-6.964710337342694402e-05
-7.617755181854590774e-05
-8.197374700102955103e-05
-8.731273555895313621e-05
-8.663114567752927542e-05
-8.131568029057234526e-05
-5.321251956047490239e-05
-5.943147334619425237e-05
-5.834965850226581097e-05
-6.532490078825503588e-05
-5.972184590063989162e-05
-8.054431236814707518e-05
-9.353843051940202713e-05
-5.703811257262714207e-05
-6.995482544880360365e-05
-9.017386764753609896e-05
-8.470641478197649121e-05
-7.492988515878096223e-05
-7.286156323971226811e-05
-6.492111424449831247e-05
-6.747256702510640025e-05
-9.133968706009909511e-05
-8.667672227602452040e-05
-6.191030115587636828e-05
-5.444024282041937113e-05
-5.526107270270586014e-05
-6.989701068960130215e-05
-8.890045864973217249e-05
-8.848351717460900545e-05
-9.034193499246612191e-05
-8.672616968397051096e-05
-8.571818761993199587e-05
-8.661199535708874464e-05
-8.005042036529630423e-05
-8.746150706429034472e-05
-5.612413588096387684e-05
-6.868959462735801935e-05
-8.724573126528412104e-05
-6.814196967752650380e-05
-9.361513366457074881e-05
-6.798659887863323092e-05
-6.131398549769073725e-05
-8.820565562928095460e-05
-9.383678843732923269e-05
-7.254494266817346215e-05
-8.379547944059595466e-05
-7.301858568098396063e-05
-5.032937770010903478e-05
-6.180585478432476521e-05
-5.359811621019616723e-05
-7.892410212662070990e-05
-8.653740223962813616e-05
-8.937792154029011726e-05
-7.905496750026941299e-05
-5.604163743555545807e-05
-5.902487828279845417e-05
-6.527603545691817999e-05
-5.959605550742708147e-05
-7.317571726161986589e-05
-6.496499554486945271e-05
-7.111082231858745217e-05
-9.571712143952026963e-05
-8.643168257549405098e-05
-8.330403943546116352e-05
-8.768016414251178503e-05
-7.024318620096892118e-05
-6.021721128490753472e-05
-9.003889863379299641e-05
-8.973065996542572975e-05
-8.925617294153198600e-05
-7.123926479835063219e-05
-5.871467146789655089e-05
-6.276894418988376856e-05
-7.658137474209070206e-05
-5.965619493508711457e-05
-7.990754966158419847e-05
-9.230330761056393385e-05
-8.245142817031592131e-05
-8.877222717273980379e-05
-5.368893107515759766e-05
-7.196850492618978024e-05
-6.375000521074980497e-05
-5.889909152756445110e-05
-5.487260932568460703e-05
-5.940171831753104925e-05
-5.196493293624371290e-05
-7.227488094940781593e-05
-9.097133442992344499e-05
-8.987120236270129681e-05
-8.478214294882491231e-05
-8.697090379428118467e-05
-7.955221371958032250e-05
-5.897563096368685365e-05
-7.889711559982970357e-05
-6.420714635169133544e-05
-6.575041334144771099e-05
-6.880562432343140244e-05
-6.108306115493178368e-05
-6.998638855293393135e-05
-9.468171629123389721e-05
-8.329284901265054941e-05
-7.895320595707744360e-05
-4.386547152535058558e-05
-7.088197162374854088e-05
-7.366880163317546248e-05
-6.481566379079595208e-05
-7.688874029554426670e-05
-6.432693771785125136e-05
-1.083673996618017554e-04
-9.768294694367796183e-05
-1.005622325465083122e-04
-8.872777834767475724e-05
-1.044594682753086090e-04
-1.096064079320058227e-04
-1.043100273818708956e-04
-7.454053411493077874e-05
-5.665461503667756915e-05
-8.377073390875011683e-05
-8.627108036307618022e-05
-9.155686711892485619e-05
-6.444203609135001898e-05
-4.797284054802730680e-05
-3.206870314897969365e-05
-8.354010060429573059e-05
-7.566632848465815187e-05
-4.115985575481317937e-05
-5.226037319516763091e-05
-5.579165735980495811e-05
-8.876724314177408814e-05
-7.411812839563935995e-05
-7.251441275002434850e-05
-6.784030119888484478e-05
-4.109786095796152949e-05
-3.109138924628496170e-05
-6.329824827844277024e-05
-8.774966408964246511e-05
-6.728564767399802804e-05
-4.060034552821889520e-05
-4.568264557747170329e-05
-5.805449109175242484e-05
-6.979090539971366525e-05
-5.692092963727191091e-05
-4.029474075650796294e-05
-2.377070632064715028e-05
-5.552816674025962129e-06
-2.525015952414833009e-05
-3.812050999840721488e-05
-7.254273805301636457e-05
-6.060448868083767593e-05
-5.673872510669752955e-05
-8.067570161074399948e-05
-8.295301086036488414e-05
-1.015662492136470973e-04
-1.268303021788597107e-04
-1.036032626871019602e-04
-8.344727393705397844e-05
-7.506282418034970760e-05
-8.656883437652140856e-05
-1.437917817384004593e-04
-1.491663715569302440e-04
-1.000870688585564494e-04
-4.476310277823358774e-05
-2.474345819791778922e-05
-5.885125574423000216e-05
-1.302247837884351611e-04
-1.465260284021496773e-04
-1.377342414343729615e-04
-1.212391944136470556e-04
-9.549979586154222488e-05
-7.055839523673057556e-05
-5.974543455522507429e-05
-1.015753587125800550e-04
-1.577817311044782400e-04
-1.537302450742572546e-04
-6.515136192319914699e-05
4.813038322026841342e-05
7.195134094217792153e-05
1.293436071136966348e-06
-7.708329940214753151e-05
-8.750695269554853439e-05
-4.350257586338557303e-05
-1.596257970959413797e-05
-1.950386649696156383e-05
-4.166401049587875605e-05
-4.460776835912838578e-05
-7.664266013307496905e-05
-1.267983752768486738e-04
-1.613507629372179508e-04
-1.255091920029371977e-04
-4.151176108280196786e-05
-7.247289431688841432e-06
-7.215739606181159616e-05
-1.429750554962083697e-04
-1.618785026948899031e-04
-1.231997157447040081e-04
-8.429899025941267610e-05
-1.265100727323442698e-04
-1.861116179497912526e-04
-2.101039572153240442e-04
-1.857214811025187373e-04
-1.414199359714984894e-04
-1.364077033940702677e-04
-1.652295177336782217e-04
-1.417469320585951209e-04
-1.192939962493255734e-04
-7.676945097045972943e-05
-6.184267840581014752e-05
-3.279006341472268105e-05
-1.196987795992754400e-05
-4.065922985319048166e-05
-6.033226236468181014e-05
-5.454096026369370520e-05
-1.592490116308908910e-05
2.166453850804828107e-05
-6.195096830197144300e-06
-4.156449722358956933e-05
-9.438455890631303191e-05
-1.012273714877665043e-04
-5.100399721413850784e-05
-4.475814057514071465e-05
-9.648651030147448182e-06
-8.311740384669974446e-05
-1.006157035590149462e-04
-8.381177030969411135e-05
-1.527655695099383593e-05
3.727496368810534477e-05
-2.240479261672589928e-05
-8.475832146359607577e-05
-1.268620544578880072e-04
-5.527889152290299535e-05
1.116716593969613314e-04
9.361976117361336946e-05
-2.829747427313122898e-05
-1.090619844035245478e-04
-1.532990063424222171e-05
1.580981042934581637e-04
1.117527572205290198e-04
-1.897088623081799597e-05
-1.246049068868160248e-04
-8.425260602962225676e-05
1.340231938229408115e-05
4.181828444416169077e-06
-4.585930219036526978e-05
-8.285616058856248856e-05
-1.369616511510685086e-04
-7.427774835377931595e-05
-7.615589129272848368e-05
-1.198061363538727164e-04
-1.486398832639679313e-04
-2.251469995826482773e-04
-1.452079450245946646e-04
-1.245793828275054693e-04
-2.947869943454861641e-04
-2.107813634211197495e-04
-1.917727495310828090e-04
-2.628306901897303760e-05
-1.607016201887745410e-05
-9.341205441160127521e-05
-3.333709173602983356e-05
-2.407074061920866370e-04
-1.090161531465128064e-04
-1.481589861214160919e-04
-8.926025475375354290e-05
3.858475611195899546e-05
-1.409138349117711186e-04
-1.429401600034907460e-04
-1.853506837505847216e-04
-9.163418144453316927e-05
-3.617241236497648060e-05
-2.454597270116209984e-04
-1.602809352334588766e-04
-2.446528524160385132e-04
-8.554240048397332430e-05
1.057866538758389652e-04
-7.305020699277520180e-05
-1.338959846179932356e-04
-8.405692642554640770e-05
-3.094366184086538851e-05
8.762888319324702024e-05
-1.379016321152448654e-04
-2.740956260822713375e-04
1.291216449317289516e-07
-2.603352186270058155e-05
1.459058548789471388e-04
-2.610357478260993958e-05
1.307009806623682380e-04
1.915431639645248652e-04
1.265780156245455146e-05
-5.505559602170251310e-05
4.061847721459344029e-05
2.790530561469495296e-04
2.389823785051703453e-04
-3.916490823030471802e-05
-5.313332076184451580e-05
-4.877421133642201312e-07
9.360019612358883023e-05
1.777741126716136932e-04
-7.704210293013602495e-05
-9.120802133111283183e-05
-1.152247205027379096e-04
-6.763902092643547803e-06
-2.010812459047883749e-04
-1.811833935789763927e-04
-3.387882607057690620e-04
-3.456992853898555040e-04
-3.732075565494596958e-04
-2.761915384326130152e-04
-2.498451503925025463e-04
-3.855336399283260107e-04
-6.628661649301648140e-04
-5.475029465742409229e-04
-3.018342540599405766e-04
-1.904612727230414748e-04
-2.240930189145728946e-04
-5.062170675955712795e-04
-3.937641740776598454e-04
-1.900776696857064962e-04
-1.637332316022366285e-04
-5.539503181353211403e-04
-6.910831434652209282e-04
-5.857042269781231880e-04
-1.749015937093645334e-04
-5.923272110521793365e-04
-4.089820431545376778e-04
-5.471255281008780003e-04
-2.658345038071274757e-04
-2.567787596490234137e-04
-6.021313602104783058e-04
-2.961207064799964428e-04
-3.203704836778342724e-04
-1.920507347676903009e-04
5.608284118352457881e-05
1.145626083598472178e-05
-5.530845373868942261e-05
-1.222295104525983334e-04
-3.581774362828582525e-04
-1.410707773175090551e-04
-3.416366525925695896e-04
-2.366323751630261540e-04
-2.045461296802386642e-04
-2.092382637783885002e-04
-4.826965741813182831e-04
-4.067745176143944263e-04
-4.979622899554669857e-04
-2.908819587901234627e-04
4.057590922457166016e-05
3.167478425893932581e-04
3.250323643442243338e-04
4.668051842600107193e-04
6.447458872571587563e-04
6.223771488294005394e-04
7.792666438035666943e-04
7.436027517542243004e-04
1.070498139597475529e-03
7.787465583533048630e-04
8.615060942247509956e-04
6.732210167683660984e-04
5.947251338511705399e-04
9.496427373960614204e-04
8.405240951105952263e-04
1.183057087473571301e-03
1.152906101197004318e-03
1.470033079385757446e-03
1.255141105502843857e-03
1.156393089331686497e-03
1.261499477550387383e-03
1.328270300291478634e-03
1.024102442897856236e-03
6.816634559072554111e-04
9.304907143814489245e-05
-7.518402708228677511e-05
-1.063757459633052349e-03
-1.484777312725782394e-03
-1.670324010774493217e-03
-1.574338879436254501e-03
-7.710285135544836521e-04
-5.030673928558826447e-04
6.174437585286796093e-04
7.117848726920783520e-04
2.267029834911227226e-03
2.587900497019290924e-03
5.401310510933399200e-03
7.407774217426776886e-03
1.029856782406568527e-02
1.101481728255748749e-02
1.071062870323657990e-02
1.311980374157428741e-02
1.572792232036590576e-02
1.363477110862731934e-02
1.070704311132431030e-02
2.877441467717289925e-03
5.860365927219390869e-03
7.519970182329416275e-03
-1.026608515530824661e-06
-4.908140283077955246e-03
-1.382182538509368896e-02
-1.225188747048377991e-02
-2.019827626645565033e-02
-3.436191380023956299e-02
-5.011408776044845581e-02
-5.897362530231475830e-02
-4.462070018053054810e-02
-2.693844214081764221e-02
-3.437503054738044739e-02
-4.891709983348846436e-02
-6.120936945080757141e-02
-4.717584699392318726e-02
-2.332168817520141602e-02
-7.326553110033273697e-03
1.587708014994859695e-03
-1.213007373735308647e-03
-1.286353450268507004e-03
7.129456847906112671e-03
2.225296571850776672e-02
3.737331181764602661e-02
4.909811168909072876e-02
5.214512348175048828e-02
5.711811408400535583e-02
4.979061707854270935e-02
4.401777684688568115e-02
4.450207948684692383e-02
5.210287868976593018e-02
5.873969942331314087e-02
5.749611556529998779e-02
4.469949379563331604e-02
2.903892099857330322e-02
1.502362359315156937e-02
1.672601699829101562e-02
2.556916512548923492e-02
2.425088174641132355e-02
1.484921202063560486e-02
-2.878135303035378456e-03
-1.368163712322711945e-02
-1.709448918700218201e-02
-1.289510726928710938e-02
-8.318807929754257202e-03
-8.802196010947227478e-03
-1.460486836731433868e-02
-2.023139595985412598e-02
-2.530142292380332947e-02
-2.354149147868156433e-02
-2.236187085509300232e-02
-1.626746729016304016e-02
-1.510985940694808960e-02
-2.251567505300045013e-02
-3.458959236741065979e-02
-4.491162672638893127e-02
-4.828656092286109924e-02
-4.905954375863075256e-02
-5.138305574655532837e-02
-5.775252729654312134e-02
-6.559227406978607178e-02
-7.644692808389663696e-02
-8.969848603010177612e-02
-1.057927012443542480e-01
-9.647737443447113037e-02
-5.250979959964752197e-02
-4.134383518248796463e-03
-5.441198125481605530e-03
-4.117491096258163452e-02
-5.086192488670349121e-02
-1.001740805804729462e-02
5.027537047863006592e-02
7.999716699123382568e-02
8.174823224544525146e-02
6.705526262521743774e-02
5.618855357170104980e-02
6.603632867336273193e-02
8.897851407527923584e-02
1.176169067621231079e-01
1.237446740269660950e-01
1.076373606920242310e-01
8.753363043069839478e-02
6.364837288856506348e-02
5.404969304800033569e-02
5.165993794798851013e-02
5.466317385435104370e-02
5.543501302599906921e-02
3.448041528463363647e-02
6.238445639610290527e-04
-3.769833594560623169e-02
-5.381777510046958923e-02
-3.749347105622291565e-02
-2.183654345571994781e-02
-2.402474358677864075e-02
-5.274257063865661621e-02
-8.035149425268173218e-02
-7.610112428665161133e-02
-5.551224946975708008e-02
-2.247494645416736603e-02
-1.397050451487302780e-03
5.865582264959812164e-03
8.224331773817539215e-03
1.108813378959894180e-02
3.106522001326084137e-02
5.265243351459503174e-02
7.499399036169052124e-02
9.135991334915161133e-02
8.908273279666900635e-02
8.117078244686126709e-02
7.135133445262908936e-02
6.495302915573120117e-02
6.614629924297332764e-02
6.174023821949958801e-02
5.368004366755485535e-02
2.842932194471359253e-02
-6.872223690152168274e-03
-3.645762056112289429e-02
-5.548841506242752075e-02
-5.749559402465820312e-02
-7.411815226078033447e-02
-1.061573624610900879e-01
-1.381897330284118652e-01
-1.622870117425918579e-01
-1.723150312900543213e-01
-1.771827489137649536e-01
-1.824862658977508545e-01
-1.907021254301071167e-01
-2.095946967601776123e-01
-2.120484411716461182e-01
-1.652600318193435669e-01
-8.576043695211410522e-02
-3.620316833257675171e-02
-5.691189318895339966e-02
-7.141086459159851074e-02
-2.516839280724525452e-02
6.602237373590469360e-02
1.357637643814086914e-01
1.504739969968795776e-01
1.443862318992614746e-01
1.411911994218826294e-01
1.574579179286956787e-01
1.832733452320098877e-01
2.074088156223297119e-01
2.154673933982849121e-01
2.002960890531539917e-01
1.694045811891555786e-01
1.367237865924835205e-01
1.095531806349754333e-01
9.385574609041213989e-02
8.480259776115417480e-02
6.997466087341308594e-02
3.896099328994750977e-02
-4.256812855601310730e-03
-4.795119166374206543e-02
-8.138506114482879639e-02
-9.233649820089340210e-02
-8.597876876592636108e-02
-8.385601639747619629e-02
-1.044954359531402588e-01
-1.299176216125488281e-01
-1.392527818679809570e-01
-1.246416419744491577e-01
-9.133391082286834717e-02
-5.290610343217849731e-02
-2.426755614578723907e-02
-1.755254529416561127e-02
-9.792821481823921204e-03
1.021398231387138367e-02
4.893875867128372192e-02
8.619419485330581665e-02
1.063003242015838623e-01
1.153381392359733582e-01
1.087852194905281067e-01
1.060726195573806763e-01
1.079430431127548218e-01
1.069412678480148315e-01
1.005107313394546509e-01
7.895214110612869263e-02
5.029484629631042480e-02
1.750013232231140137e-02
-2.585292421281337738e-02
-5.226189270615577698e-02
-7.640931755304336548e-02
-9.572727978229522705e-02
-1.265274286270141602e-01
-1.652599573135375977e-01
-1.904899328947067261e-01
-2.180039882659912109e-01
-2.374008595943450928e-01
-2.566643953323364258e-01
-2.644054889678955078e-01
-2.268095612525939941e-01
-1.537097990512847900e-01
-9.698510915040969849e-02
-1.076846718788146973e-01
-1.465352177619934082e-01
-1.059955507516860962e-01
4.320330917835235596e-03
1.157500892877578735e-01
1.541172862052917480e-01
1.401978284120559692e-01
1.299719810485839844e-01
1.446998864412307739e-01
2.008237838745117188e-01
2.640742957592010498e-01
2.915566563606262207e-01
2.686952948570251465e-01
2.157422751188278198e-01
1.817999631166458130e-01
1.648439764976501465e-01
1.545448452234268188e-01
1.462173461914062500e-01
1.232270076870918274e-01
8.052507042884826660e-02
1.497669238597154617e-02
-4.089463874697685242e-02
-7.620223611593246460e-02
-8.894023299217224121e-02
-9.097438305616378784e-02
-9.558041393756866455e-02
-1.206388920545578003e-01
-1.610732227563858032e-01
-1.866282075643539429e-01
-1.703678369522094727e-01
-1.232892125844955444e-01
-7.659313082695007324e-02
-5.132828652858734131e-02
-4.571948945522308350e-02
-4.501552134752273560e-02
-2.099715359508991241e-02
2.699635177850723267e-02
8.196787536144256592e-02
1.197532042860984802e-01
1.240881681442260742e-01
1.159888207912445068e-01
1.112932413816452026e-01
1.246327534317970276e-01
1.372180730104446411e-01
1.322740614414215088e-01
1.096818521618843079e-01
6.874124705791473389e-02
2.748417854309082031e-02
-1.258925162255764008e-02
-4.922312498092651367e-02
-7.733466476202011108e-02
-1.051930636167526245e-01
-1.367785334587097168e-01
-1.827009022235870361e-01
-2.273662686347961426e-01
-2.625836730003356934e-01
-2.882843613624572754e-01
-3.007090091705322266e-01
-2.740363776683807373e-01
-2.008715271949768066e-01
-1.327694803476333618e-01
-1.354875266551971436e-01
-1.757116466760635376e-01
-1.608320772647857666e-01
-4.981043562293052673e-02
8.349800109863281250e-02
1.537593752145767212e-01
1.559236049652099609e-01
1.342417001724243164e-01
1.450834870338439941e-01
1.999257206916809082e-01
2.769734561443328857e-01
3.209499716758728027e-01
3.094874024391174316e-01
2.598775625228881836e-01
2.156738340854644775e-01
1.937409341335296631e-01
1.811117082834243774e-01
1.685464978218078613e-01
1.454723924398422241e-01
1.045493930578231812e-01
3.992701694369316101e-02
-2.758698724210262299e-02
-7.506768405437469482e-02
-1.005410179495811462e-01
-1.045387536287307739e-01
-1.073967441916465759e-01
-1.230310946702957153e-01
-1.603455245494842529e-01
-1.928833425045013428e-01
-1.935704350471496582e-01
-1.562020629644393921e-01
-9.645321965217590332e-02
-5.144865065813064575e-02
-3.642446920275688171e-02
-4.251085966825485229e-02
-2.957009896636009216e-02
1.710973121225833893e-02
7.716612517833709717e-02
1.240970194339752197e-01
1.387640088796615601e-01
1.319324225187301636e-01
1.242810636758804321e-01
1.291749179363250732e-01
1.407336890697479248e-01
1.366219967603683472e-01
1.150963082909584045e-01
7.361899316310882568e-02
2.696964889764785767e-02
-1.874302327632904053e-02
-6.216203048825263977e-02
-9.712832421064376831e-02
-1.257434189319610596e-01
-1.623485088348388672e-01
-2.044308334589004517e-01
-2.545430064201354980e-01
-2.947894334793090820e-01
-3.262548744678497314e-01
-3.283921182155609131e-01
-2.622150480747222900e-01
-1.688541173934936523e-01
-1.199119910597801208e-01
-1.581013798713684082e-01
-1.846843361854553223e-01
-1.158564239740371704e-01
2.627369016408920288e-02
1.423624902963638306e-01
1.811032295227050781e-01
1.699952185153961182e-01
1.643768250942230225e-01
1.954851150512695312e-01
2.541550993919372559e-01
3.177875876426696777e-01
3.375061154365539551e-01
3.069244921207427979e-01
2.537024617195129395e-01
2.118379771709442139e-01
1.839113086462020874e-01
1.602890938520431519e-01
1.393556147813796997e-01
1.109129339456558228e-01
5.982366949319839478e-02
-8.428062312304973602e-03
-7.749770581722259521e-02
-1.243053972721099854e-01
-1.382995992898941040e-01
-1.345575749874114990e-01
-1.319688409566879272e-01
-1.525350213050842285e-01
-1.832142472267150879e-01
-1.975842267274856567e-01
-1.781810522079467773e-01
-1.195631101727485657e-01
-5.899613350629806519e-02
-2.065433375537395477e-02
-9.665908291935920715e-03
-5.594611167907714844e-03
2.856494486331939697e-02
7.825720310211181641e-02
1.277704238891601562e-01
1.545805335044860840e-01
1.585103124380111694e-01
1.512595266103744507e-01
1.418167650699615479e-01
1.407180130481719971e-01
1.292635053396224976e-01
1.091896444559097290e-01
7.605893164873123169e-02
3.339732065796852112e-02
-2.004547417163848877e-02
-7.690712809562683105e-02
-1.272922754287719727e-01
-1.598921269178390503e-01
-1.888380348682403564e-01
-2.278988659381866455e-01
-2.821478843688964844e-01
-3.306909203529357910e-01
-3.631097674369812012e-01
-3.589271306991577148e-01
-2.735208868980407715e-01
-1.671653389930725098e-01
-1.276096999645233154e-01
-1.678800135850906372e-01
-1.769938766956329346e-01
-7.722540199756622314e-02
7.432375848293304443e-02
1.749542951583862305e-01
2.079914212226867676e-01
2.010356038808822632e-01
2.082221359014511108e-01
2.430147230625152588e-01
2.958989143371582031e-01
3.425844013690948486e-01
3.464601635932922363e-01
3.116353452205657959e-01
2.557226717472076416e-01
2.047820687294006348e-01
1.593520641326904297e-01
1.296410113573074341e-01
1.101239770650863647e-01
9.040972590446472168e-02
3.020565398037433624e-02
-5.582920089364051819e-02
-1.295301318168640137e-01
-1.634044349193572998e-01
-1.565731018781661987e-01
-1.423519700765609741e-01
-1.462269276380538940e-01
-1.829458773136138916e-01
-2.135054916143417358e-01
-2.014402747154235840e-01
-1.519481688737869263e-01
-8.861684054136276245e-02
-4.063582792878150940e-02
-7.270735688507556915e-03
1.197028253227472305e-02
2.967790327966213226e-02
6.983093917369842529e-02
1.171900555491447449e-01
1.682016700506210327e-01
1.905195415019989014e-01
1.857768446207046509e-01
1.668884456157684326e-01
1.548304706811904907e-01
1.485656499862670898e-01
1.304408609867095947e-01
1.022594571113586426e-01
5.437471345067024231e-02
-7.630279287695884705e-04
-6.558080017566680908e-02
-1.210706532001495361e-01
-1.604903042316436768e-01
-1.935809999704360962e-01
-2.294404208660125732e-01
-2.733841836452484131e-01
-3.236173689365386963e-01
-3.614626526832580566e-01
-3.962740302085876465e-01
-3.725918531417846680e-01
-2.613438367843627930e-01
-1.422875225543975830e-01
-1.068564504384994507e-01
-1.629163324832916260e-01
-1.559500098228454590e-01
-3.109759278595447540e-02
1.331173926591873169e-01
2.356767654418945312e-01
2.473677098751068115e-01
2.320126891136169434e-01
2.389878034591674805e-01
2.714343070983886719e-01
3.255963027477264404e-01
3.611255288124084473e-01
3.547618985176086426e-01
3.033666610717773438e-01
2.383108437061309814e-01
1.784578263759613037e-01
1.257441937923431396e-01
9.893803298473358154e-02
8.349841833114624023e-02
6.010296195745468140e-02
-1.212038006633520126e-02
-1.025285273790359497e-01
-1.733703762292861938e-01
-1.912875622510910034e-01
-1.713128983974456787e-01
-1.561332345008850098e-01
-1.634758710861206055e-01
-1.953007280826568604e-01
-2.112524211406707764e-01
-1.888867318630218506e-01
-1.317524611949920654e-01
-5.724637955427169800e-02
-7.021911442279815674e-04
3.032325953245162964e-02
4.068522900342941284e-02
6.523281335830688477e-02
1.123237013816833496e-01
1.640895307064056396e-01
2.021111249923706055e-01
2.102137207984924316e-01
2.001744508743286133e-01
1.738421022891998291e-01
1.520063728094100952e-01
1.259436458349227905e-01
1.054703593254089355e-01
7.092269510030746460e-02
2.039314620196819305e-02
-4.695589095354080200e-02
-1.171939224004745483e-01
-1.753908097743988037e-01
-2.083942145109176636e-01
-2.364307343959808350e-01
-2.656320631504058838e-01
-3.075838088989257812e-01
-3.570215106010437012e-01
-3.992820978164672852e-01
-4.192973971366882324e-01
-3.257330358028411865e-01
-1.798081994056701660e-01
-8.347357809543609619e-02
-1.145666316151618958e-01
-1.616036295890808105e-01
-8.437722921371459961e-02
8.404105156660079956e-02
2.257471084594726562e-01
2.783280313014984131e-01
2.703188657760620117e-01
2.611796259880065918e-01
2.686895728111267090e-01
3.072097301483154297e-01
3.521313667297363281e-01
3.565471172332763672e-01
3.241403400897979736e-01
2.633453309535980225e-01
2.011626660823822021e-01
1.221319213509559631e-01
6.414067745208740234e-02
4.669076204299926758e-02
5.455379188060760498e-02
1.614909619092941284e-02
-8.018052577972412109e-02
-1.792469471693038940e-01
-2.209121286869049072e-01
-1.972363293170928955e-01
-1.579528152942657471e-01
-1.473273336887359619e-01
-1.758349835872650146e-01
-2.013172209262847900e-01
-1.900553703308105469e-01
-1.363751292228698730e-01
-6.030963361263275146e-02
5.854526534676551819e-04
4.790918156504631042e-02
7.875424623489379883e-02
1.005094349384307861e-01
1.229061186313629150e-01
1.536142379045486450e-01
2.017224729061126709e-01
2.262771278619766235e-01
2.252296060323715210e-01
1.869274973869323730e-01
1.467067450284957886e-01
1.071982830762863159e-01
8.071547001600265503e-02
5.561129003763198853e-02
1.945708319544792175e-02
-4.426298290491104126e-02
-1.275475472211837769e-01
-1.948922872543334961e-01
-2.281820923089981079e-01
-2.488275170326232910e-01
-2.725352644920349121e-01
-3.095474541187286377e-01
-3.642827570438385010e-01
-4.129945933818817139e-01
-4.304796457290649414e-01
-3.336973488330841064e-01
-1.760728806257247925e-01
-6.388058513402938843e-02
-9.044981002807617188e-02
-1.509498953819274902e-01
-8.889292180538177490e-02
8.934180438518524170e-02
2.465845793485641479e-01
3.083680272102355957e-01
2.962275147438049316e-01
2.730141282081604004e-01
2.714300155639648438e-01
3.060310781002044678e-01
3.541852235794067383e-01
3.621385097503662109e-01
3.244255781173706055e-01
2.575910687446594238e-01
1.880376935005187988e-01
1.044779792428016663e-01
4.225397482514381409e-02
1.947792805731296539e-02
3.528422489762306213e-02
4.349142313003540039e-03
-8.607905358076095581e-02
-1.886170357465744019e-01
-2.333530187606811523e-01
-2.136773169040679932e-01
-1.679993718862533569e-01
-1.407818347215652466e-01
-1.584857106208801270e-01
-1.837248504161834717e-01
-1.770846843719482422e-01
-1.231680288910865784e-01
-4.675304144620895386e-02
2.393971569836139679e-02
8.040127158164978027e-02
1.057369560003280640e-01
1.186131834983825684e-01
1.389856338500976562e-01
1.622989475727081299e-01
1.985819637775421143e-01
2.232618182897567749e-01
2.292838394641876221e-01
1.923155635595321655e-01
1.371954977512359619e-01
8.227133750915527344e-02
5.315327271819114685e-02
3.167111799120903015e-02
-7.873447611927986145e-04
-6.341058760881423950e-02
-1.458083093166351318e-01
-2.121247649192810059e-01
-2.492107748985290527e-01
-2.682427167892456055e-01
-2.916966676712036133e-01
-3.327531218528747559e-01
-3.803253173828125000e-01
-4.235680401325225830e-01
-4.147447049617767334e-01
-2.880193591117858887e-01
-1.280538141727447510e-01
-5.879405140876770020e-02
-1.106840223073959351e-01
-1.354528069496154785e-01
-1.845005154609680176e-02
1.601379811763763428e-01
2.785743772983551025e-01
3.068332076072692871e-01
2.888305783271789551e-01
2.781192064285278320e-01
2.829025685787200928e-01
3.223558366298675537e-01
3.573670387268066406e-01
3.458459079265594482e-01
2.903630137443542480e-01
2.262372672557830811e-01
1.587220579385757446e-01
8.443672955036163330e-02
2.398187667131423950e-02
1.064375881105661392e-02
1.647112146019935608e-02
-2.065390162169933319e-02
-1.104827672243118286e-01
-2.085265219211578369e-01
-2.396024763584136963e-01
-2.069504857063293457e-01
-1.497343033552169800e-01
-1.276213079690933228e-01
-1.519405841827392578e-01
-1.731077730655670166e-01
-1.528358757495880127e-01
-8.487399667501449585e-02
1.394866034388542175e-03
6.297004967927932739e-02
1.091839149594306946e-01
1.171805113554000854e-01
1.325795501470565796e-01
1.502459943294525146e-01
1.750382184982299805e-01
2.062861174345016479e-01
2.167204916477203369e-01
2.107782065868377686e-01
1.666122227907180786e-01
1.054738909006118774e-01
4.722152650356292725e-02
9.795067831873893738e-03
-6.165880709886550903e-03
-3.389785066246986389e-02
-9.945116937160491943e-02
-1.833647787570953369e-01
-2.467661947011947632e-01
-2.740326225757598877e-01
-2.850266695022583008e-01
-3.092251420021057129e-01
-3.545189499855041504e-01
-4.076392054557800293e-01
-4.329784512519836426e-01
-3.434368968009948730e-01
-1.800128221511840820e-01
-5.963031202554702759e-02
-7.925607264041900635e-02
-1.321208775043487549e-01
-7.035981118679046631e-02
9.200266748666763306e-02
2.404067814350128174e-01
3.050752878189086914e-01
2.997365295886993408e-01
2.788097858428955078e-01
2.748647332191467285e-01
3.101372122764587402e-01
3.543627262115478516e-01
3.508927524089813232e-01
3.061553239822387695e-01
2.417746186256408691e-01
1.889970302581787109e-01
1.182598099112510681e-01
4.720849916338920593e-02
3.724494483321905136e-03
6.980518810451030731e-03
-7.005942985415458679e-03
-6.404289603233337402e-02
-1.613608747720718384e-01
-2.330814599990844727e-01
-2.323431819677352905e-01
-1.748414933681488037e-01
-1.238945499062538147e-01
-1.329798549413681030e-01
-1.606490910053253174e-01
-1.649513393640518188e-01
-1.129247397184371948e-01
-3.006517514586448669e-02
4.964137077331542969e-02
9.194840490818023682e-02
1.067838445305824280e-01
1.215135157108306885e-01
1.398570686578750610e-01
1.591447144746780396e-01
1.857779622077941895e-01
2.009965777397155762e-01
2.059166729450225830e-01
1.805441677570343018e-01
1.259049326181411743e-01
6.179727986454963684e-02
7.462074980139732361e-03
-8.075138553977012634e-03
-2.726012840867042542e-02
-7.510663568973541260e-02
-1.570868045091629028e-01
-2.337068468332290649e-01
-2.758857011795043945e-01
-2.804080843925476074e-01
-2.954668104648590088e-01
-3.355354666709899902e-01
-4.001046717166900635e-01
-4.378150403499603271e-01
-3.439069390296936035e-01
-1.786339581012725830e-01
-5.877179652452468872e-02
-9.322196245193481445e-02
-1.530356705188751221e-01
-8.405049890279769897e-02
9.169116616249084473e-02
2.444016188383102417e-01
2.942562699317932129e-01
2.701373994350433350e-01
2.560699582099914551e-01
2.716726064682006836e-01
3.156963586807250977e-01
3.540145456790924072e-01
3.379509449005126953e-01
2.877807617187500000e-01
2.251865118741989136e-01
1.844270229339599609e-01
1.209872663021087646e-01
5.296429991722106934e-02
1.463121734559535980e-04
4.453465808182954788e-04
-3.531410358846187592e-03
-5.043865740299224854e-02
-1.440572142601013184e-01
-2.238937914371490479e-01
-2.199395149946212769e-01
-1.574737876653671265e-01
-1.020896732807159424e-01
-1.158325597643852234e-01
-1.559673994779586792e-01
-1.673719882965087891e-01
-1.096720397472381592e-01
-1.672259718179702759e-02
4.890179261565208435e-02
7.940846681594848633e-02
8.195894211530685425e-02
9.826247394084930420e-02
1.270039379596710205e-01
1.470310240983963013e-01
1.772920936346054077e-01
1.889465451240539551e-01
1.956039518117904663e-01
1.732526123523712158e-01
1.265353560447692871e-01
7.430995255708694458e-02
3.126692026853561401e-02
8.938340470194816589e-03
-8.138263598084449768e-03
-6.064417213201522827e-02
-1.450498104095458984e-01
-2.177542746067047119e-01
-2.628704905509948730e-01
-2.785003185272216797e-01
-3.128887414932250977e-01
-3.698797225952148438e-01
-4.217568635940551758e-01
-4.180778563022613525e-01
-3.003878295421600342e-01
-1.603566259145736694e-01
-1.155871301889419556e-01
-1.639486849308013916e-01
-1.788985133171081543e-01
-4.879070818424224854e-02
1.238645464181900024e-01
2.315070331096649170e-01
2.496668696403503418e-01
2.360075712203979492e-01
2.465553283691406250e-01
2.859571278095245361e-01
3.439569473266601562e-01
3.709041476249694824e-01
3.449798226356506348e-01
2.918605506420135498e-01
2.403765767812728882e-01
1.873133182525634766e-01
1.281322389841079712e-01
8.903685212135314941e-02
7.432965934276580811e-02
5.923185497522354126e-02
2.757532754912972450e-03
-8.910158276557922363e-02
-1.633668243885040283e-01
-1.804285496473312378e-01
-1.392629444599151611e-01
-1.031468659639358521e-01
-1.130339503288269043e-01
-1.619896888732910156e-01
-1.814487129449844360e-01
-1.454576849937438965e-01
-7.227665185928344727e-02
-7.782552391290664673e-03
2.491250075399875641e-02
3.414919972419738770e-02
3.809815645217895508e-02
6.512571126222610474e-02
9.746478497982025146e-02
1.372735500335693359e-01
1.716966331005096436e-01
1.943068802356719971e-01
1.824713945388793945e-01
1.451240926980972290e-01
1.112738251686096191e-01
9.573572874069213867e-02
9.257887303829193115e-02
6.953416764736175537e-02
6.082460284233093262e-03
-8.078046143054962158e-02
-1.586149632930755615e-01
-2.154746055603027344e-01
-2.497109472751617432e-01
-2.988147735595703125e-01
-3.742225468158721924e-01
-4.566746950149536133e-01
-4.476578831672668457e-01
-3.291215300559997559e-01
-2.008040547370910645e-01
-1.801199615001678467e-01
-2.490200251340866089e-01
-2.435245513916015625e-01
-1.166764348745346069e-01
5.927749723196029663e-02
1.598894596099853516e-01
1.860125362873077393e-01
1.920966058969497681e-01
2.136964648962020874e-01
2.667093873023986816e-01
3.288815617561340332e-01
3.690555393695831299e-01
3.618498444557189941e-01
3.380207419395446777e-01
2.970492243766784668e-01
2.396183013916015625e-01
1.710826903581619263e-01
1.281765252351760864e-01
1.317129135131835938e-01
1.308019161224365234e-01
7.996176928281784058e-02
-3.630660474300384521e-02
-1.350260078907012939e-01
-1.556475609540939331e-01
-1.135792359709739685e-01
-8.110766112804412842e-02
-1.070869788527488708e-01
-1.627942025661468506e-01
-1.946523785591125488e-01
-1.656756252050399780e-01
-1.079348549246788025e-01
-6.063458323478698730e-02
-3.024857118725776672e-02
-9.360283613204956055e-03
8.995349518954753876e-03
2.189381979405879974e-02
3.654763475060462952e-02
7.937093079090118408e-02
1.341744661331176758e-01
1.886821687221527100e-01
1.889943480491638184e-01
1.562590301036834717e-01
1.128169670701026917e-01
8.403817564249038696e-02
9.304994344711303711e-02
9.126996994018554688e-02
4.810851812362670898e-02
-4.255486279726028442e-02
-1.375510692596435547e-01
-2.035825550556182861e-01
-2.439415901899337769e-01
-3.006517887115478516e-01
-3.697171807289123535e-01
-4.401124715805053711e-01
-4.079974591732025146e-01
-2.947869300842285156e-01
-2.022242248058319092e-01
-2.144842445850372314e-01
-2.798802852630615234e-01
-2.473088800907135010e-01
-1.014500632882118225e-01
7.067173719406127930e-02
1.561868488788604736e-01
1.640836000442504883e-01
1.541059613227844238e-01
1.868499517440795898e-01
2.566184699535369873e-01
3.238195776939392090e-01
3.572486639022827148e-01
3.526256084442138672e-01
3.247298598289489746e-01
2.758997082710266113e-01
2.132098078727722168e-01
1.642746329307556152e-01
1.454470455646514893e-01
1.538397967815399170e-01
1.366841197013854980e-01
7.131607085466384888e-02
-4.153857380151748657e-02
-1.277588605880737305e-01
-1.378049254417419434e-01
-9.021345525979995728e-02
-6.030380725860595703e-02
-9.862349927425384521e-02
-1.623395085334777832e-01
-1.950840651988983154e-01
-1.625258773565292358e-01
-9.964516013860702515e-02
-4.978179186582565308e-02
-2.675654739141464233e-02
-1.841157674789428711e-02
-1.129289157688617706e-02
4.840590525418519974e-03
3.480080515146255493e-02
8.547505736351013184e-02
1.375469714403152466e-01
1.737138181924819946e-01
1.633791029453277588e-01
1.299351900815963745e-01
9.193741530179977417e-02
8.061826229095458984e-02
8.435129374265670776e-02
7.494575530290603638e-02
2.497610822319984436e-02
-5.874766036868095398e-02
-1.505849361419677734e-01
-2.089108079671859741e-01
-2.532080113887786865e-01
-3.074940443038940430e-01
-3.799297809600830078e-01
-4.231324791908264160e-01
-3.552524149417877197e-01
-2.508495748043060303e-01
-1.877062767744064331e-01
-2.332481294870376587e-01
-2.679016888141632080e-01
-2.043234407901763916e-01
-4.330527037382125854e-02
1.007356569170951843e-01
1.607933342456817627e-01
1.617765128612518311e-01
1.535978317260742188e-01
1.952503919601440430e-01
2.648337483406066895e-01
3.359292149543762207e-01
3.522719442844390869e-01
3.351960182189941406e-01
2.936975061893463135e-01
2.466001212596893311e-01
1.977292150259017944e-01
1.638495177030563354e-01
1.560037583112716675e-01
1.550135612487792969e-01
1.232572272419929504e-01
3.144535049796104431e-02
-6.874175369739532471e-02
-1.212553828954696655e-01
-1.027848497033119202e-01
-6.741146743297576904e-02
-7.501335442066192627e-02
-1.275082826614379883e-01
-1.777395606040954590e-01
-1.786236613988876343e-01
-1.300460696220397949e-01
-7.578122615814208984e-02
-4.343234002590179443e-02
-3.636504709720611572e-02
-3.275343030691146851e-02
-1.183780469000339508e-02
1.140232384204864502e-02
5.054767429828643799e-02
9.291899949312210083e-02
1.400830894708633423e-01
1.540346294641494751e-01
1.375181674957275391e-01
1.036100983619689941e-01
7.527894526720046997e-02
7.781964540481567383e-02
7.663121819496154785e-02
5.360936746001243591e-02
-1.612903736531734467e-02
-1.046961694955825806e-01
-1.762206852436065674e-01
-2.147282063961029053e-01
-2.623772323131561279e-01
-3.289518058300018311e-01
-4.087288379669189453e-01
-4.001043438911437988e-01
-2.880624234676361084e-01
-1.808986663818359375e-01
-1.718089282512664795e-01
-2.443313002586364746e-01
-2.458082437515258789e-01
-1.348780095577239990e-01
3.357429057359695435e-02
1.423689574003219604e-01
1.737948060035705566e-01
1.615520268678665161e-01
1.721494346857070923e-01
2.217692285776138306e-01
2.787042558193206787e-01
3.263812065124511719e-01
3.370735645294189453e-01
3.323068916797637939e-01
2.929677367210388184e-01
2.305682301521301270e-01
1.718153953552246094e-01
1.476376950740814209e-01
1.549390256404876709e-01
1.480628997087478638e-01
9.920295327901840210e-02
-5.271125584840774536e-03
-9.836725145578384399e-02
-1.251022815704345703e-01
-9.563674032688140869e-02
-7.196342945098876953e-02
-9.352052956819534302e-02
-1.350298821926116943e-01
-1.656530052423477173e-01
-1.561448872089385986e-01
-1.209509074687957764e-01
-7.788021117448806763e-02
-4.025132954120635986e-02
-2.382744103670120239e-02
-7.306097075343132019e-03
-8.434891933575272560e-04
1.894764229655265808e-02
5.571796000003814697e-02
1.065968349575996399e-01
1.469282358884811401e-01
1.465074568986892700e-01
1.216876506805419922e-01
9.058129042387008667e-02
7.238686829805374146e-02
6.850482523441314697e-02
5.381217598915100098e-02
7.021753117442131042e-03
-6.015519052743911743e-02
-1.382841467857360840e-01
-1.806028485298156738e-01
-2.461665570735931396e-01
-3.132774829864501953e-01
-3.905392289161682129e-01
-3.912988305091857910e-01
-2.934845685958862305e-01
-1.958698332309722900e-01
-1.651959717273712158e-01
-2.352002412080764771e-01
-2.551980018615722656e-01
-1.793370097875595093e-01
-1.858352497220039368e-02
1.086598634719848633e-01
1.635513305664062500e-01
1.637892723083496094e-01
1.558777987957000732e-01
1.921050250530242920e-01
2.559174299240112305e-01
3.118523061275482178e-01
3.438650965690612793e-01
3.414456546306610107e-01
3.107736110687255859e-01
2.602353394031524658e-01
1.948602646589279175e-01
1.609095633029937744e-01
1.576592624187469482e-01
1.626662015914916992e-01
1.266515851020812988e-01
3.664847835898399353e-02
-6.379780173301696777e-02
-1.106687784194946289e-01
-1.060075163841247559e-01
-8.515262603759765625e-02
-9.257316589355468750e-02
-1.216332614421844482e-01
-1.524173021316528320e-01
-1.575674116611480713e-01
-1.410468965768814087e-01
-1.046124920248985291e-01
-6.650310009717941284e-02
-4.431658983230590820e-02
-1.436692103743553162e-02
-6.002632435411214828e-03
1.661040261387825012e-02
3.961823880672454834e-02
7.832145690917968750e-02
1.183994561433792114e-01
1.437298655509948730e-01
1.350325644016265869e-01
1.007227897644042969e-01
7.143267989158630371e-02
4.892800375819206238e-02
3.514531254768371582e-02
5.760379135608673096e-03
-5.028569698333740234e-02
-1.151648163795471191e-01
-1.818411797285079956e-01
-2.558975517749786377e-01
-3.263856470584869385e-01
-3.926005065441131592e-01
-3.446842432022094727e-01
-2.375399768352508545e-01
-1.453086584806442261e-01
-1.782324612140655518e-01
-2.615357637405395508e-01
-2.599612772464752197e-01
-1.540824770927429199e-01
1.150162890553474426e-02
1.145980134606361389e-01
1.521305739879608154e-01
1.320751309394836426e-01
1.369014382362365723e-01
1.850130707025527954e-01
2.522307336330413818e-01
3.069754242897033691e-01
3.355925679206848145e-01
3.277199864387512207e-01
2.991512417793273926e-01
2.432963997125625610e-01
1.960271298885345459e-01
1.742048859596252441e-01
1.739535331726074219e-01
1.717715710401535034e-01
1.239175945520401001e-01
3.607087582349777222e-02
-4.797048866748809814e-02
-8.451215922832489014e-02
-8.618570864200592041e-02
-8.121180534362792969e-02
-9.079345315694808960e-02
-1.144633591175079346e-01
-1.446980834007263184e-01
-1.498886644840240479e-01
-1.448081433773040771e-01
-1.110202223062515259e-01
-8.117023855447769165e-02
-4.179773852229118347e-02
-2.082808688282966614e-02
-1.159341819584369659e-02
5.340181291103363037e-03
2.789646387100219727e-02
7.050687074661254883e-02
9.884294867515563965e-02
1.251701563596725464e-01
1.120363473892211914e-01
9.059488773345947266e-02
5.773820728063583374e-02
4.136227071285247803e-02
1.799117028713226318e-02
-1.820918731391429901e-02
-7.141971588134765625e-02
-1.215898841619491577e-01
-1.910000592470169067e-01
-2.665345370769500732e-01
-3.465976715087890625e-01
-3.634189665317535400e-01
-2.694832384586334229e-01
-1.672757267951965332e-01
-1.262416243553161621e-01
-2.142681032419204712e-01
-2.611691057682037354e-01
-2.254612296819686890e-01
-7.724656164646148682e-02
5.954056233167648315e-02
1.240723580121994019e-01
1.320261061191558838e-01
1.166286021471023560e-01
1.485285907983779907e-01
1.984268873929977417e-01
2.583332657814025879e-01
2.983567416667938232e-01
3.178458511829376221e-01
3.098748326301574707e-01
2.853550910949707031e-01
2.314687669277191162e-01
1.974170506000518799e-01
1.703334152698516846e-01
1.768717765808105469e-01
1.670116633176803589e-01
1.095653772354125977e-01
2.834925986826419830e-02
-4.736173897981643677e-02
-8.089189976453781128e-02
-8.554258942604064941e-02
-8.227498829364776611e-02
-9.333015978336334229e-02
-1.172778233885765076e-01
-1.376056969165802002e-01
-1.435401439666748047e-01
-1.336707919836044312e-01
-1.106543242931365967e-01
-8.623239398002624512e-02
-4.796902835369110107e-02
-2.296859584748744965e-02
-6.531800609081983566e-04
9.806338697671890259e-03
2.475768327713012695e-02
5.491491407155990601e-02
8.504718542098999023e-02
1.074039787054061890e-01
1.018550992012023926e-01
6.831181794404983521e-02
3.248786926269531250e-02
3.931060899049043655e-03
-1.555023062974214554e-02
-5.594825744628906250e-02
-9.939354658126831055e-02
-1.686219722032546997e-01
-2.367192208766937256e-01
-3.101349472999572754e-01
-3.260580599308013916e-01
-2.442057430744171143e-01
-1.666229516267776489e-01
-1.322902441024780273e-01
-1.920461058616638184e-01
-2.277758568525314331e-01
-1.991651356220245361e-01
-8.770607411861419678e-02
2.488148771226406097e-02
9.011558443307876587e-02
1.080650985240936279e-01
1.152901351451873779e-01
1.501019746065139771e-01
1.862038820981979370e-01
2.160972356796264648e-01
2.489901185035705566e-01
2.821649312973022461e-01
3.062366843223571777e-01
2.945542335510253906e-01
2.385969758033752441e-01
1.930812150239944458e-01
1.601731181144714355e-01
1.692015826702117920e-01
1.639254987239837646e-01
1.253337860107421875e-01
5.624607205390930176e-02
-1.260801590979099274e-02
-5.984494835138320923e-02
-8.113519847393035889e-02
-8.502157032489776611e-02
-9.057676792144775391e-02
-9.571669995784759521e-02
-1.063193231821060181e-01
-1.221322566270828247e-01
-1.250784397125244141e-01
-1.243156343698501587e-01
-9.882625192403793335e-02
-5.825476720929145813e-02
-2.139137312769889832e-02
-2.957901451736688614e-04
4.054912831634283066e-03
1.315760985016822815e-02
3.560331836342811584e-02
6.707977503538131714e-02
7.928276062011718750e-02
7.209968566894531250e-02
4.580526053905487061e-02
1.870739646255970001e-02
-3.870865330100059509e-03
-3.655687347054481506e-02
-7.917413115501403809e-02
-1.187880933284759521e-01
-1.861549019813537598e-01
-2.414213716983795166e-01
-3.022897243499755859e-01
-2.729686498641967773e-01
-2.005089819431304932e-01
-1.449450850486755371e-01
-1.489834487438201904e-01
-2.040311694145202637e-01
-2.065646052360534668e-01
-1.559645384550094604e-01
-4.330954328179359436e-02
3.901808336377143860e-02
8.653660863637924194e-02
9.337135404348373413e-02
1.144580543041229248e-01
1.489754468202590942e-01
1.880520880222320557e-01
2.160530686378479004e-01
2.450501918792724609e-01
2.715115547180175781e-01
2.885147929191589355e-01
2.727846205234527588e-01
2.294245362281799316e-01
1.851991713047027588e-01
1.635738462209701538e-01
1.733146309852600098e-01
1.630573868751525879e-01
1.288988888263702393e-01
6.279230117797851562e-02
1.096364110708236694e-03
-4.507197067141532898e-02
-6.317416578531265259e-02
-7.042336463928222656e-02
-7.495819032192230225e-02
-7.849586009979248047e-02
-9.154839813709259033e-02
-1.095995381474494934e-01
-1.304107159376144409e-01
-1.302788853645324707e-01
-9.477341920137405396e-02
-5.222840234637260437e-02
-1.599847339093685150e-02
-5.509187467396259308e-03
-7.113852538168430328e-03
-6.418072618544101715e-03
1.001038495451211929e-02
3.791213035583496094e-02
5.480846017599105835e-02
4.977843910455703735e-02
2.489943802356719971e-02
-2.626202302053570747e-03
-3.727476298809051514e-02
-8.009585738182067871e-02
-1.107102483510971069e-01
-1.553376317024230957e-01
-1.942777931690216064e-01
-2.503103017807006836e-01
-2.682952880859375000e-01
-2.119172364473342896e-01
-1.582027375698089600e-01
-1.260401755571365356e-01
-1.700071096420288086e-01
-1.880865395069122314e-01
-1.636573821306228638e-01
-8.255945146083831787e-02
9.670335799455642700e-03
6.003712862730026245e-02
8.564516901969909668e-02
8.782543241977691650e-02
1.223331242799758911e-01
1.591308414936065674e-01
1.896032989025115967e-01
2.196510434150695801e-01
2.427939772605895996e-01
2.671948671340942383e-01
2.657949030399322510e-01
2.392334938049316406e-01
2.029257863759994507e-01
1.670978665351867676e-01
1.676624715328216553e-01
1.707674711942672729e-01
1.542611718177795410e-01
1.053528785705566406e-01
4.344537854194641113e-02
-4.598703235387802124e-03
-4.351741448044776917e-02
-5.224067717790603638e-02
-6.110017746686935425e-02
-6.415376812219619751e-02
-7.453807443380355835e-02
-8.724986016750335693e-02
-9.676142036914825439e-02
-1.189014837145805359e-01
-1.162545979022979736e-01
-8.907143771648406982e-02
-4.612326622009277344e-02
-1.576630398631095886e-02
-1.185133308172225952e-02
-1.682996004819869995e-02
-1.542363502085208893e-02
2.932493109256029129e-03
2.941917441785335541e-02
3.130816668272018433e-02
1.562948338687419891e-02
-1.500368304550647736e-02
-4.565925896167755127e-02
-8.402489125728607178e-02
-1.151122450828552246e-01
-1.572712212800979614e-01
-1.924139857292175293e-01
-2.348038554191589355e-01
-2.332312315702438354e-01
-1.864685416221618652e-01
-1.470832526683807373e-01
-1.297883689403533936e-01
-1.657720804214477539e-01
-1.627361625432968140e-01
-1.392544955015182495e-01
-6.693653762340545654e-02
2.362126484513282776e-03
4.847627878189086914e-02
7.253635674715042114e-02
8.649033308029174805e-02
1.187606155872344971e-01
1.482948511838912964e-01
1.733968257904052734e-01
1.986600756645202637e-01
2.195381522178649902e-01
2.442025691270828247e-01
2.462293356657028198e-01
2.303419858217239380e-01
2.015022039413452148e-01
1.690519601106643677e-01
1.709671467542648315e-01
1.616322547197341919e-01
1.489762067794799805e-01
1.035210713744163513e-01
6.120757013559341431e-02
1.673292182385921478e-02
-1.758757606148719788e-02
-2.970864064991474152e-02
-4.223495721817016602e-02
-5.026831477880477905e-02
-6.413114070892333984e-02
-7.378447800874710083e-02
-8.259087800979614258e-02
-9.697505831718444824e-02
-9.529910981655120850e-02
-7.613109052181243896e-02
-5.414921790361404419e-02
-2.898568101227283478e-02
-2.323456108570098877e-02
-1.293407008051872253e-02
-7.199350744485855103e-03
2.477725036442279816e-03
1.091429404914379120e-02
7.484430447220802307e-03
-1.057222299277782440e-02
-3.736235201358795166e-02
-7.028657943010330200e-02
-9.750121831893920898e-02
-1.138891130685806274e-01
-1.503351479768753052e-01
-1.889754533767700195e-01
-2.428264766931533813e-01
-2.323323339223861694e-01
-1.820889562368392944e-01
-1.222134977579116821e-01
-1.072558760643005371e-01
-1.420769244432449341e-01
-1.514512896537780762e-01
-1.307861655950546265e-01
-5.737865343689918518e-02
4.436752758920192719e-03
4.284187406301498413e-02
5.891130864620208740e-02
8.311757445335388184e-02
1.248494684696197510e-01
1.510247886180877686e-01
1.606750190258026123e-01
1.654035449028015137e-01
1.844013929367065430e-01
2.189837396144866943e-01
2.350853830575942993e-01
2.257466018199920654e-01
1.890746653079986572e-01
1.688506901264190674e-01
1.686797738075256348e-01
1.662251353263854980e-01
1.487117856740951538e-01
1.067472770810127258e-01
7.288485020399093628e-02
3.757074847817420959e-02
1.439866796135902405e-02
-7.820283994078636169e-03
-3.751938417553901672e-02
-4.735211282968521118e-02
-4.876003041863441467e-02
-4.244412481784820557e-02
-5.296769738197326660e-02
-7.671833038330078125e-02
-8.401364088058471680e-02
-7.528156787157058716e-02
-4.955380782485008240e-02
-2.514372766017913818e-02
-2.101013809442520142e-02
-1.785479672253131866e-02
-1.482850126922130585e-02
-8.216657675802707672e-03
-6.443649064749479294e-03
-2.119820751249790192e-02
-4.556180536746978760e-02
-6.856612861156463623e-02
-8.571406453847885132e-02
-1.015232056379318237e-01
-1.189921498298645020e-01
-1.576203405857086182e-01
-1.898103654384613037e-01
-2.345926910638809204e-01
-2.241645306348800659e-01
-1.816507875919342041e-01
-1.254223883152008057e-01
-1.041309982538223267e-01
-1.190769001841545105e-01
-1.240269243717193604e-01
-1.144843325018882751e-01
-5.922766774892807007e-02
-1.092328503727912903e-02
3.612769395112991333e-02
5.170960724353790283e-02
7.924509793519973755e-02
1.195649206638336182e-01
1.400604248046875000e-01
1.521717160940170288e-01
1.509972512722015381e-01
1.626938432455062866e-01
1.950375139713287354e-01
2.141723185777664185e-01
2.194070667028427124e-01
1.936732381582260132e-01
1.721226274967193604e-01
1.629374027252197266e-01
1.527329683303833008e-01
1.426142752170562744e-01
1.124448850750923157e-01
7.877590507268905640e-02
5.035923421382904053e-02
3.418903425335884094e-02
1.841161772608757019e-02
-1.022977847605943680e-02
-3.076688945293426514e-02
-3.733194991946220398e-02
-3.271467238664627075e-02
-3.553760051727294922e-02
-4.607906192541122437e-02
-5.322688817977905273e-02
-5.784253776073455811e-02
-4.921964928507804871e-02
-3.788350522518157959e-02
-3.113740682601928711e-02
-2.977351099252700806e-02
-2.932875044643878937e-02
-2.947149984538555145e-02
-3.590361028909683228e-02
-5.160813406109809875e-02
-6.947817653417587280e-02
-8.797930181026458740e-02
-1.008072271943092346e-01
-1.162672266364097595e-01
-1.336699128150939941e-01
-1.567693948745727539e-01
-1.792258322238922119e-01
-2.156998664140701294e-01
-1.905309706926345825e-01
-1.552910357713699341e-01
-1.126666069030761719e-01
-1.071196347475051880e-01
-1.131362095475196838e-01
-9.644891321659088135e-02
-8.473566919565200806e-02
-2.994669601321220398e-02
-7.983891293406486511e-03
2.717806398868560791e-02
3.492912650108337402e-02
7.451954483985900879e-02
1.112205684185028076e-01
1.382560729980468750e-01
1.479271948337554932e-01
1.383244991302490234e-01
1.527127921581268311e-01
1.694966256618499756e-01
1.923259198665618896e-01
1.966429054737091064e-01
1.819172799587249756e-01
1.672735959291458130e-01
1.637561172246932983e-01
1.481706500053405762e-01
1.325301676988601685e-01
9.793919324874877930e-02
7.917214184999465942e-02
5.740692466497421265e-02
4.698232933878898621e-02
3.254563361406326294e-02
7.428353652358055115e-03
-1.213691011071205139e-02
-1.759039796888828278e-02
-1.683443784713745117e-02
-2.906689047813415527e-02
-2.958307787775993347e-02
-4.085625708103179932e-02
-4.097131639719009399e-02
-3.774808347225189209e-02
-2.941643074154853821e-02
-3.232255578041076660e-02
-3.294485062360763550e-02
-3.871583938598632812e-02
-3.631540387868881226e-02
-4.211275652050971985e-02
-5.776076018810272217e-02
-7.529562711715698242e-02
-1.002410873770713806e-01
-9.418085217475891113e-02
-1.087911576032638550e-01
-1.139650270342826843e-01
-1.378069221973419189e-01
-1.807308346033096313e-01
-1.954764872789382935e-01
-1.735361218452453613e-01
-1.348255276679992676e-01
-1.089530363678932190e-01
-1.110181361436843872e-01
-1.108911633491516113e-01
-9.998828172683715820e-02
-8.048805594444274902e-02
-5.220882594585418701e-02
-3.792806342244148254e-02
-1.217622030526399612e-02
1.919235289096832275e-02
6.354738771915435791e-02
9.716536104679107666e-02
1.084023118019104004e-01
1.152401715517044067e-01
1.229940205812454224e-01
1.356630623340606689e-01
1.560325771570205688e-01
1.688810884952545166e-01
1.702324002981185913e-01
1.672951579093933105e-01
1.745964884757995605e-01
1.685844659805297852e-01
1.439166963100433350e-01
1.249089092016220093e-01
1.083395332098007202e-01
9.284871071577072144e-02
8.146122097969055176e-02
6.631391495466232300e-02
4.427772760391235352e-02
2.545532211661338806e-02
4.955658689141273499e-03
-7.767870556563138962e-06
-3.559414297342300415e-03
-9.620774537324905396e-03
-1.520312763750553131e-02
-3.185951337218284607e-02
-3.369940072298049927e-02
-4.359823465347290039e-02
-4.978389292955398560e-02
-5.586982518434524536e-02
-6.201026588678359985e-02
-5.507379770278930664e-02
-5.556000024080276489e-02
-5.850809812545776367e-02
-6.656630337238311768e-02
-7.936169207096099854e-02
-9.002974629402160645e-02
-8.986985683441162109e-02
-9.760627895593643188e-02
-9.742516279220581055e-02
-1.254744529724121094e-01
-1.450714170932769775e-01
-1.504230499267578125e-01
-1.388030052185058594e-01
-1.086831539869308472e-01
-1.055682972073554993e-01
-9.972701966762542725e-02
-9.205281734466552734e-02
-9.289540350437164307e-02
-7.347263395786285400e-02
-6.453981995582580566e-02
-4.518146067857742310e-02
-2.434745617210865021e-02
9.228503331542015076e-03
4.593425244092941284e-02
6.536544114351272583e-02
8.372463285923004150e-02
7.669870555400848389e-02
9.860903024673461914e-02
1.049172580242156982e-01
1.323882639408111572e-01
1.344611048698425293e-01
1.512555181980133057e-01
1.520447283983230591e-01
1.614682674407958984e-01
1.587491035461425781e-01
1.389366537332534790e-01
1.206834614276885986e-01
9.430113434791564941e-02
9.240240603685379028e-02
8.065432310104370117e-02
7.907227426767349243e-02
5.687341839075088501e-02
4.905658587813377380e-02
2.370350807905197144e-02
2.236311510205268860e-02
2.321833744645118713e-04
-6.752864457666873932e-03
-1.670669391751289368e-02
-1.732482761144638062e-02
-8.251288905739784241e-03
-2.197331190109252930e-02
-2.931855246424674988e-02
-4.493139311671257019e-02
-4.833354055881500244e-02
-4.245713353157043457e-02
-4.968165978789329529e-02
-4.750369489192962646e-02
-5.331709235906600952e-02
-5.791949853301048279e-02
-5.251879245042800903e-02
-6.929150223731994629e-02
-7.124897837638854980e-02
-8.749815076589584351e-02
-9.844829142093658447e-02
-1.055089682340621948e-01
-1.194000169634819031e-01
-1.200778931379318237e-01
-1.041892468929290771e-01
-9.916529804468154907e-02
-8.284232020378112793e-02
-9.052068740129470825e-02
-8.401162922382354736e-02
-7.755175977945327759e-02
-6.762429326772689819e-02
-4.407222568988800049e-02
-3.136405348777770996e-02
-5.330723710358142853e-03
5.875977687537670135e-03
3.432977944612503052e-02
4.128454625606536865e-02
5.042888224124908447e-02
6.451952457427978516e-02
6.896188110113143921e-02
8.853773772716522217e-02
1.050130128860473633e-01
1.171427145600318909e-01
1.212110072374343872e-01
1.270243823528289795e-01
1.198933273553848267e-01
1.209786534309387207e-01
1.188944429159164429e-01
1.077093929052352905e-01
1.062437444925308228e-01
8.965934067964553833e-02
8.120012283325195312e-02
7.133109122514724731e-02
5.106711760163307190e-02
3.964924812316894531e-02
3.166497126221656799e-02
2.490846440196037292e-02
2.269609831273555756e-02
3.867147257551550865e-03
-4.860635846853256226e-03
-1.557390019297599792e-02
-2.355371229350566864e-02
-2.385480515658855438e-02
-2.658976800739765167e-02
-4.092844948172569275e-02
-3.746795654296875000e-02
-3.100061230361461639e-02
-2.466055937111377716e-02
-2.257610857486724854e-02
-3.778601065278053284e-02
-4.172724112868309021e-02
-5.107790231704711914e-02
-5.635181069374084473e-02
-4.769568890333175659e-02
-4.614989459514617920e-02
-6.113041564822196960e-02
-6.828133761882781982e-02
-8.642761409282684326e-02
-7.973368465900421143e-02
-9.223645925521850586e-02
-8.177830278873443604e-02
-7.956232130527496338e-02
-8.428023010492324829e-02
-7.044623047113418579e-02
-6.347417831420898438e-02
-6.346829235553741455e-02
-6.374872475862503052e-02
-3.914151713252067566e-02
-3.192855417728424072e-02
-7.899018935859203339e-03
-2.632501535117626190e-03
5.599559750407934189e-03
2.259697951376438141e-02
1.546388957649469376e-02
3.442662209272384644e-02
4.644369706511497498e-02
6.150757521390914917e-02
7.497110962867736816e-02
7.979410886764526367e-02
9.699297696352005005e-02
7.655122876167297363e-02
7.927078008651733398e-02
8.444708585739135742e-02
9.375733137130737305e-02
8.923824131488800049e-02
8.998965471982955933e-02
8.075078576803207397e-02
6.023317575454711914e-02
5.607764795422554016e-02
3.774246573448181152e-02
3.651539236307144165e-02
4.052602872252464294e-02
2.301159314811229706e-02
2.330884709954261780e-02
1.306769996881484985e-02
-8.663395419716835022e-03
8.977254852652549744e-03
-1.966390199959278107e-02
-7.244296371936798096e-03
-2.412176132202148438e-02
-1.027312781661748886e-02
-3.805275540798902512e-03
-3.534385189414024353e-02
-1.730718882754445076e-03
-3.032997809350490570e-02
-3.542011976242065430e-02
-2.165431901812553406e-02
-4.172816500067710876e-02
-2.140938863158226013e-02
-4.123185947537422180e-02
-3.731862083077430725e-02
-3.990069031715393066e-02
-5.910728126764297485e-02
-2.550344914197921753e-02
-6.569112837314605713e-02
-3.737603127956390381e-02
-5.425699055194854736e-02
-4.609901458024978638e-02
-5.923854559659957886e-02
-3.543939441442489624e-02
-5.008782446384429932e-02
-4.625712335109710693e-02
-2.757752314209938049e-02
-3.216588124632835388e-02
-8.664451888762414455e-04
-3.773890435695648193e-02
1.744288764894008636e-02
-3.745674714446067810e-02
2.386416494846343994e-02
-7.657479494810104370e-03
5.262009799480438232e-03
5.903924815356731415e-03
1.792493276298046112e-02
2.925498411059379578e-02
9.450237266719341278e-03
4.100979492068290710e-02
2.382094040513038635e-02
5.204760283231735229e-02
3.225798159837722778e-02
4.899238049983978271e-02
2.964902110397815704e-02
4.295687377452850342e-02
3.191860765218734741e-02
4.181895777583122253e-02
3.301516920328140259e-02
3.851127624511718750e-02
1.585754007101058960e-02
4.021697863936424255e-02
2.511700056493282318e-02
1.823917217552661896e-02
2.422573231160640717e-02
1.133601181209087372e-02
2.254691533744335175e-02
1.450304221361875534e-02
1.992591470479965210e-02
7.380777038633823395e-03
2.664029970765113831e-02
-1.327402424067258835e-02
4.348665941506624222e-03
-1.220532227307558060e-02
-1.774526014924049377e-02
2.322032116353511810e-03
-4.583219811320304871e-02
-3.738689702004194260e-03
-3.650855273008346558e-02
-3.468379005789756775e-02
-1.001629978418350220e-02
-5.785812437534332275e-02
-1.616376824676990509e-02
-3.021362610161304474e-02
-3.073051944375038147e-02
-2.954075857996940613e-02
-2.619890496134757996e-02
-3.732477128505706787e-02
-3.017537668347358704e-02
-1.843630522489547729e-02
-2.948221936821937561e-02
-1.538901217281818390e-02
-3.413352370262145996e-02
-2.928165486082434654e-03
-1.892717927694320679e-02
-1.490357331931591034e-02
-6.594014819711446762e-03
-4.271997511386871338e-02
2.378440275788307190e-02
-1.195497252047061920e-02
5.049070343375205994e-03
1.636397838592529297e-02
4.652519710361957550e-04
2.856886014342308044e-02
-2.788108773529529572e-03
4.014250263571739197e-02
1.952847116626799107e-03
2.640894800424575806e-02
1.471127290278673172e-02
2.073020860552787781e-02
1.919983699917793274e-02
8.113654330372810364e-03
4.439719021320343018e-03
9.217877872288227081e-03
2.785440534353256226e-02
-1.405356824398040771e-02
3.426311537623405457e-02
-9.752309881150722504e-03
1.565152779221534729e-02
1.203287113457918167e-02
9.354985319077968597e-03
1.430186908692121506e-02
-1.536649558693170547e-02
3.960366919636726379e-02
-8.582154288887977600e-03
1.254718843847513199e-02
5.205466877669095993e-03
-5.565393716096878052e-03
1.083888113498687744e-02
-1.849857531487941742e-02
2.227558568120002747e-02
-1.458159927278757095e-02
8.966582827270030975e-04
-3.615299705415964127e-03
1.721729151904582977e-02
-1.469243690371513367e-02
-8.124241605401039124e-03
1.845492050051689148e-03
-1.310288719832897186e-02
5.042512901127338409e-03
-2.004439942538738251e-02
-1.140357740223407745e-02
-1.175573281943798065e-02
-9.823337197303771973e-03
-5.628599785268306732e-03
-1.623361930251121521e-02
-1.438843179494142532e-02
3.223309293389320374e-03
-2.656106278300285339e-02
1.856124401092529297e-02
-1.911496371030807495e-02
-3.890572581440210342e-03
-7.173790596425533295e-03
-3.847359679639339447e-03
-1.131254807114601135e-02
2.491672709584236145e-02
-2.933715656399726868e-02
2.348474226891994476e-02
5.599332042038440704e-03
-2.494325116276741028e-02
2.807435020804405212e-02
-2.116989344358444214e-02
1.368057727813720703e-02
-6.610664539039134979e-03
2.635279670357704163e-02
-1.349793281406164169e-02
2.476439625024795532e-02
-7.935944944620132446e-03
1.220618188381195068e-02
-1.698073348961770535e-03
5.671406164765357971e-03
1.679243706166744232e-02
-4.921553656458854675e-03
-8.693891577422618866e-03
2.035100385546684265e-02
-9.177073836326599121e-03
9.978208690881729126e-03
-2.267723903059959412e-03
-1.878982409834861755e-03
2.012727409601211548e-02
-1.712380349636077881e-02
3.928710892796516418e-02
-1.332147233188152313e-02
6.795771885663270950e-03
1.628558733500540257e-03
1.031075417995452881e-02
-1.452412828803062439e-02
3.222807869315147400e-02
-1.873233541846275330e-02
2.872557938098907471e-02
-2.115350030362606049e-02
1.987136527895927429e-02
-1.535521633923053741e-02
-3.309100121259689331e-02
5.363754183053970337e-02
-5.595578998327255249e-02
4.282801598310470581e-02
-2.937745675444602966e-02
1.652516052126884460e-02
-1.061066705733537674e-02
-1.103668939322233200e-02
-2.370412461459636688e-03
-5.080276634544134140e-03
-1.601398736238479614e-02
3.935860469937324524e-03
-1.680467650294303894e-02
-1.601940207183361053e-02
5.748244933784008026e-03
-1.455308217555284500e-02
2.579064108431339264e-02
-2.323269471526145935e-02
2.189188823103904724e-02
-2.849964424967765808e-03
-6.352248601615428925e-03
1.213058363646268845e-02
-1.651600748300552368e-02
6.367970257997512817e-03
1.135577820241451263e-02
-3.302694996818900108e-03
3.181929886341094971e-02
-2.074296399950981140e-02
2.518797665834426880e-02
-2.387065067887306213e-02
2.533892169594764709e-02
-1.647387817502021790e-02
5.621207877993583679e-03
1.048611663281917572e-02
-5.335101857781410217e-03
3.113633766770362854e-02
-3.292677178978919983e-02
4.072536528110504150e-02
-4.369207471609115601e-02
2.775975503027439117e-02
-2.242502942681312561e-02
1.519635785371065140e-03
4.177800379693508148e-03
-1.785599440336227417e-02
1.091959886252880096e-02
-3.003239165991544724e-03
-9.484116919338703156e-03
6.500842049717903137e-03
-1.646316424012184143e-02
1.614429056644439697e-02
1.636868715286254883e-02
-2.608259767293930054e-02
3.767881169915199280e-02
-4.916081205010414124e-02
3.135927766561508179e-02
-2.583367750048637390e-02
1.339219510555267334e-03
1.783733814954757690e-02
-2.732618525624275208e-02
1.945793256163597107e-02
-1.292856037616729736e-02
-1.107896305620670319e-02
-1.693911105394363403e-02
1.444779895246028900e-02
-1.341509446501731873e-02
1.150002889335155487e-02
-5.349398124963045120e-03
-6.402402650564908981e-03
6.299810949712991714e-03
-5.942649208009243011e-03
1.569463871419429779e-02
1.276492048054933548e-02
5.960594397038221359e-03
5.983281880617141724e-03
1.760166254825890064e-03
-8.990341797471046448e-03
-9.973836131393909454e-04
-3.391560865566134453e-03
8.865871466696262360e-03
1.373249106109142303e-02
-2.391602378338575363e-03
1.575467362999916077e-02
1.985465735197067261e-02
-3.927118610590696335e-03
1.525944005697965622e-02
4.351053852587938309e-03
-6.059560924768447876e-03
-2.980250865221023560e-03
2.553618047386407852e-03
-2.669357135891914368e-02
1.990284956991672516e-02
-2.929011173546314240e-02
2.159583754837512970e-02
-4.547163844108581543e-04
-1.565712690353393555e-02
1.807242818176746368e-02
-3.303242102265357971e-02
3.614832460880279541e-02
-2.732634544372558594e-02
1.611456088721752167e-02
-1.336546707898378372e-02
1.871297135949134827e-02
-2.728333696722984314e-02
1.949628628790378571e-02
-9.707046672701835632e-03
-1.559572014957666397e-02
3.128088638186454773e-02
-2.530942857265472412e-02
2.169072255492210388e-02
-1.281192526221275330e-02
-1.554837636649608612e-02
2.242639102041721344e-02
-9.572163224220275879e-03
-1.200038008391857147e-02
2.395229414105415344e-02
-2.960753068327903748e-02
1.268862094730138779e-02
-1.824447512626647949e-02
-3.722987603396177292e-03
1.598044473212212324e-04
7.375170476734638214e-03
-5.367906996980309486e-04
1.988805085420608521e-02
-1.825033314526081085e-02
1.013529114425182343e-02
-2.346146851778030396e-03
-1.014058850705623627e-02
1.495235133916139603e-02
-1.819731295108795166e-02
2.553385123610496521e-02
-1.667512767016887665e-02
2.152873203158378601e-02
-1.683113537728786469e-02
1.611870154738426208e-02
-2.053833566606044769e-03
-1.236888114362955093e-02
2.734040282666683197e-02
-2.800874784588813782e-02
2.850202284753322601e-02
-1.368302758783102036e-02
6.777183152735233307e-03
1.204978674650192261e-03
-7.357779890298843384e-03
6.417967379093170166e-03
-1.242680568248033524e-02
1.105799898505210876e-02
-1.588338613510131836e-02
9.631553664803504944e-03
-7.467993069440126419e-03
5.294446833431720734e-03
-5.993158556520938873e-03
8.390921168029308319e-03
-4.044980276376008987e-03
4.832218401134014130e-03
-1.117639429867267609e-02
5.653421394526958466e-03
-1.446217671036720276e-02
2.935435622930526733e-05
-1.419810578227043152e-04
-1.394293550401926041e-02
1.935408636927604675e-02
-2.913126349449157715e-02
1.830045692622661591e-02
-1.168744917958974838e-02
1.147169992327690125e-02
-7.792467251420021057e-03
1.058593112975358963e-02
-2.273908443748950958e-02
1.853416487574577332e-02
-1.696059666574001312e-02
-1.095498912036418915e-02
3.125079348683357239e-02
-4.437667503952980042e-02
3.953360021114349365e-02
-1.952699385583400726e-02
8.026332594454288483e-03
5.606746301054954529e-03
1.384591450914740562e-03
1.335944421589374542e-02
8.116289973258972168e-03
7.020077668130397797e-03
6.891438271850347519e-03
9.448812343180179596e-04
-1.080869417637586594e-02
7.416416890919208527e-03
-2.293982077389955521e-03
4.284085705876350403e-03
-6.709623616188764572e-03
2.288391813635826111e-02
-8.310467004776000977e-03
1.351668406277894974e-02
2.777331508696079254e-03
-1.064138300716876984e-02
1.266247406601905823e-02
-1.108230836689472198e-02
1.308956090360879898e-02
-3.904439043253660202e-03
-6.120272446423768997e-03
4.640989005565643311e-03
-1.294030621647834778e-02
7.580828852951526642e-03
-9.694786742329597473e-03
-6.655516102910041809e-03
1.965564489364624023e-02
-1.177061814814805984e-02
1.607434079051017761e-02
4.973337054252624512e-04
-1.499424688518047333e-02
1.151417102664709091e-02
-1.500227488577365875e-02
-4.961603321135044098e-03
1.771297119557857513e-02
-2.335178107023239136e-02
1.821220666170120239e-02
-6.943171843886375427e-03
-1.197218801826238632e-02
9.557316079735755920e-03
-1.606222614645957947e-02
7.198112551122903824e-03
2.505333628505468369e-03
7.782422937452793121e-03
9.734091348946094513e-03
-7.179053500294685364e-03
-5.356244277209043503e-03
8.984340354800224304e-03
-2.693589217960834503e-02
3.209504857659339905e-02
-3.535749763250350952e-02
2.118220552802085876e-02
-9.536100551486015320e-04
-2.211803570389747620e-02
3.815483674407005310e-02
-3.754528611898422241e-02
3.309629112482070923e-02
-5.059550981968641281e-03
-2.345758024603128433e-03
2.743835747241973877e-02
-2.333531901240348816e-02
2.209053002297878265e-02
-2.687281928956508636e-03
-1.329369563609361649e-02
2.126822434365749359e-02
-1.701213978230953217e-02
8.799985982477664948e-03
3.719385713338851929e-04
-9.290512651205062866e-03
1.990294270217418671e-02
-6.190775893628597260e-03
-6.320293527096509933e-03
2.197389304637908936e-02
-3.863386064767837524e-02
3.542386740446090698e-02
-9.590599685907363892e-03
1.093320921063423157e-02
8.155268616974353790e-03
-5.114413797855377197e-03
1.543885935097932816e-02
-1.239933818578720093e-02
5.088767502456903458e-03
-8.898292668163776398e-03
8.675607852637767792e-03
-7.441887632012367249e-03
1.641647517681121826e-02
-7.464229129254817963e-03
1.794495037756860256e-03
-1.075020991265773773e-03
-9.261183440685272217e-04
2.410948742181062698e-03
1.264433935284614563e-02
-1.082007586956024170e-02
1.922523602843284607e-02
-1.402626652270555496e-02
1.022795587778091431e-02
2.960944548249244690e-04
-9.061316028237342834e-03
1.414640527218580246e-02
-1.862850971519947052e-02
1.669205725193023682e-02
-7.261076010763645172e-03
-3.739367704838514328e-03
-4.310988355427980423e-03
-6.808760110288858414e-03
5.388961173593997955e-03
-7.145496085286140442e-03
7.734303362667560577e-03
6.819777190685272217e-03
-5.254613701254129410e-03
1.325445715337991714e-02
-3.837703960016369820e-03
1.354940794408321381e-02
-1.044282317161560059e-02
5.792496725916862488e-03
6.187378428876399994e-03
-1.276162452995777130e-02
1.430207677185535431e-02
-2.667600521817803383e-03
2.204429591074585915e-03
-8.949062786996364594e-03
1.614321954548358917e-02
-2.762444783002138138e-03
6.395229138433933258e-05
1.691733254119753838e-03
-4.080260638147592545e-03
1.025668717920780182e-02
-7.818980142474174500e-03
2.283547259867191315e-02
-1.961702480912208557e-02
7.476727012544870377e-03
2.026441972702741623e-03
-6.564548239111900330e-03
1.106835436075925827e-02
-2.277669310569763184e-02
2.530665323138237000e-02
-1.842600293457508087e-02
1.299369707703590393e-02
1.701643690466880798e-03
-1.552500110119581223e-02
1.961566507816314697e-02
-1.937647536396980286e-02
2.803265675902366638e-02
-1.682107895612716675e-02
2.021262235939502716e-02
-1.618920266628265381e-02
9.065623395144939423e-03
-3.543708706274628639e-03
-7.755135651677846909e-03
2.303244173526763916e-02
-3.327178955078125000e-02
3.277000784873962402e-02
-2.434405684471130371e-02
1.059590093791484833e-02
-3.386311233043670654e-03
3.354229032993316650e-03
-7.920619100332260132e-03
1.417748257517814636e-02
-8.807247504591941833e-04
-3.209204180166125298e-03
6.141763646155595779e-03
-2.011284604668617249e-02
2.568263560533523560e-02
-4.023963585495948792e-02
3.256805986166000366e-02
-1.718169637024402618e-02
-1.846474781632423401e-02
3.111568838357925415e-02
-3.363038599491119385e-02
3.748761117458343506e-02
-1.634698361158370972e-02
2.051692083477973938e-02
-4.053161479532718658e-03
-5.836984142661094666e-03
2.258672751486301422e-02
-3.192488849163055420e-02
3.544169664382934570e-02
-3.865587338805198669e-02
3.041313029825687408e-02
-6.050587631762027740e-03
-5.456732586026191711e-03
6.937380414456129074e-03
-1.262585353106260300e-02
1.412164233624935150e-02
-1.048045605421066284e-02
2.262773737311363220e-02
-1.878199912607669830e-02
5.666755139827728271e-03
2.955655567348003387e-03
-3.111625323072075844e-03
-1.433952711522579193e-03
5.705516319721937180e-03
-1.229100301861763000e-02
1.110685151070356369e-02
-4.837147891521453857e-03
-7.006939966231584549e-03
7.564224302768707275e-03
-1.570972241461277008e-02
8.760444819927215576e-03
-1.127197779715061188e-02
7.074008230119943619e-03
-9.360399097204208374e-03
6.069544702768325806e-03
-7.839125581085681915e-03
7.790983188897371292e-03
-1.555655850097537041e-03
-2.546988660469651222e-03
1.187406107783317566e-02
-1.682595908641815186e-02
1.999539136886596680e-02
-1.147036626935005188e-02
1.606532745063304901e-02
-1.228799112141132355e-02
-2.689974149689078331e-03
-2.303767949342727661e-03
-1.587062329053878784e-02
2.100171521306037903e-03
-6.064429879188537598e-03
-1.679126755334436893e-03
4.008410032838582993e-03
-2.487698802724480629e-04
6.333292927592992783e-03
5.507651716470718384e-03
-6.511470302939414978e-03
1.115722022950649261e-02
-1.028565317392349243e-02
5.046072881668806076e-03
-6.150938570499420166e-03
-6.394801195710897446e-03
-5.931926425546407700e-03
-5.534310825169086456e-03
6.648150272667407990e-03
1.265806611627340317e-03
2.360155107453465462e-03
8.127508044708520174e-05
5.500098690390586853e-03
1.128015224821865559e-03
4.546734970062971115e-03
-6.102339364588260651e-03
3.365801414474844933e-03
-1.222080551087856293e-02
7.226839661598205566e-03
-4.083091393113136292e-03
-7.830368354916572571e-03
1.443269196897745132e-02
-1.022173743695020676e-02
1.327527221292257309e-02
-7.101576775312423706e-03
-9.438717970624566078e-04
-7.434105500578880310e-03
-2.134471898898482323e-03
-9.728825651109218597e-03
3.244748571887612343e-03
-9.914319030940532684e-03
9.681981755420565605e-04
-4.967149347066879272e-03
-6.908669602125883102e-03
6.976672913879156113e-03
-3.904239856638014317e-04
5.614112596958875656e-03
3.167528426274657249e-03
-4.930634517222642899e-03
3.907767124474048615e-03
-1.029398106038570404e-02
-5.965514108538627625e-03
2.020190469920635223e-03
-1.953086070716381073e-02
1.811867207288742065e-02
-1.193255186080932617e-02
8.138604462146759033e-03
-5.856024217791855335e-04
2.037072088569402695e-03
8.373711258172988892e-03
-2.352935262024402618e-03
5.040335468947887421e-03
-5.237879813648760319e-04
-1.476006954908370972e-02
6.205366924405097961e-03
-1.924752630293369293e-02
8.663026615977287292e-03
-1.375877205282449722e-02
4.894309211522340775e-03
3.001596778631210327e-03
-7.975352928042411804e-03
1.615023799240589142e-02
-9.736970998346805573e-03
2.358696889132261276e-03
3.109475132077932358e-03
-9.160821326076984406e-03
5.981416441500186920e-03
-7.287871092557907104e-03
-1.591303758323192596e-02
2.344931289553642273e-02
-3.654935583472251892e-02
3.178899362683296204e-02
-2.102365903556346893e-02
7.223227992653846741e-03
2.201555762439966202e-03
-4.216863773763179779e-03
4.516875371336936951e-03
-4.368719179183244705e-03
6.199594587087631226e-03
-5.435089115053415298e-04
3.460496198385953903e-03
-6.502786651253700256e-03
1.033945009112358093e-02
-1.560293417423963547e-02
1.223856303840875626e-02
-2.198107168078422546e-02
1.188309583812952042e-02
-1.334083825349807739e-02
2.318946877494454384e-03
5.398589652031660080e-03
-1.446573808789253235e-02
1.035941019654273987e-02
-1.751735224388539791e-03
2.556189894676208496e-03
-1.332502579316496849e-03
8.374163298867642879e-04
-2.603758824989199638e-03
-2.435196191072463989e-03
8.514333749189972878e-04
-6.880805827677249908e-03
2.111903857439756393e-03
-7.743464317172765732e-03
1.044339407235383987e-02
-7.920209318399429321e-03
1.229023560881614685e-03
9.634935413487255573e-04
-8.003226481378078461e-03
7.598420139402151108e-03
-7.602537050843238831e-03
7.867823354899883270e-03
-8.332353085279464722e-03
4.568737931549549103e-03
-3.556581214070320129e-03
4.676915705204010010e-03
-6.773469038307666779e-03
1.334652677178382874e-02
-1.454199664294719696e-02
1.354636438190937042e-02
-8.071682415902614594e-03
-6.033092271536588669e-03
3.398081287741661072e-03
-1.162643916904926300e-02
8.333698846399784088e-03
-9.216117672622203827e-03
9.978616610169410706e-03
-1.355241332203149796e-02
1.439062505960464478e-02
-1.414290629327297211e-02
1.432471908628940582e-02
-1.184235699474811554e-02
1.198228728026151657e-02
5.049323663115501404e-04
-6.246913690119981766e-03
1.218037400394678116e-02
-2.101858705282211304e-02
1.682071760296821594e-02
-1.163327507674694061e-02
4.634513519704341888e-03
-1.909789396449923515e-03
-9.579351171851158142e-04
4.172949586063623428e-03
-2.929370850324630737e-03
6.369309034198522568e-03
-6.793132051825523376e-03
5.396915134042501450e-03
1.320634270086884499e-03
-3.125348594039678574e-03
3.530530724674463272e-03
-4.222352057695388794e-03
1.900589559227228165e-03
1.735669095069169998e-03
4.634860670194029808e-05
-2.647227142006158829e-03
2.647794783115386963e-03
-6.268401630222797394e-03
3.255523042753338814e-03
-3.803742583841085434e-03
3.113828133791685104e-03
-3.673888044431805611e-03
8.970095077529549599e-04
5.561134312301874161e-04
-2.196444664150476456e-03
2.919732825830578804e-03
-7.697868859395384789e-04
4.589031450450420380e-03
-4.197359550744295120e-03
5.454802885651588440e-03
-4.617216996848583221e-03
-3.751982469111680984e-03
2.791501581668853760e-03
-5.855663679540157318e-03
2.904594875872135162e-03
3.732998855412006378e-03
-7.232356816530227661e-03
1.436957530677318573e-02
-8.893096819519996643e-03
6.589229218661785126e-03
-3.824729938060045242e-04
1.256930525414645672e-03
-1.799945719540119171e-03
5.090500693768262863e-03
-5.608306266367435455e-03
2.525432035326957703e-03
-3.512619587127119303e-04
3.135723527520895004e-04
2.551088109612464905e-03
-4.632640164345502853e-03
7.936647161841392517e-03
-9.202236309647560120e-03
1.488182414323091507e-02
-9.447242133319377899e-03
9.069485589861869812e-03
1.272396184504032135e-04
-2.349315909668803215e-03
4.826333373785018921e-03
-2.104684710502624512e-03
-1.314699882641434669e-03
2.979896962642669678e-03
-5.935717374086380005e-03
5.178965628147125244e-03
-6.370104849338531494e-03
5.065557546913623810e-03
-6.739630363881587982e-03
6.289762444794178009e-03
-1.828483073040843010e-03
2.342135645449161530e-03
1.192440371960401535e-02
-1.405441109091043472e-02
1.821222901344299316e-02
-1.433183439075946808e-02
1.052106171846389771e-02
-3.403926733881235123e-03
-3.033702261745929718e-03
2.536316867917776108e-03
-5.584036000072956085e-03
6.333727389574050903e-03
-5.029339343309402466e-03
5.856048781424760818e-03
-1.429865602403879166e-03
1.981124980375170708e-03
6.407047156244516373e-03
-2.185421530157327652e-03
3.361982293426990509e-03
-9.219432249665260315e-04
1.905941870063543320e-03
-2.977392170578241348e-03
3.645149525254964828e-03
-5.074540153145790100e-03
1.216374803334474564e-03
-2.086053369566798210e-03
6.794634973630309105e-04
1.936728483997285366e-03
1.027589896693825722e-03
2.219505142420530319e-03
2.426892984658479691e-03
-4.893917357549071312e-04
1.441930187866091728e-03
2.172387670725584030e-03
-4.708566702902317047e-03
5.144364200532436371e-03
-4.911067895591259003e-03
3.601175965741276741e-03
-1.891754684038460255e-03
6.134128198027610779e-03
-4.246783442795276642e-03
9.714872576296329498e-03
-6.170995067805051804e-03
1.095421053469181061e-02
-3.783704480156302452e-03
2.734695095568895340e-03
2.790283644571900368e-03
-7.987973280251026154e-03
8.229760453104972839e-03
-5.932203959673643112e-03
3.809858579188585281e-03
-4.415677394717931747e-03
3.138020168989896774e-03
-4.449559492059051991e-04
4.680903162807226181e-03
-1.176238409243524075e-03
4.610395058989524841e-03
-6.522903218865394592e-03
8.279264904558658600e-03
-4.815063904970884323e-03
2.945815213024616241e-03
-4.357716068625450134e-03
-3.259698860347270966e-05
4.548784345388412476e-04
-3.233642783015966415e-04
4.354148171842098236e-03
-4.784453660249710083e-03
4.852485843002796173e-03
-1.200101571157574654e-03
7.127315737307071686e-03
-3.432929748669266701e-03
6.012286990880966187e-03
-4.705552011728286743e-03
2.968553453683853149e-03
2.905565081164240837e-03
-8.914557984098792076e-04
-5.246994551271200180e-04
1.600368064828217030e-03
-5.965802120044827461e-04
2.209753729403018951e-03
2.991441870108246803e-03
-5.728285759687423706e-04
-1.861284021288156509e-03
4.145354498177766800e-03
-1.572424895130097866e-03
1.078560133464634418e-03
7.657438982278108597e-04
-2.797881141304969788e-03
2.108327113091945648e-03
-3.428349969908595085e-03
7.608146406710147858e-03
-8.397037163376808167e-03
6.180151365697383881e-03
-2.032619202509522438e-03
-1.318408991210162640e-03
4.054729826748371124e-03
-2.191200386732816696e-03
7.951327133923768997e-04
-9.911696542985737324e-05
6.999209290370345116e-06
1.011154148727655411e-03
2.383780200034379959e-03
-2.680266741663217545e-03
5.841698963195085526e-03
-4.650889895856380463e-03
4.150868393480777740e-03
1.407704665325582027e-03
-7.752891979180276394e-04
2.126536564901471138e-03
-1.510893111117184162e-03
2.255814848467707634e-03
-2.853616315405815840e-04
1.839546486735343933e-03
2.042166888713836670e-03
-3.932333085685968399e-03
3.901777323335409164e-03
-1.167645677924156189e-03
8.348752744495868683e-04
-3.831755602732300758e-04
-2.228907076641917229e-03
-3.951615653932094574e-04
-1.945849973708391190e-03
2.976869232952594757e-03
-1.891802996397018433e-03
-3.525443607941269875e-04
-1.321203890256583691e-03
3.600555239245295525e-03
-1.106089679524302483e-03
3.782602958381175995e-03
-3.049979452043771744e-03
1.738278660923242569e-05
-1.112112542614340782e-03
1.368514844216406345e-03
-1.034760847687721252e-03
-2.260358771309256554e-03
-7.363007171079516411e-04
6.314855418168008327e-04
7.921794895082712173e-04
2.885850612074136734e-03
6.598779000341892242e-04
-1.335011213086545467e-03
5.016692448407411575e-03
-8.659427985548973083e-04
3.331946674734354019e-03
-2.043077023699879646e-03
-1.722259446978569031e-03
-1.905341516248881817e-03
1.344117335975170135e-03
-3.792798379436135292e-03
1.049912767484784126e-03
-3.961987327784299850e-03
2.042614505626261234e-04
7.112041348591446877e-04
2.120319521054625511e-03
-3.376172971911728382e-04
-6.835262756794691086e-04
1.394056249409914017e-03
-1.678960165008902550e-03
4.050006682518869638e-04
-1.341910101473331451e-03
-1.994414487853646278e-03
-2.699375152587890625e-03
1.373343402519822121e-03
-3.426514798775315285e-03
1.154561527073383331e-03
-1.449610572308301926e-03
1.527658663690090179e-03
-1.300781150348484516e-03
2.100067446008324623e-03
7.904179510660469532e-04
-9.035434341058135033e-04
2.409792505204677582e-03
-2.786441938951611519e-03
1.891457941383123398e-03
-4.616414080373942852e-04
-8.262350456789135933e-04
1.028551021590828896e-03
-2.999754389747977257e-03
-2.178261056542396545e-04
-1.727820927044376731e-04
-6.974901771172881126e-04
-4.729799693450331688e-04
-9.771415498107671738e-04
-1.392444130033254623e-03
2.469016180839389563e-04
-1.484037842601537704e-03
-3.009087522514164448e-04
-4.390720278024673462e-06
-3.898616414517164230e-03
1.994487363845109940e-03
-1.594029250554740429e-03
-6.016204715706408024e-04
-1.516189659014344215e-04
-3.199287690222263336e-03
1.156007347162812948e-04
-1.786420820280909538e-03
5.520754493772983551e-04
-2.246181480586528778e-03
-1.711965072900056839e-03
5.060780094936490059e-04
-2.337576734134927392e-04
1.060134265571832657e-03
-1.201971201226115227e-03
1.240126555785536766e-03
-3.910412546247243881e-03
4.388516768813133240e-03
-7.930144201964139938e-04
-2.633093390613794327e-03
2.025434048846364021e-03
-4.203163087368011475e-03
3.063673153519630432e-03
-3.639807458966970444e-03
5.675915163010358810e-04
-1.767355715855956078e-03
-1.756326993927359581e-03
5.468965973705053329e-04
-9.175718878395855427e-04
-1.105092698708176613e-03
-2.773913554847240448e-03
9.915984701365232468e-04
-3.095712279900908470e-03
8.316211751662194729e-04
-1.943461596965789795e-03
-1.512318151071667671e-03
-1.800156896933913231e-03
1.242701895534992218e-03
-1.808627508580684662e-03
-1.710977172479033470e-03
6.614092853851616383e-04
-2.653769217431545258e-03
8.780495845712721348e-04
-2.072648145258426666e-03
4.684980667661875486e-04
-2.090458059683442116e-03
-3.662070375867187977e-04
9.680277435109019279e-04
-5.138512351550161839e-04
-1.275389920920133591e-03
8.242836920544505119e-04
-3.026257036253809929e-04
-2.260005567222833633e-03
2.423179103061556816e-03
-3.131497651338577271e-03
-2.603750326670706272e-04
6.638720515184104443e-04
-1.659485395066440105e-03
-3.950156096834689379e-04
-2.102802973240613937e-03
9.116353467106819153e-04
-2.817535307258367538e-03
7.699267589487135410e-04
-1.828172476962208748e-03
-5.277586169540882111e-04
-1.133449550252407789e-04
-1.092529622837901115e-03
1.088703284040093422e-03
-2.861964516341686249e-03
6.943597691133618355e-04
-3.038431517779827118e-03
1.142282155342400074e-03
-1.678875647485256195e-03
2.809281577356159687e-04
-1.547566498629748821e-03
9.469066862948238850e-04
6.908718496561050415e-04
-1.660567126236855984e-03
1.350074191577732563e-03
-1.656770473346114159e-03
9.094863780774176121e-04
-3.871477674692869186e-04
8.776686154305934906e-04
-9.435630054213106632e-04
8.259605383500456810e-04
3.561440971679985523e-04
-2.886118600144982338e-04
-5.215398050495423377e-05
3.889798535965383053e-04
-2.197458408772945404e-03
7.193037308752536774e-04
-3.041813033632934093e-05
-1.069016172550618649e-03
-2.530169440433382988e-04
-5.602787132374942303e-04
-3.824893501587212086e-04
-1.125485287047922611e-03
-2.887765294872224331e-04
-4.522030067164450884e-04
-1.623766031116247177e-03
6.022826419211924076e-04
-1.285867183469235897e-04
-1.808168250136077404e-03
7.593685295432806015e-04
8.972871728474274278e-05
-8.899539825506508350e-04
-1.966025447472929955e-04
1.224279287271201611e-03
-2.157430164515972137e-03
7.978095673024654388e-04
5.684134084731340408e-04
-1.866882957983762026e-04
-1.195202930830419064e-03
7.588966400362551212e-04
3.119180328212678432e-04
4.048733680974692106e-04
-4.880197229795157909e-04
-5.647076759487390518e-04
8.279136382043361664e-04
-1.668724580667912960e-03
2.689996734261512756e-03
-1.467625726945698261e-03
2.408310538157820702e-04
1.063380739651620388e-03
-2.301545115187764168e-03
1.244906568899750710e-03
-1.408793323207646608e-04
-6.731380708515644073e-04
-3.513449046295136213e-04
-1.688210759311914444e-04
3.607220132835209370e-04
-1.065568358171731234e-04
-1.770717790350317955e-03
1.439277548342943192e-04
-5.594492540694773197e-04
-2.885471621993929148e-04
1.226991298608481884e-03
-1.051831175573170185e-03
3.035544650629162788e-04
-3.670256701298058033e-04
1.641848357394337654e-03
-4.932893207296729088e-04
6.981877231737598777e-05
-1.012912718579173088e-03
1.335273380391299725e-03
7.684185402467846870e-04
-1.164366956800222397e-03
1.989189535379409790e-03
-4.712665395345538855e-04
8.370040450245141983e-05
2.225892676506191492e-04
-6.383434520103037357e-04
2.241398906335234642e-04
1.786362379789352417e-03
-8.862254908308386803e-04
2.527012024074792862e-03
-2.100774785503745079e-03
1.692579360678792000e-03
4.702794831246137619e-05
-1.545053673908114433e-03
1.041250070556998253e-03
-1.603131997399032116e-03
1.243119011633098125e-03
-5.866870051249861717e-04
-1.894180604722350836e-04
-4.514570464380085468e-04
1.223735744133591652e-03
5.766861722804605961e-04
1.011385000310838223e-03
-1.535741175757721066e-04
8.650331874378025532e-04
-4.376343276817351580e-04
-2.046292211161926389e-04
7.464764057658612728e-04
7.224106229841709137e-04
1.053108135238289833e-04
8.127750479616224766e-04
-9.161371854133903980e-04
8.159528370015323162e-04
5.701802438125014305e-04
2.169669896829873323e-04
1.258693984709680080e-03
3.978771565016359091e-04
1.240746583789587021e-03
-1.934765168698504567e-04
1.353110652416944504e-03
-4.452053690329194069e-04
6.131679983809590340e-04
1.731291558826342225e-05
-1.245576131623238325e-04
-6.248963763937354088e-04
1.620070543140172958e-05
-2.781696675810962915e-04
8.779111085459589958e-04
1.013629138469696045e-03
-4.721087170764803886e-04
1.660584821365773678e-04
3.007756313309073448e-04
-5.739731714129447937e-04
4.358447622507810593e-04
5.751613061875104904e-04
5.765957175754010677e-04
-1.617879606783390045e-04
-1.430278061889111996e-04
4.877001629211008549e-04
1.231555943377315998e-04
4.472658038139343262e-04
-1.779785816324874759e-04
9.871674701571464539e-04
-2.213994157500565052e-04
3.300158132333308458e-04
-6.926503265276551247e-04
5.431737517938017845e-04
1.065693446435034275e-03
-2.342121588299050927e-04
5.385747645050287247e-04
8.138758130371570587e-04
1.945235417224466801e-04
7.051628199405968189e-04
5.386258708313107491e-04
8.858127985149621964e-04
5.066770972916856408e-05
8.087081369012594223e-05
6.494844565168023109e-04
-3.735011268872767687e-04
5.822652601636946201e-04
-4.506891855271533132e-06
4.869615077041089535e-04
-1.069844292942434549e-04
7.183026173152029514e-05
1.326982164755463600e-04
4.598584491759538651e-04
4.134816117584705353e-05
1.102687820093706250e-04
8.436511270701885223e-04
4.115060728508979082e-04
1.098639331758022308e-03
-4.477144102565944195e-04
4.154023481532931328e-04
5.749338306486606598e-04
3.939837915822863579e-04
5.535820382647216320e-04
3.794264339376240969e-04
1.587152510182932019e-04
-9.874288662103936076e-05
6.887433119118213654e-04
-6.904706242494285107e-05
2.812091261148452759e-04
1.485163083998486400e-04
5.340587813407182693e-04
-7.231780182337388396e-05
3.930200473405420780e-04
4.433985159266740084e-04
-1.759660517564043403e-05
3.020176663994789124e-04
5.287204403430223465e-04
6.779485847800970078e-04
-4.083156090928241611e-05
1.904188538901507854e-04
3.535751966410316527e-05
-1.170011746580712497e-04
-6.040099469828419387e-05
4.366910434328019619e-04
2.324451925233006477e-04
4.985611303709447384e-04
5.166764603927731514e-04
4.447939281817525625e-04
4.029642150271683931e-04
-1.395080180373042822e-04
1.311791274929419160e-04
1.905086246551945806e-04
-1.281191071029752493e-04
2.186037891078740358e-04
-3.138221291010268033e-05
9.880741708911955357e-05
-1.890631101559847593e-04
1.275876566069200635e-04
-7.262055441970005631e-05
5.182310997042804956e-05
6.099708261899650097e-04
-1.934422762133181095e-04
-8.538403926650062203e-05
-3.684264811454340816e-05
3.333527129143476486e-04
3.391539212316274643e-05
1.399728644173592329e-04
-3.390395140741020441e-04
4.617620652425102890e-05
-8.016319043235853314e-05
4.560624947771430016e-04
-3.680763766169548035e-04
-6.334579666145145893e-04
-2.060620900010690093e-04
-4.589572781696915627e-04
1.736694248393177986e-04
-4.148544394411146641e-04
3.755404031835496426e-05
-3.173361183144152164e-04
4.763578908750787377e-05
-6.609314586967229843e-04
-2.151736844098195434e-04
-3.767998714465647936e-05
-4.946378758177161217e-04
7.061300566419959068e-04
-3.311013570055365562e-04
-1.174316203105263412e-04
3.177668259013444185e-05
-3.683306567836552858e-04
-4.116660566069185734e-04
-4.253429942764341831e-04
-2.254848222946748137e-04
-1.863054640125483274e-04
-1.775671262294054031e-04
-4.474889137782156467e-04
-7.034043665044009686e-05
-5.810930742882192135e-04
-4.647365130949765444e-05
-1.593306806171312928e-04
-3.683245158754289150e-04
-1.077036358765326440e-04
-2.229472738690674305e-04
-3.707451687660068274e-04
-1.564214180689305067e-04
-6.625785026699304581e-04
3.294157213531434536e-04
-2.090639318339526653e-04
-3.129285178147256374e-04
1.808157394407317042e-04
-8.449477609246969223e-04
6.134785508038476110e-05
-5.440233508124947548e-04
-1.487912522861734033e-04
-3.307785373181104660e-04
-1.170215182355605066e-04
-5.347786936908960342e-04
-3.656136686913669109e-04
-7.028119871392846107e-04
-2.969423658214509487e-04
-1.344998163403943181e-04
-3.203956584911793470e-04
-4.221333947498351336e-04
-6.335120415315032005e-04
-2.235040446976199746e-04
-3.420012653805315495e-04
-1.134278427343815565e-04
-5.701761110685765743e-04
-6.047435454092919827e-04
-7.751509547233581543e-04
6.842922448413446546e-05
-1.091873971745371819e-03
-4.285457835067063570e-04
-4.667698231060057878e-04
-2.925250155385583639e-04
-1.110776793211698532e-04
-8.136461256071925163e-04
-1.627294986974447966e-04
-1.699289714451879263e-04
-3.338025708217173815e-04
-2.520868729334324598e-04
-4.472268046811223030e-04
-1.046868739649653435e-03
-2.100218844134360552e-04
-7.609812892042100430e-04
-5.661876639351248741e-05
-5.620495649054646492e-04
-8.011853788048028946e-04
-2.329780691070482135e-04
-4.898237530142068863e-04
-6.428930209949612617e-04
-7.327164057642221451e-04
-1.740258012432605028e-04
-8.328495314344763756e-04
-6.566034862771630287e-04
-3.938797744922339916e-04
-5.383432144299149513e-04
-4.687210894189774990e-04
-1.429713884135708213e-04
-3.796718083322048187e-04
-1.817548763938248158e-04
4.022564098704606295e-06
-7.337067509070038795e-04
-3.102575428783893585e-04
-2.535792882554233074e-04
-3.778256359510123730e-04
-3.273036854807287455e-04
-4.496288020163774490e-04
-6.322607514448463917e-04
-1.322240423178300261e-04
-6.654984899796545506e-04
-8.139075362123548985e-04
-2.005059213843196630e-04
-5.787224508821964264e-04
-5.443188711069524288e-04
-3.973410639446228743e-04
-1.765181659720838070e-04
-4.072358715347945690e-04
-4.954890464432537556e-04
-4.065074608661234379e-04
-2.920154947787523270e-04
-5.918528186157345772e-04
-4.428349202498793602e-04
-4.380119789857417345e-04
-7.233446813188493252e-04
-8.984904270619153976e-04
-2.826806448865681887e-04
-7.811266696080565453e-04
-6.412236834876239300e-04
-2.299097541254013777e-04
-6.332528428174555302e-04
-1.983377151191234589e-04
-8.239148883149027824e-04
-5.409389268606901169e-04
-5.423899710876867175e-05
-1.210188638651743531e-04
3.234995529055595398e-05
-7.146098505472764373e-05
-5.209799855947494507e-04
-3.099254099652171135e-04
-1.565026650496292859e-05
-4.260392743162810802e-04
-9.999410394812002778e-05
2.502348797861486673e-04
-1.533053291495889425e-04
-5.128322300151921809e-05
-3.099417372141033411e-04
-3.984731738455593586e-04
-4.641418636310845613e-04
-5.935191875323653221e-04
-2.767776022665202618e-04
-3.428009222261607647e-04
-3.368448233231902122e-04
-2.569235803093761206e-04
-6.214081804500892758e-05
-1.136161881731823087e-04
-7.727657794021070004e-05
-2.306682290509343147e-04
-5.852262838743627071e-04
-5.709476536139845848e-04
-8.484525460517033935e-05
1.226436288561671972e-04
-5.081209819763898849e-04
1.590133615536615252e-05
-2.737364266067743301e-04
-3.280071250628679991e-04
-8.320705092046409845e-05
1.064051466528326273e-04
7.985600677784532309e-05
-2.827383577823638916e-04
-5.346980469767004251e-05
2.305686502950266004e-04
1.006002712529152632e-04
3.134086728096008301e-05
6.098496669437736273e-05
2.141437144018709660e-04
4.051141149830073118e-05
-1.134064732468686998e-04
2.726449747569859028e-04
-1.500053331255912781e-04
7.590991444885730743e-04
2.334005257580429316e-04
7.072977605275809765e-04
3.569247201085090637e-05
3.578509786166250706e-04
5.002868711017072201e-04
4.277766856830567122e-04
6.407606415450572968e-04
4.541158705251291394e-05
3.664299147203564644e-04
3.768769674934446812e-04
3.636740148067474365e-04
2.453787019476294518e-04
4.758336581289768219e-05
-3.222114755772054195e-04
5.151068326085805893e-04
-2.176165289711207151e-04
8.220230229198932648e-04
9.639836935093626380e-05
5.394871695898473263e-04
2.205429773312062025e-04
3.341353731229901314e-04
8.228544902522116899e-05
-1.163636407000012696e-04
4.994082846678793430e-04
-1.988576696021482348e-04
5.958058754913508892e-04
3.120764740742743015e-04
2.198808360844850540e-04
2.208958321716636419e-04
5.711971316486597061e-04
5.158365238457918167e-04
7.651809137314558029e-04
-3.395711537450551987e-04
3.716138890013098717e-04
1.281113945879042149e-04
3.307144797872751951e-04
5.246243090368807316e-04
6.592098507098853588e-04
6.767101003788411617e-04
1.251858484465628862e-04
6.409703055396676064e-04
6.069793598726391792e-04
5.733189755119383335e-04
4.865397932007908821e-04
3.781447594519704580e-04
-2.006463764701038599e-04
7.824703352525830269e-04
4.421384073793888092e-05
3.802313585765659809e-04
2.110151399392634630e-05
-2.136754919774830341e-04
6.553519633598625660e-04
1.847141538746654987e-04
4.590247990563511848e-04
5.246339424047619104e-05
-9.515930287307128310e-06
1.783734769560396671e-04
1.415372244082391262e-04
4.689203342422842979e-04
5.655073982779867947e-05
7.597265357617288828e-05
6.124015199020504951e-04
1.696304098004475236e-04
3.879030991811305285e-04
4.000993212684988976e-04
6.118959281593561172e-04
4.685013846028596163e-04
4.280433640815317631e-04
8.336451719515025616e-04
5.304880323819816113e-04
4.608843883033841848e-04
2.269189863000065088e-04
6.917400169186294079e-04
7.551025482825934887e-04
3.233636671211570501e-04
2.759915951173752546e-04
2.680376346688717604e-04
7.695952663198113441e-04
4.786038771271705627e-04
4.496681503951549530e-04
2.494544605724513531e-04
1.239181583514437079e-04
5.351873114705085754e-04
1.591458276379853487e-04
5.467641167342662811e-04
5.208329530432820320e-04
3.137495950795710087e-04
-2.950593807327095419e-05
-2.602429594844579697e-04
1.884273842733819038e-06
-3.357922250870615244e-04
-2.917108940891921520e-04
4.662074934458360076e-05
5.210094386711716652e-04
7.204551948234438896e-04
5.412400350905954838e-04
5.817943019792437553e-04
4.971645539626479149e-04
1.511343580204993486e-04
6.556549924425780773e-04
5.606320919468998909e-04
3.783857100643217564e-04
3.088621597271412611e-04
3.003476012963801622e-04
8.780691132415086031e-06
-3.066233766730874777e-04
1.578893279656767845e-04
-4.042519140057265759e-04
3.948204393964260817e-04
-4.568674776237457991e-04
-2.782360243145376444e-04
3.179167979396879673e-04
-1.296678965445607901e-04
6.886083865538239479e-04
3.005976032000035048e-04
2.940502017736434937e-04
1.380330359097570181e-04
-3.132066922262310982e-05
-1.843249629018828273e-04
3.665094554889947176e-04
2.491219493094831705e-04
1.452452997909858823e-04
-4.362535546533763409e-04
-4.043359658680856228e-04
-2.747245016507804394e-04
-4.213368229102343321e-04
-1.807811495382338762e-04
-2.938217221526429057e-06
8.005961717572063208e-06
-2.124783641193062067e-04
4.263624432496726513e-04
-3.057752328459173441e-04
1.675025559961795807e-04
-3.727334260474890471e-04
-5.608873325400054455e-04
-1.770190719980746508e-04
-6.281093228608369827e-04
-3.196659381501376629e-04
-1.247078471351414919e-04
-2.349863643757998943e-05
-2.080508565995842218e-04
-3.519839956425130367e-04
-4.901030333712697029e-04
-6.050154916010797024e-04
-7.852163980714976788e-05
-7.224159198813140392e-04
-5.782830412499606609e-04
-1.007395403576083481e-04
-6.141613703221082687e-04
3.172121068928390741e-04
-3.295392962172627449e-04
-3.234431496821343899e-04
-1.025832825689576566e-04
-8.952873031375929713e-05
-4.077502235304564238e-04
-4.456758324522525072e-04
-5.014640628360211849e-04
-3.417975385673344135e-04
-1.171081894426606596e-04
-3.448541683610528708e-04
3.752439624804537743e-06
-2.777319168671965599e-04
-5.146113689988851547e-04
-3.426317707635462284e-04
1.210862974403426051e-04
-4.420178593136370182e-04
-4.144530976191163063e-04
-6.339492392726242542e-04
-6.390236085280776024e-04
-6.346922018565237522e-04
-1.216009841300547123e-03
-7.298565469682216644e-04
-7.705211755819618702e-04
-2.632903633639216423e-04
-1.134109043050557375e-04
-5.165939801372587681e-04
-3.357994137331843376e-04
-9.245775290764868259e-04
-2.960478886961936951e-04
-2.348276175325736403e-04
-2.891227195505052805e-04
-3.439444408286362886e-04
-7.510185241699218750e-04
-3.133082645945250988e-04
-6.026917981216683984e-05
-3.849107306450605392e-04
-3.702671383507549763e-04
8.268209057860076427e-05
-7.584759150631725788e-04
-2.940755803138017654e-04
-3.226921253371983767e-04
-9.335243521491065621e-05
3.429783682804554701e-04
-4.592149634845554829e-04
-1.729127252474427223e-04
-3.844228340312838554e-04
-7.160358363762497902e-04
-6.290778983384370804e-04
-4.041259817313402891e-04
-2.800051006488502026e-04
-2.935333177447319031e-04
-5.936218658462166786e-04
-5.621797172352671623e-04
-2.837736974470317364e-04
-4.947200650349259377e-04
-6.297673098742961884e-04
-5.027816514484584332e-04
-3.794007934629917145e-04
-3.482195315882563591e-04
-9.083747281692922115e-04
-1.317208952968940139e-04
-3.371025086380541325e-04
-9.783451678231358528e-04
2.077490062220022082e-04
-3.313045599497854710e-04
-2.395147457718849182e-04
-1.155799720436334610e-03
-4.963816609233617783e-04
-2.211671817349269986e-04
-3.718675579875707626e-04
-5.737734609283506870e-04
-2.666601794771850109e-04
9.823299478739500046e-05
-6.999202305451035500e-04
2.520774723961949348e-04
-3.133278223685920238e-04
9.242206579074263573e-04
2.050620969384908676e-05
7.120703230611979961e-06
2.367415872868150473e-04
-1.833153946790844202e-04
3.011794760823249817e-04
-2.213273546658456326e-04
3.246477572247385979e-04
2.031122858170419931e-04
1.185829023597761989e-04
-4.066889523528516293e-04
-7.214825600385665894e-04
-5.986953619867563248e-04
-3.302110999356955290e-04
-9.167441021418198943e-05
-5.574203096330165863e-04
-5.792945739813148975e-04
-4.338120925240218639e-04
3.637086483649909496e-04
-2.638779697008430958e-04
3.013432433363050222e-05
1.612038176972419024e-04
-3.303834819234907627e-04
-2.862134133465588093e-04
-5.974599625915288925e-04
-1.322089665336534381e-04
2.754262532107532024e-04
2.967963519040495157e-05
2.236610453110188246e-05
1.101108849979937077e-03
-2.962430298794060946e-04
4.746066406369209290e-04
-7.811700925230979919e-04
-4.537175409495830536e-04
1.730026851873844862e-04
-9.678601636551320553e-04
-7.175204809755086899e-04
1.122249595937319100e-04
-1.149013842223212123e-04
-2.508372708689421415e-04
-1.938910805620253086e-03
-4.264340968802571297e-04
4.921732470393180847e-04
-3.301514661870896816e-04
5.945431767031550407e-04
-1.182974432595074177e-03
2.249793615192174911e-04
-7.633049390278756618e-04
1.010011532343924046e-03
-1.249644672498106956e-03
-1.524745021015405655e-04
-2.033172349911183119e-04
-2.825233386829495430e-04
-4.133612965233623981e-04
-6.937693106010556221e-04
-3.401758149266242981e-04
-1.726562855765223503e-03
-2.512775245122611523e-05
-1.407610368914902210e-03
2.367481938563287258e-04
-3.980394976679235697e-04
5.304935621097683907e-04
-3.171589196426793933e-05
1.179909886559471488e-04
7.015210576355457306e-04
-2.260508190374821424e-04
-3.137230814900249243e-04
-2.749336417764425278e-04
2.587346825748682022e-04
1.264019520021975040e-03
-7.801244501024484634e-04
8.618357824161648750e-04
6.932329852133989334e-04
-3.548764507286250591e-04
5.233356496319174767e-04
-1.306980964727699757e-03
6.104689091444015503e-04
-1.066904864273965359e-03
-1.426292583346366882e-03
-6.998811732046306133e-04
-2.150289656128734350e-04
-4.092470626346766949e-04
9.938306175172328949e-04
1.090388279408216476e-03
-2.249216340715065598e-04
-1.297174603678286076e-04
6.280891830101609230e-04
4.953902098350226879e-04
5.524489461095072329e-05
6.189746782183647156e-04
8.430394227616488934e-04
-3.324004064779728651e-04
-5.534644587896764278e-04
1.184706110507249832e-03
-2.606050111353397369e-04
-1.992714242078363895e-04
1.639556139707565308e-04
-2.277967541886027902e-05
1.717862032819539309e-04
7.678042748011648655e-04
8.810615981929004192e-04
1.423644018359482288e-03
1.599487964995205402e-03
-1.149594609159976244e-04
9.061215096153318882e-04
1.975480467081069946e-03
9.399400441907346249e-04
1.622690819203853607e-03
-3.744511050172150135e-04
3.840283025056123734e-04
1.097839092835783958e-03
-3.076149441767483950e-04
8.331812568940222263e-04
5.609177751466631889e-04
6.692151073366403580e-04
1.117862528190016747e-03
4.407553933560848236e-04
9.370511397719383240e-04
-3.487053618300706148e-04
3.897456335835158825e-04
8.536602836102247238e-04
-5.448226584121584892e-04
1.413121703080832958e-03
-9.358151000924408436e-04
8.027409203350543976e-04
4.960696678608655930e-04
-4.921079380437731743e-05
-1.339839771389961243e-03
9.704713011160492897e-04
7.856695447117090225e-06
-8.793972665444016457e-04
1.302867312915623188e-03
-2.377484925091266632e-03
1.746170921251177788e-03
-1.751106232404708862e-03
-3.157317696604877710e-04
1.580348238348960876e-03
-1.163843320682644844e-03
4.925196481053717434e-05
-7.140599773265421391e-04
-5.508108297362923622e-04
4.029113042633980513e-04
1.100440276786684990e-04
9.749871969688683748e-05
1.073919935151934624e-03
3.599465708248317242e-04
1.929669291712343693e-03
-1.492940005846321583e-03
-1.315051573328673840e-03
-1.075410400517284870e-04
1.435362501069903374e-03
7.694786472711712122e-05
1.942019211128354073e-03
-2.650569658726453781e-04
-9.663471137173473835e-04
2.711869776248931885e-03
-2.441807650029659271e-03
7.256209501065313816e-04
-3.019948955625295639e-03
-3.089600941166281700e-04
1.820769743062555790e-03
-5.074894288554787636e-04
1.208893256261944771e-03
4.722012672573328018e-04
-1.676578889600932598e-03
1.103312359191477299e-03
3.110108664259314537e-04
1.897074165754020214e-03
5.176637787371873856e-04
1.340776449069380760e-03
6.335494108498096466e-04
1.522457459941506386e-04
1.813213457353413105e-04
5.226581124588847160e-04
8.160240249708294868e-04
-1.513266353867948055e-03
2.693929243832826614e-03
-2.416318049654364586e-03
1.370005542412400246e-03
-1.427775947377085686e-03
2.108740853145718575e-03
9.582125931046903133e-04
-1.480174716562032700e-03
-5.532589275389909744e-04
-7.617579540237784386e-04
-1.489669433794915676e-03
-9.975642897188663483e-04
-2.262847730889916420e-03
-3.242242382839322090e-03
2.048678288701921701e-05
-1.413535559549927711e-03
5.287835374474525452e-04
-1.232711598277091980e-03
-3.710400313138961792e-03
-1.003369688987731934e-03
-5.474562756717205048e-03
-1.660566660575568676e-03
-3.020799485966563225e-03
-4.111007787287235260e-03
1.711589051410555840e-03
1.333780237473547459e-04
4.706698935478925705e-03
-1.291821943596005440e-03
6.636873818933963776e-03
8.036202751100063324e-03
1.260266173630952835e-02
7.480105385184288025e-03
5.586247891187667847e-03
1.808606553822755814e-03
-4.877456813119351864e-04
7.327287457883358002e-04
-1.413605525158345699e-03
4.132794216275215149e-03
-3.231486189179122448e-04
2.340372593607753515e-04
6.424943421734496951e-07
-1.384708215482532978e-03
-5.311444401741027832e-03
-5.534980446100234985e-04
-7.054474204778671265e-03
-3.285648534074425697e-03
-1.066100550815463066e-03
-3.747204784303903580e-03
-8.980778511613607407e-04
-4.097255412489175797e-03
-7.547602057456970215e-03
-5.416009109467267990e-03
-1.008502393960952759e-02
-1.040122099220752716e-02
-2.433909568935632706e-03
-8.232247084379196167e-03
-2.580010797828435898e-03
-1.622149953618645668e-03
-4.618541337549686432e-03
2.653219504281878471e-03
4.438271571416407824e-04
-2.477152273058891296e-03
6.701993988826870918e-04
-1.807651482522487640e-03
-6.174158188514411449e-04
3.202312160283327103e-03
-1.611438347026705742e-03
-1.963555696420371532e-04
-7.784415502101182938e-04
-1.209239941090345383e-03
-1.177133526653051376e-03
-4.167154547758400440e-04
1.344584976322948933e-03
5.698967725038528442e-04
-5.720556946471333504e-04
-2.333009615540504456e-03
3.313923953101038933e-03
-3.158817533403635025e-03
-2.102582482621073723e-03
-8.019573288038372993e-04
-1.846149913035333157e-03
-2.843805123120546341e-03
2.004054374992847443e-03
-1.759502920322120190e-03
2.161415060982108116e-03
4.221612587571144104e-03
3.200841310899704695e-04
4.328262060880661011e-03
6.832524377387017012e-05
-3.668737917905673385e-06
-1.901671639643609524e-03
-7.897023111581802368e-03
-4.015554673969745636e-03
9.325827704742550850e-04
-7.808622438460588455e-03
6.341835483908653259e-03
1.815827097743749619e-03
1.041001360863447189e-02
4.220327362418174744e-03
-4.772581625729799271e-03
-4.263431765139102936e-03
-9.732811711728572845e-03
-5.609267391264438629e-03
-1.603739219717681408e-03
-4.016011953353881836e-03
-8.587236516177654266e-05
3.542824648320674896e-03
-1.369090983644127846e-03
5.620952695608139038e-03
-5.482487380504608154e-03
2.973425202071666718e-03
3.539973986335098743e-04
6.666560075245797634e-04
3.912071231752634048e-03
6.778372917324304581e-03
3.096432192251086235e-03
7.200748659670352936e-03
8.178865537047386169e-03
2.213258761912584305e-03
3.083196235820651054e-03
-2.828226657584309578e-03
-1.271630870178341866e-03
9.199079941026866436e-04
4.071997944265604019e-03
6.839901208877563477e-03
4.823682364076375961e-03
1.823033206164836884e-03
2.346550580114126205e-03
4.685508087277412415e-03
-1.562026445753872395e-04
-1.249273656867444515e-03
4.870469216257333755e-03
-1.835291273891925812e-03
3.006798913702368736e-03
2.015259815379977226e-05
-1.997898798435926437e-03
-2.395870164036750793e-03
-8.559190668165683746e-03
-3.948626574128866196e-03
-2.627298235893249512e-03
-6.311192642897367477e-03
-1.817022217437624931e-03
-6.710771471261978149e-03
-7.840523496270179749e-03
-1.224003266543149948e-02
-1.162759494036436081e-02
-1.117319054901599884e-02
-1.328166015446186066e-02
-1.020750589668750763e-02
-2.355625387281179428e-03
-8.409000933170318604e-03
-7.749822456389665604e-03
-4.332090727984905243e-03
-6.556450389325618744e-03
-3.042316529899835587e-03
-8.355330675840377808e-03
-5.634345114231109619e-03
-7.375828456133604050e-03
-6.537796929478645325e-03
-7.170080672949552536e-03
5.626439582556486130e-03
9.205618989653885365e-04
1.017244160175323486e-02
7.624202407896518707e-03
1.093675568699836731e-02
9.464206174015998840e-03
1.190321054309606552e-02
1.294199936091899872e-02
1.123199891299009323e-02
1.737618818879127502e-02
1.098084636032581329e-02
1.980670541524887085e-02
1.075256057083606720e-02
2.500158548355102539e-02
2.642695605754852295e-02
3.445701301097869873e-02
2.938410267233848572e-02
3.161512315273284912e-02
2.696258388459682465e-02
2.167775109410285950e-02
2.371376752853393555e-02
1.647373475134372711e-02
1.910339668393135071e-02
1.100587844848632812e-02
1.856009475886821747e-02
8.640802465379238129e-03
5.135970190167427063e-03
-2.523120492696762085e-03
-6.925858557224273682e-03
-1.562819071114063263e-02
-2.488839626312255859e-02
-2.806356921792030334e-02
-3.227747604250907898e-02
-3.494242578744888306e-02
-3.738269954919815063e-02
-3.007675893604755402e-02
-3.917106240987777710e-02
-4.062565788626670837e-02
-4.347444698214530945e-02
-4.105389863252639771e-02
-4.076529666781425476e-02
-3.555781021714210510e-02
-2.436937950551509857e-02
-2.368504740297794342e-02
-1.641297712922096252e-02
-1.804324239492416382e-02
-1.167530473321676254e-02
-1.397076621651649475e-02
-1.339934393763542175e-02
-7.581754587590694427e-03
-3.868015017360448837e-03
3.906100057065486908e-03
6.563144735991954803e-03
1.398654095828533173e-02
1.569985970854759216e-02
1.498741935938596725e-02
2.060092426836490631e-02
2.275513485074043274e-02
2.402968518435955048e-02
2.706521749496459961e-02
2.872424386441707611e-02
3.839341178536415100e-02
4.235769808292388916e-02
4.779188707470893860e-02
4.929464310407638550e-02
5.166450887918472290e-02
5.214186385273933411e-02
6.683244556188583374e-02
6.697939336299896240e-02
6.837205588817596436e-02
7.399519532918930054e-02
6.819237768650054932e-02
6.624883413314819336e-02
4.584077745676040649e-02
3.530702367424964905e-02
1.732706651091575623e-02
3.173551056534051895e-03
-1.628115773200988770e-02
-1.909703388810157776e-02
-3.822854906320571899e-02
-4.728593304753303528e-02
-6.781453639268875122e-02
-9.067182242870330811e-02
-9.930722415447235107e-02
-1.301325261592864990e-01
-1.330520212650299072e-01
-1.465020179748535156e-01
-1.428749561309814453e-01
-1.423864513635635376e-01
-1.348707526922225952e-01
-1.265280693769454956e-01
-1.081432849168777466e-01
-9.880730509757995605e-02
-7.451934367418289185e-02
-4.959097504615783691e-02
-3.546163439750671387e-02
-5.942154675722122192e-04
1.809450797736644745e-02
5.775993317365646362e-02
8.578266203403472900e-02
1.170051544904708862e-01
1.437307149171829224e-01
1.637100279331207275e-01
1.721645295619964600e-01
1.778891384601593018e-01
1.747097671031951904e-01
1.714805662631988525e-01
1.646636724472045898e-01
1.559622436761856079e-01
1.484119594097137451e-01
1.269190311431884766e-01
1.139157488942146301e-01
8.876256644725799561e-02
7.300344854593276978e-02
4.943528771400451660e-02
3.372902423143386841e-02
1.385738141834735870e-02
-4.302915185689926147e-03
-1.933754980564117432e-02
-3.303281217813491821e-02
-4.777899757027626038e-02
-6.667029857635498047e-02
-8.069707453250885010e-02
-1.027318686246871948e-01
-1.183346360921859741e-01
-1.348830759525299072e-01
-1.449190825223922729e-01
-1.610291004180908203e-01
-1.643853038549423218e-01
-1.768820583820343018e-01
-1.803794205188751221e-01
-1.973057091236114502e-01
-2.005648910999298096e-01
-1.767008304595947266e-01
-1.601257473230361938e-01
-1.251705884933471680e-01
-1.002556532621383667e-01
-5.682488903403282166e-02
-2.492714300751686096e-02
7.900940254330635071e-03
3.917756676673889160e-02
5.477686226367950439e-02
7.305791974067687988e-02
9.724074602127075195e-02
1.295201778411865234e-01
1.605364084243774414e-01
1.809470504522323608e-01
1.987600922584533691e-01
2.121486961841583252e-01
2.094418406486511230e-01
2.021286785602569580e-01
1.784676909446716309e-01
1.511044204235076904e-01
1.240177601575851440e-01
1.076274365186691284e-01
9.970644116401672363e-02
8.728358149528503418e-02
7.316533476114273071e-02
5.468102917075157166e-02
4.086609184741973877e-02
1.576152630150318146e-02
-9.893969632685184479e-03
-3.480211272835731506e-02
-6.077088415622711182e-02
-7.153542339801788330e-02
-7.454857975244522095e-02
-6.868143379688262939e-02
-7.421936094760894775e-02
-7.604888826608657837e-02
-7.134312391281127930e-02
-7.571986317634582520e-02
-8.259957283735275269e-02
-9.770625829696655273e-02
-1.124314218759536743e-01
-1.211525127291679382e-01
-1.320079267024993896e-01
-1.283499002456665039e-01
-1.382436156272888184e-01
-1.481303274631500244e-01
-1.580536663532257080e-01
-1.654031574726104736e-01
-1.526588201522827148e-01
-1.336835175752639771e-01
-1.025678515434265137e-01
-7.315400987863540649e-02
-3.496121615171432495e-02
4.715667571872472763e-03
3.355677425861358643e-02
5.695991218090057373e-02
7.672088593244552612e-02
8.518997579813003540e-02
1.003025770187377930e-01
1.159480512142181396e-01
1.417731493711471558e-01
1.543575525283813477e-01
1.653024405241012573e-01
1.725072711706161499e-01
1.685263812541961670e-01
1.558672189712524414e-01
1.305216848850250244e-01
1.096703633666038513e-01
8.389402925968170166e-02
6.393043696880340576e-02
5.536124110221862793e-02
4.898975044488906860e-02
3.848603740334510803e-02
3.335132449865341187e-02
1.820566877722740173e-02
5.404576659202575684e-03
-1.827068999409675598e-02
-3.153589367866516113e-02
-4.414493590593338013e-02
-5.051853507757186890e-02
-4.805150255560874939e-02
-3.889363259077072144e-02
-3.293619677424430847e-02
-3.397355973720550537e-02
-3.095338679850101471e-02
-3.965482860803604126e-02
-4.756145179271697998e-02
-6.225242465734481812e-02
-7.450336217880249023e-02
-8.707284927368164062e-02
-9.942708909511566162e-02
-1.119418293237686157e-01
-1.190878003835678101e-01
-1.410813629627227783e-01
-1.592158228158950806e-01
-1.957571357488632202e-01
-2.034224420785903931e-01
-1.794953644275665283e-01
-1.510367542505264282e-01
-1.131717562675476074e-01
-8.368662744760513306e-02
-2.581452205777168274e-02
1.622613333165645599e-02
4.602450132369995117e-02
6.961284577846527100e-02
8.874337375164031982e-02
9.796163439750671387e-02
1.131273582577705383e-01
1.473950445652008057e-01
1.816409528255462646e-01
1.936303973197937012e-01
1.967154741287231445e-01
2.002059072256088257e-01
1.888633370399475098e-01
1.609530597925186157e-01
1.229012832045555115e-01
9.184677898883819580e-02
6.264315545558929443e-02
4.667411744594573975e-02
4.298058152198791504e-02
3.365225344896316528e-02
1.627166569232940674e-02
2.807949203997850418e-03
-7.633230648934841156e-03
-2.083313651382923126e-02
-4.693621397018432617e-02
-5.964478105306625366e-02
-6.148149073123931885e-02
-5.877044424414634705e-02
-4.734229296445846558e-02
-3.060623258352279663e-02
-2.585214376449584961e-02
-3.063849918544292450e-02
-2.952360175549983978e-02
-3.244852274656295776e-02
-4.041899740695953369e-02
-6.019506976008415222e-02
-7.115932554006576538e-02
-7.141251116991043091e-02
-8.434055745601654053e-02
-9.619395434856414795e-02
-1.163893267512321472e-01
-1.448759287595748901e-01
-1.801906526088714600e-01
-2.215235680341720581e-01
-2.044648677110671997e-01
-1.761134117841720581e-01
-1.460164785385131836e-01
-1.066488921642303467e-01
-5.291699618101119995e-02
1.150619424879550934e-02
4.153525829315185547e-02
6.824793666601181030e-02
9.213383495807647705e-02
9.969786554574966431e-02
1.057581007480621338e-01
1.300710886716842651e-01
1.736182123422622681e-01
2.040026485919952393e-01
2.127266228199005127e-01
2.296379804611206055e-01
2.252632081508636475e-01
1.975583136081695557e-01
1.504635661840438843e-01
1.081235855817794800e-01
7.598856836557388306e-02
4.044749960303306580e-02
2.804311737418174744e-02
2.666465751826763153e-02
2.362848445773124695e-02
1.059777289628982544e-02
-4.736715927720069885e-03
-1.533494889736175537e-02
-3.708907216787338257e-02
-6.244277209043502808e-02
-7.233513891696929932e-02
-7.027330249547958374e-02
-6.347559392452239990e-02
-5.042058229446411133e-02
-2.598701976239681244e-02
-1.282270811498165131e-02
-1.122063305228948593e-02
-1.652358472347259521e-02
-2.718155086040496826e-02
-4.500729590654373169e-02
-6.405765563249588013e-02
-7.177907228469848633e-02
-7.821847498416900635e-02
-9.606765210628509521e-02
-1.062323600053787231e-01
-1.290256679058074951e-01
-1.581601798534393311e-01
-2.111660540103912354e-01
-2.422611117362976074e-01
-2.071470320224761963e-01
-1.801236867904663086e-01
-1.407759785652160645e-01
-9.645581245422363281e-02
-1.700326055288314819e-02
4.021101444959640503e-02
6.625756621360778809e-02
1.009771972894668579e-01
1.197873279452323914e-01
1.240231543779373169e-01
1.243327781558036804e-01
1.582834422588348389e-01
2.100328505039215088e-01
2.286511510610580444e-01
2.353214025497436523e-01
2.496054619550704956e-01
2.370332181453704834e-01
1.976910978555679321e-01
1.348462849855422974e-01
9.553432464599609375e-02
4.868898540735244751e-02
8.195897564291954041e-03
2.012613229453563690e-03
2.068990143015980721e-03
-2.883498091250658035e-03
-1.905350387096405029e-02
-2.458073012530803680e-02
-3.047314286231994629e-02
-5.738667771220207214e-02
-7.997744530439376831e-02
-8.415924757719039917e-02
-7.338280975818634033e-02
-5.852368101477622986e-02
-3.719101846218109131e-02
-3.925312776118516922e-03
5.309953819960355759e-03
9.521717205643653870e-03
4.850315861403942108e-03
-1.730622723698616028e-03
-2.727295830845832825e-02
-5.576326698064804077e-02
-6.449176371097564697e-02
-7.465888559818267822e-02
-9.207510948181152344e-02
-1.129978001117706299e-01
-1.416239887475967407e-01
-1.778195947408676147e-01
-2.369614392518997192e-01
-2.691223919391632080e-01
-2.276892364025115967e-01
-1.918875873088836670e-01
-1.486335694789886475e-01
-1.011819168925285339e-01
-1.894626766443252563e-02
4.756737127900123596e-02
7.664699107408523560e-02
1.180410608649253845e-01
1.301981508731842041e-01
1.325754523277282715e-01
1.376741975545883179e-01
1.738944053649902344e-01
2.311329245567321777e-01
2.508633136749267578e-01
2.581296563148498535e-01
2.679845690727233887e-01
2.527958750724792480e-01
2.066997885704040527e-01
1.357466280460357666e-01
8.421697467565536499e-02
3.508185595273971558e-02
-1.091789454221725464e-02
-2.201505750417709351e-02
-1.979092694818973541e-02
-2.211039327085018158e-02
-3.442234545946121216e-02
-3.735961019992828369e-02
-4.161824285984039307e-02
-6.535747647285461426e-02
-9.272170066833496094e-02
-9.293138980865478516e-02
-7.469478249549865723e-02
-5.333327129483222961e-02
-2.797259017825126648e-02
1.056956592947244644e-02
3.304382786154747009e-02
3.495551645755767822e-02
3.126610070466995239e-02
1.753978803753852844e-02
-5.159359425306320190e-03
-4.326856136322021484e-02
-6.055343896150588989e-02
-7.373969256877899170e-02
-9.767802059650421143e-02
-1.206255555152893066e-01
-1.611337959766387939e-01
-1.979878395795822144e-01
-2.567009329795837402e-01
-2.951601445674896240e-01
-2.560358047485351562e-01
-2.173376083374023438e-01
-1.686441302299499512e-01
-1.111440137028694153e-01
-2.199487015604972839e-02
5.354019254446029663e-02
8.563224226236343384e-02
1.292494535446166992e-01
1.498550772666931152e-01
1.518915295600891113e-01
1.567536890506744385e-01
1.907157897949218750e-01
2.409950494766235352e-01
2.592179179191589355e-01
2.630158066749572754e-01
2.739700376987457275e-01
2.584100961685180664e-01
2.053666114807128906e-01
1.303971707820892334e-01
7.770690321922302246e-02
2.714324370026588440e-02
-2.690123021602630615e-02
-5.005861818790435791e-02
-5.024996399879455566e-02
-4.321819543838500977e-02
-5.047875642776489258e-02
-5.053237825632095337e-02
-4.551406204700469971e-02
-5.797305703163146973e-02
-7.862156629562377930e-02
-8.275453746318817139e-02
-6.463175266981124878e-02
-4.194142669439315796e-02
-2.413584291934967041e-02
1.015336997807025909e-02
4.166135191917419434e-02
5.410921573638916016e-02
5.186770856380462646e-02
3.634602203965187073e-02
1.406134758144617081e-02
-2.465281076729297638e-02
-5.528480559587478638e-02
-8.161962777376174927e-02
-1.142700091004371643e-01
-1.454772055149078369e-01
-1.845904141664505005e-01
-2.236090302467346191e-01
-2.775067687034606934e-01
-3.219984471797943115e-01
-2.903553247451782227e-01
-2.357078790664672852e-01
-1.803494393825531006e-01
-1.219756081700325012e-01
-3.823123127222061157e-02
5.317487567663192749e-02
1.013232171535491943e-01
1.434344798326492310e-01
1.701719462871551514e-01
1.789032816886901855e-01
1.853565275669097900e-01
2.095668911933898926e-01
2.594672143459320068e-01
2.826827168464660645e-01
2.768101096153259277e-01
2.752167880535125732e-01
2.623835802078247070e-01
2.196395397186279297e-01
1.420145779848098755e-01
7.390885800123214722e-02
1.884930022060871124e-02
-3.899300843477249146e-02
-7.010032981634140015e-02
-7.352676987648010254e-02
-6.472205370664596558e-02
-6.680566072463989258e-02
-7.098630070686340332e-02
-6.212459504604339600e-02
-6.238981336355209351e-02
-7.876945286989212036e-02
-8.745205402374267578e-02
-7.251535356044769287e-02
-4.541724547743797302e-02
-2.286010794341564178e-02
6.458548828959465027e-03
4.597105085849761963e-02
6.715332716703414917e-02
6.815277785062789917e-02
5.600400269031524658e-02
3.597969561815261841e-02
6.472598761320114136e-05
-4.437447339296340942e-02
-7.761481404304504395e-02
-1.166459470987319946e-01
-1.526964455842971802e-01
-1.991499066352844238e-01
-2.419099360704421997e-01
-2.866604328155517578e-01
-3.330767452716827393e-01
-3.093340992927551270e-01
-2.572812438011169434e-01
-1.955716907978057861e-01
-1.361892223358154297e-01
-5.630981177091598511e-02
4.117139428853988647e-02
9.733194112777709961e-02
1.435447186231613159e-01
1.707848906517028809e-01
1.893077492713928223e-01
1.994735300540924072e-01
2.155590504407882690e-01
2.557424306869506836e-01
2.821111381053924561e-01
2.861185669898986816e-01
2.770510911941528320e-01
2.611088156700134277e-01
2.205386757850646973e-01
1.490929126739501953e-01
7.511232048273086548e-02
1.394654624164104462e-02
-4.200107976794242859e-02
-7.931430637836456299e-02
-8.931774646043777466e-02
-8.294696360826492310e-02
-7.602825760841369629e-02
-7.465372979640960693e-02
-6.433857232332229614e-02
-5.827198177576065063e-02
-6.440939009189605713e-02
-7.408497482538223267e-02
-7.061018049716949463e-02
-4.587406665086746216e-02
-2.471723966300487518e-02
5.089422222226858139e-03
4.132850468158721924e-02
6.836345791816711426e-02
7.889663428068161011e-02
6.776145845651626587e-02
5.407473444938659668e-02
2.210559695959091187e-02
-2.512742951512336731e-02
-6.735147535800933838e-02
-1.110757663846015930e-01
-1.560936719179153442e-01
-2.032061815261840820e-01
-2.497763186693191528e-01
-2.860779166221618652e-01
-3.384629786014556885e-01
-3.386407196521759033e-01
-2.730243504047393799e-01
-2.070843279361724854e-01
-1.445088982582092285e-01
-8.232282102108001709e-02
1.634740829467773438e-02
9.356062114238739014e-02
1.372398436069488525e-01
1.751446425914764404e-01
1.942242980003356934e-01
2.067608982324600220e-01
2.132607847452163696e-01
2.475927174091339111e-01
2.825703322887420654e-01
2.852414846420288086e-01
2.683896720409393311e-01
2.571248412132263184e-01
2.363136559724807739e-01
1.753828525543212891e-01
9.596794098615646362e-02
2.928738296031951904e-02
-1.770344749093055725e-02
-6.723690032958984375e-02
-9.149201214313507080e-02
-9.231680631637573242e-02
-8.333002030849456787e-02
-7.984782755374908447e-02
-7.486312091350555420e-02
-5.327857285737991333e-02
-5.151408538222312927e-02
-6.532499939203262329e-02
-7.224707305431365967e-02
-4.920596629381179810e-02
-2.233963832259178162e-02
-6.275061517953872681e-03
2.345236949622631073e-02
5.656738579273223877e-02
8.130387216806411743e-02
7.895217835903167725e-02
6.548155844211578369e-02
4.850203543901443481e-02
5.103201605379581451e-03
-4.241852834820747375e-02
-9.303984045982360840e-02
-1.450317949056625366e-01
-1.960918307304382324e-01
-2.574207782745361328e-01
-2.941592931747436523e-01
-3.406111896038055420e-01
-3.585279285907745361e-01
-3.044672906398773193e-01
-2.293836027383804321e-01
-1.571162343025207520e-01
-9.506214410066604614e-02
-1.843120902776718140e-03
9.056424349546432495e-02
1.382036358118057251e-01
1.693926006555557251e-01
1.893170773983001709e-01
2.031190544366836548e-01
2.126322984695434570e-01
2.328928560018539429e-01
2.717359960079193115e-01
2.853446900844573975e-01
2.756746113300323486e-01
2.618086636066436768e-01
2.452307939529418945e-01
2.029336690902709961e-01
1.222459822893142700e-01
4.411598294973373413e-02
-1.186712272465229034e-02
-5.719834566116333008e-02
-8.391425013542175293e-02
-9.642534703016281128e-02
-9.177310764789581299e-02
-8.212868869304656982e-02
-7.020692527294158936e-02
-4.988943785429000854e-02
-4.084581881761550903e-02
-4.827214404940605164e-02
-6.172051280736923218e-02
-5.106195807456970215e-02
-2.515321783721446991e-02
-5.815261043608188629e-03
1.650363206863403320e-02
4.416050761938095093e-02
7.430601119995117188e-02
8.964081108570098877e-02
8.177193254232406616e-02
6.620780378580093384e-02
2.803372777998447418e-02
-1.583828777074813843e-02
-6.756220012903213501e-02
-1.260730624198913574e-01
-1.816324442625045776e-01
-2.426974624395370483e-01
-2.880676388740539551e-01
-3.285257220268249512e-01
-3.681198954582214355e-01
-3.458127975463867188e-01
-2.747220396995544434e-01
-1.962816566228866577e-01
-1.226828023791313171e-01
-4.588989168405532837e-02
5.813643336296081543e-02
1.271933913230895996e-01
1.694398522377014160e-01
1.927902251482009888e-01
2.015023529529571533e-01
2.114581167697906494e-01
2.226799428462982178e-01
2.538955211639404297e-01
2.779201865196228027e-01
2.723920941352844238e-01
2.617622911930084229e-01
2.555339038372039795e-01
2.324561029672622681e-01
1.671914905309677124e-01
8.079626411199569702e-02
1.959427073597908020e-02
-3.007414191961288452e-02
-6.892243027687072754e-02
-9.289648383855819702e-02
-9.869364649057388306e-02
-8.754143863916397095e-02
-7.534363865852355957e-02
-5.903242900967597961e-02
-4.123465344309806824e-02
-3.972154855728149414e-02
-5.167476087808609009e-02
-5.191105231642723083e-02
-2.874096482992172241e-02
-6.185056641697883606e-03
1.065329648554325104e-02
3.186113759875297546e-02
6.332424283027648926e-02
8.588470518589019775e-02
8.658951520919799805e-02
7.279296964406967163e-02
4.639305919408798218e-02
7.204024586826562881e-03
-4.382776841521263123e-02
-9.900236874818801880e-02
-1.583391129970550537e-01
-2.162838727235794067e-01
-2.744602262973785400e-01
-3.183566629886627197e-01
-3.622749149799346924e-01
-3.737326264381408691e-01
-3.176785111427307129e-01
-2.391350120306015015e-01
-1.574039310216903687e-01
-8.574395626783370972e-02
5.988627672195434570e-03
1.017016023397445679e-01
1.616588830947875977e-01
1.928450018167495728e-01
2.026362419128417969e-01
2.128928005695343018e-01
2.248240113258361816e-01
2.427278161048889160e-01
2.701462805271148682e-01
2.812377214431762695e-01
2.673461437225341797e-01
2.535434961318969727e-01
2.426161319017410278e-01
2.034427821636199951e-01
1.238231882452964783e-01
3.589940071105957031e-02
-1.872392371296882629e-02
-5.569145083427429199e-02
-8.318617939949035645e-02
-1.012098044157028198e-01
-1.040466874837875366e-01
-8.335046470165252686e-02
-6.661769747734069824e-02
-4.707815498113632202e-02
-4.009705036878585815e-02
-5.023232847452163696e-02
-5.527301505208015442e-02
-4.494218900799751282e-02
-1.983565092086791992e-02
-2.587972441688179970e-03
1.305199228227138519e-02
4.408195987343788147e-02
7.608529180288314819e-02
9.498658776283264160e-02
8.831307291984558105e-02
7.078524678945541382e-02
3.667943179607391357e-02
-1.352953817695379257e-02
-6.656020879745483398e-02
-1.305342316627502441e-01
-1.890234351158142090e-01
-2.530167698860168457e-01
-3.006815016269683838e-01
-3.416480720043182373e-01
-3.757392764091491699e-01
-3.498772382736206055e-01
-2.828052639961242676e-01
-1.970068514347076416e-01
-1.248763501644134521e-01
-4.944323748350143433e-02
4.711825773119926453e-02
1.269706338644027710e-01
1.781948506832122803e-01
1.947408914566040039e-01
2.006261348724365234e-01
2.117030322551727295e-01
2.257216721773147583e-01
2.458588778972625732e-01
2.598274946212768555e-01
2.615300118923187256e-01
2.549230158329010010e-01
2.474600672721862793e-01
2.230239510536193848e-01
1.688834428787231445e-01
9.370852261781692505e-02
2.637459523975849152e-02
-2.721676230430603027e-02
-6.803368031978607178e-02
-8.902519941329956055e-02
-1.028184294700622559e-01
-9.807947278022766113e-02
-8.309320360422134399e-02
-6.149167940020561218e-02
-4.170708730816841125e-02
-4.194378852844238281e-02
-4.057088866829872131e-02
-3.477177023887634277e-02
-1.974549144506454468e-02
-4.624559078365564346e-03
8.228339254856109619e-03
3.219784051179885864e-02
5.742328241467475891e-02
7.979457825422286987e-02
8.202630281448364258e-02
7.510551810264587402e-02
5.051192641258239746e-02
1.466335449367761612e-02
-3.415980190038681030e-02
-9.216979146003723145e-02
-1.554662436246871948e-01
-2.178065031766891479e-01
-2.713146805763244629e-01
-3.160620629787445068e-01
-3.626510202884674072e-01
-3.772779107093811035e-01
-3.257899284362792969e-01
-2.461986690759658813e-01
-1.640234291553497314e-01
-9.844873845577239990e-02
-6.802493706345558167e-03
8.935506641864776611e-02
1.543493419885635376e-01
1.829523593187332153e-01
1.872289180755615234e-01
1.985085308551788330e-01
2.105320096015930176e-01
2.225956469774246216e-01
2.398675382137298584e-01
2.502077817916870117e-01
2.556884288787841797e-01
2.517379820346832275e-01
2.419903725385665894e-01
2.069621086120605469e-01
1.419340968132019043e-01
7.224392145872116089e-02
1.423993520438671112e-02
-3.160005435347557068e-02
-7.063329219818115234e-02
-9.422596544027328491e-02
-9.764230251312255859e-02
-8.383575081825256348e-02
-7.095546275377273560e-02
-5.406490713357925415e-02
-4.275871813297271729e-02
-3.617575019598007202e-02
-3.256181254982948303e-02
-2.420519478619098663e-02
-9.048193693161010742e-03
6.219041533768177032e-03
2.210640162229537964e-02
4.609885439276695251e-02
6.801725178956985474e-02
8.068140596151351929e-02
7.471065968275070190e-02
5.825350433588027954e-02
3.289055079221725464e-02
-8.831692859530448914e-03
-6.012927740812301636e-02
-1.241576820611953735e-01
-1.827086955308914185e-01
-2.424501776695251465e-01
-2.930271029472351074e-01
-3.404366374015808105e-01
-3.750136494636535645e-01
-3.540951609611511230e-01
-2.846052646636962891e-01
-2.012266516685485840e-01
-1.331882476806640625e-01
-6.222109496593475342e-02
3.483105450868606567e-02
1.159112453460693359e-01
1.588820219039916992e-01
1.687321811914443970e-01
1.752257943153381348e-01
1.936324536800384521e-01
2.121081948280334473e-01
2.329224646091461182e-01
2.462786436080932617e-01
2.551238536834716797e-01
2.564099431037902832e-01
2.526260614395141602e-01
2.287516593933105469e-01
1.768226027488708496e-01
1.040508821606636047e-01
3.724285960197448730e-02
-1.019990816712379456e-02
-5.216667428612709045e-02
-8.026391267776489258e-02
-9.838756173849105835e-02
-8.675386011600494385e-02
-6.884489953517913818e-02
-5.520392209291458130e-02
-3.851014003157615662e-02
-3.807197138667106628e-02
-3.081258013844490051e-02
-3.060655295848846436e-02
-2.030616626143455505e-02
-4.827774129807949066e-03
4.402727354317903519e-03
2.903675474226474762e-02
5.068634450435638428e-02
7.282417267560958862e-02
7.894922792911529541e-02
6.552350521087646484e-02
4.909698292613029480e-02
1.610444113612174988e-02
-2.793359197676181793e-02
-8.442658185958862305e-02
-1.477890610694885254e-01
-2.024116665124893188e-01
-2.580477297306060791e-01
-3.014086186885833740e-01
-3.447398543357849121e-01
-3.621319532394409180e-01
-3.190230429172515869e-01
-2.401185631752014160e-01
-1.565982848405838013e-01
-9.735742956399917603e-02
-2.212364226579666138e-02
6.387050449848175049e-02
1.281639337539672852e-01
1.613873392343521118e-01
1.660584509372711182e-01
1.744947135448455811e-01
1.865020096302032471e-01
2.132443636655807495e-01
2.396266758441925049e-01
2.504886090755462646e-01
2.525462210178375244e-01
2.472454905509948730e-01
2.408616691827774048e-01
2.076319605112075806e-01
1.515718400478363037e-01
7.947153598070144653e-02
1.947441883385181427e-02
-2.475311607122421265e-02
-6.114576011896133423e-02
-8.097254484891891479e-02
-9.156336635351181030e-02
-7.817181944847106934e-02
-6.610271334648132324e-02
-4.397922754287719727e-02
-3.012592345476150513e-02
-2.702214010059833527e-02
-2.156696468591690063e-02
-1.274800579994916916e-02
6.296245381236076355e-03
1.295281387865543365e-02
2.211416885256767273e-02
3.839883580803871155e-02
6.147503852844238281e-02
7.603521645069122314e-02
7.122971117496490479e-02
5.548259615898132324e-02
3.374976292252540588e-02
-5.379999056458473206e-04
-4.872341826558113098e-02
-1.113088801503181458e-01
-1.708439290523529053e-01
-2.271599769592285156e-01
-2.783211469650268555e-01
-3.209325671195983887e-01
-3.572229444980621338e-01
-3.412176966667175293e-01
-2.813326716423034668e-01
-1.983784735202789307e-01
-1.314496248960494995e-01
-7.250677794218063354e-02
1.295644976198673248e-02
8.578597754240036011e-02
1.356810331344604492e-01
1.507748961448669434e-01
1.581377983093261719e-01
1.733644902706146240e-01
1.918811947107315063e-01
2.216926217079162598e-01
2.400939911603927612e-01
2.484490275382995605e-01
2.463898956775665283e-01
2.414177656173706055e-01
2.251183241605758667e-01
1.853844225406646729e-01
1.192258894443511963e-01
5.086356401443481445e-02
2.560670487582683563e-03
-3.039933741092681885e-02
-5.657583102583885193e-02
-7.961120456457138062e-02
-8.117847889661788940e-02
-6.798829883337020874e-02
-4.826745763421058655e-02
-3.086150065064430237e-02
-2.601318433880805969e-02
-2.588971517980098724e-02
-2.456096932291984558e-02
-1.113027893006801605e-02
6.747231818735599518e-03
1.573323458433151245e-02
2.984331548213958740e-02
4.639187082648277283e-02
7.072568684816360474e-02
7.943501323461532593e-02
7.296706736087799072e-02
5.411894246935844421e-02
2.430975809693336487e-02
-1.695991307497024536e-02
-6.694608926773071289e-02
-1.261510699987411499e-01
-1.859404891729354858e-01
-2.360347807407379150e-01
-2.807947397232055664e-01
-3.169411718845367432e-01
-3.565024733543395996e-01
-3.386031389236450195e-01
-2.764338850975036621e-01
-1.953560113906860352e-01
-1.358934193849563599e-01
-7.733069360256195068e-02
1.405473612248897552e-02
9.192086011171340942e-02
1.405706405639648438e-01
1.501491665840148926e-01
1.632244437932968140e-01
1.774584501981735229e-01
1.943289935588836670e-01
2.170445919036865234e-01
2.337690740823745728e-01
2.450071573257446289e-01
2.382016479969024658e-01
2.351329624652862549e-01
2.196586579084396362e-01
1.797811239957809448e-01
1.153224706649780273e-01
5.242840200662612915e-02
1.022349018603563309e-02
-2.873766794800758362e-02
-5.989379808306694031e-02
-8.205128461122512817e-02
-7.703658938407897949e-02
-6.829147785902023315e-02
-5.351611971855163574e-02
-3.841100633144378662e-02
-2.603908255696296692e-02
-1.841876842081546783e-02
-1.759146898984909058e-02
-4.526316188275814056e-03
1.216063089668750763e-02
2.410700730979442596e-02
3.361945599317550659e-02
4.797544330358505249e-02
6.650890409946441650e-02
7.591670751571655273e-02
6.686179339885711670e-02
5.272657424211502075e-02
2.675991132855415344e-02
-9.238121099770069122e-03
-5.564718693494796753e-02
-1.121105179190635681e-01
-1.695582866668701172e-01
-2.248686403036117554e-01
-2.697190344333648682e-01
-3.076504766941070557e-01
-3.467094302177429199e-01
-3.470867276191711426e-01
-2.936743199825286865e-01
-2.116954922676086426e-01
-1.424529701471328735e-01
-8.670725673437118530e-02
-8.543132804334163666e-03
7.306066155433654785e-02
1.272592842578887939e-01
1.500871032476425171e-01
1.598642468452453613e-01
1.741718649864196777e-01
1.852350085973739624e-01
2.053879201412200928e-01
2.269936501979827881e-01
2.417871952056884766e-01
2.398205399513244629e-01
2.306729704141616821e-01
2.226227968931198120e-01
1.874849498271942139e-01
1.332873702049255371e-01
6.202787160873413086e-02
1.482378784567117691e-02
-2.464296296238899231e-02
-5.154863744974136353e-02
-7.380247116088867188e-02
-8.032201975584030151e-02
-7.030797004699707031e-02
-5.954142287373542786e-02
-4.128985106945037842e-02
-3.130473569035530090e-02
-2.050121314823627472e-02
-1.822421327233314514e-02
-9.072752669453620911e-03
1.052951626479625702e-02
2.806580811738967896e-02
3.957739472389221191e-02
5.531336739659309387e-02
7.047790288925170898e-02
8.468862622976303101e-02
7.445198297500610352e-02
6.120677292346954346e-02
3.679831698536872864e-02
-8.539762347936630249e-06
-4.852941632270812988e-02
-9.999258816242218018e-02
-1.523118317127227783e-01
-2.088019549846649170e-01
-2.570111751556396484e-01
-2.979861795902252197e-01
-3.310032188892364502e-01
-3.607579469680786133e-01
-3.342885971069335938e-01
-2.669771313667297363e-01
-1.791835725307464600e-01
-1.130399852991104126e-01
-4.821985587477684021e-02
3.671536967158317566e-02
1.121895164251327515e-01
1.596909463405609131e-01
1.691087335348129272e-01
1.765082180500030518e-01
1.873362064361572266e-01
2.040643692016601562e-01
2.198294103145599365e-01
2.351428121328353882e-01
2.445041537284851074e-01
2.414522469043731689e-01
2.309636175632476807e-01
2.030243277549743652e-01
1.585141867399215698e-01
9.277403354644775391e-02
2.917137742042541504e-02
-1.450370531529188156e-02
-4.553625360131263733e-02
-6.439242511987686157e-02
-8.250888437032699585e-02
-7.899919152259826660e-02
-6.452956795692443848e-02
-4.534112662076950073e-02
-3.289260715246200562e-02
-2.988237887620925903e-02
-2.443510666489601135e-02
-1.828892901539802551e-02
-2.318982034921646118e-03
1.509849075227975845e-02
3.319667279720306396e-02
5.005546286702156067e-02
6.858891248703002930e-02
8.367354422807693481e-02
8.812774717807769775e-02
7.548985630273818970e-02
5.369451269507408142e-02
2.243691310286521912e-02
-1.735455915331840515e-02
-6.486590206623077393e-02
-1.137118786573410034e-01
-1.672478020191192627e-01
-2.154378890991210938e-01
-2.600234746932983398e-01
-2.954778671264648438e-01
-3.310188353061676025e-01
-3.544893264770507812e-01
-3.224676847457885742e-01
-2.574897110462188721e-01
-1.750964671373367310e-01
-1.143223419785499573e-01
-3.845283016562461853e-02
5.339811742305755615e-02
1.233211755752563477e-01
1.581415981054306030e-01
1.688245236873626709e-01
1.872102171182632446e-01
2.007557749748229980e-01
2.051165699958801270e-01
2.144142687320709229e-01
2.333891391754150391e-01
2.443056553602218628e-01
2.370211035013198853e-01
2.199463993310928345e-01
1.938880681991577148e-01
1.497801542282104492e-01
8.469706028699874878e-02
2.068578265607357025e-02
-2.202442660927772522e-02
-5.644329264760017395e-02
-7.733504474163055420e-02
-9.068650007247924805e-02
-7.998000085353851318e-02
-6.465899199247360229e-02
-5.374037474393844604e-02
-4.122323915362358093e-02
-2.658276073634624481e-02
-1.360274013131856918e-02
-8.875491097569465637e-03
4.496519919484853745e-03
2.766368538141250610e-02
4.989948868751525879e-02
6.040873751044273376e-02
7.522815465927124023e-02
9.025309979915618896e-02
9.137634187936782837e-02
7.513931393623352051e-02
5.239368975162506104e-02
2.734875679016113281e-02
-1.281217206269502640e-02
-6.360125541687011719e-02
-1.094680428504943848e-01
-1.585198342800140381e-01
-2.070753872394561768e-01
-2.554374337196350098e-01
-2.912455797195434570e-01
-3.254017829895019531e-01
-3.574590682983398438e-01
-3.417346179485321045e-01
-2.813386619091033936e-01
-1.908823698759078979e-01
-1.198991239070892334e-01
-5.118107050657272339e-02
3.734717890620231628e-02
1.155540049076080322e-01
1.663558632135391235e-01
1.763728260993957520e-01
1.868058741092681885e-01
2.033029198646545410e-01
2.101388424634933472e-01
2.226135432720184326e-01
2.396131753921508789e-01
2.587079703807830811e-01
2.557839155197143555e-01
2.277476638555526733e-01
2.014755010604858398e-01
1.575484871864318848e-01
9.818319231271743774e-02
2.451530285179615021e-02
-2.460426464676856995e-02
-5.295248329639434814e-02
-7.202484458684921265e-02
-8.535327017307281494e-02
-8.222173154354095459e-02
-6.190429255366325378e-02
-5.340605229139328003e-02
-4.525278136134147644e-02
-3.976393491029739380e-02
-2.196215651929378510e-02
-1.632259786128997803e-02
-9.789873845875263214e-03
1.217335183173418045e-02
4.532492160797119141e-02
6.943029165267944336e-02
7.729770243167877197e-02
8.987811952829360962e-02
1.014129370450973511e-01
9.375610202550888062e-02
6.401830911636352539e-02
3.445791453123092651e-02
5.000118631869554520e-03
-3.655039146542549133e-02
-8.820492029190063477e-02
-1.284134835004806519e-01
-1.677189916372299194e-01
-2.137443125247955322e-01
-2.645973563194274902e-01
-3.051171004772186279e-01
-3.401646912097930908e-01
-3.677558302879333496e-01
-3.437750935554504395e-01
-2.648661136627197266e-01
-1.627531200647354126e-01
-8.661093562841415405e-02
-1.301806233823299408e-02
7.319173961877822876e-02
1.576938629150390625e-01
1.940622329711914062e-01
1.971987783908843994e-01
1.943032145500183105e-01
1.991209387779235840e-01
2.109247893095016479e-01
2.215377688407897949e-01
2.464338243007659912e-01
2.562103569507598877e-01
2.497980296611785889e-01
2.238456606864929199e-01
1.907541751861572266e-01
1.383003890514373779e-01
6.809436529874801636e-02
-6.896107457578182220e-03
-5.229837447404861450e-02
-7.830125838518142700e-02
-8.788798749446868896e-02
-9.167158603668212891e-02
-8.385709673166275024e-02
-6.246271729469299316e-02
-4.582148790359497070e-02
-3.001943603157997131e-02
-2.589531242847442627e-02
-2.265828661620616913e-02
-1.898859068751335144e-02
1.045046374201774597e-04
3.082716464996337891e-02
5.966998636722564697e-02
7.536330074071884155e-02
9.049689024686813354e-02
1.047439426183700562e-01
1.080938950181007385e-01
8.316615223884582520e-02
5.141446366906166077e-02
2.194184437394142151e-02
-8.209103718400001526e-03
-4.813757911324501038e-02
-8.988632261753082275e-02
-1.256914585828781128e-01
-1.692651063203811646e-01
-2.180211842060089111e-01
-2.622730135917663574e-01
-3.021623492240905762e-01
-3.491548299789428711e-01
-3.732662200927734375e-01
-3.411213159561157227e-01
-2.487734705209732056e-01
-1.545717418193817139e-01
-7.618479430675506592e-02
4.397433251142501831e-03
9.271731972694396973e-02
1.673029959201812744e-01
1.944218426942825317e-01
1.945706009864807129e-01
1.917837858200073242e-01
1.936618685722351074e-01
2.100606262683868408e-01
2.242951095104217529e-01
2.469458580017089844e-01
2.512930333614349365e-01
2.398512065410614014e-01
2.166094630956649780e-01
1.742329895496368408e-01
1.212141364812850952e-01
4.188414663076400757e-02
-2.095435932278633118e-02
-6.138879805803298950e-02
-7.610223442316055298e-02
-7.995167374610900879e-02
-8.387760072946548462e-02
-7.003539055585861206e-02
-5.575155466794967651e-02
-4.139032959938049316e-02
-3.380236774682998657e-02
-3.039841726422309875e-02
-2.424866706132888794e-02
-1.896684616804122925e-02
2.745587378740310669e-03
3.569935262203216553e-02
6.902500241994857788e-02
8.739924430847167969e-02
1.006161719560623169e-01
1.096645817160606384e-01
1.101817861199378967e-01
8.147580176591873169e-02
4.384428262710571289e-02
7.811674382537603378e-03
-2.109453640878200531e-02
-5.335621535778045654e-02
-9.074646234512329102e-02
-1.190701127052307129e-01
-1.616495847702026367e-01
-1.999505460262298584e-01
-2.464168816804885864e-01
-2.847885489463806152e-01
-3.400264680385589600e-01
-3.878708481788635254e-01
-3.693419694900512695e-01
-2.888382673263549805e-01
-1.795966029167175293e-01
-9.633713960647583008e-02
-1.965617947280406952e-02
7.620974630117416382e-02
1.494352370500564575e-01
1.883322596549987793e-01
1.825405806303024292e-01
1.779229491949081421e-01
1.888136714696884155e-01
2.012068778276443481e-01
2.293482422828674316e-01
2.527290582656860352e-01
2.721305191516876221e-01
2.610205113887786865e-01
2.247685194015502930e-01
1.779649853706359863e-01
1.203511506319046021e-01
5.065879970788955688e-02
-1.904070749878883362e-02
-6.318701803684234619e-02
-7.393787801265716553e-02
-7.239528000354766846e-02
-6.937159597873687744e-02
-6.334927678108215332e-02
-5.011664330959320068e-02
-4.651933908462524414e-02
-4.952251166105270386e-02
-5.083502829074859619e-02
-3.944592922925949097e-02
-2.166892774403095245e-02
-3.526236861944198608e-03
3.042655624449253082e-02
6.889247149229049683e-02
1.062188670039176941e-01
1.143789440393447876e-01
1.116496324539184570e-01
9.639018774032592773e-02
7.730823755264282227e-02
4.624656587839126587e-02
1.878701150417327881e-02
6.919899024069309235e-04
-2.273552119731903076e-02
-5.420731753110885620e-02
-9.412571787834167480e-02
-1.251541227102279663e-01
-1.772716492414474487e-01
-2.333978563547134399e-01
-2.940687239170074463e-01
-3.319131731986999512e-01
-3.752836585044860840e-01
-3.918916881084442139e-01
-3.457297682762145996e-01
-2.409938573837280273e-01
-1.273815929889678955e-01
-5.725287646055221558e-02
1.370253972709178925e-02
8.298046886920928955e-02
1.443948894739151001e-01
1.648972332477569580e-01
1.695396006107330322e-01
1.874764263629913330e-01
2.084671258926391602e-01
2.338278889656066895e-01
2.594465613365173340e-01
2.830400466918945312e-01
2.882983684539794922e-01
2.522677183151245117e-01
2.023787647485733032e-01
1.435837149620056152e-01
7.892496883869171143e-02
1.249213889241218567e-02
-4.670260474085807800e-02
-6.367688626050949097e-02
-6.466348469257354736e-02
-6.270186603069305420e-02
-6.401691585779190063e-02
-6.494139134883880615e-02
-6.001078337430953979e-02
-6.900645047426223755e-02
-7.507123053073883057e-02
-6.285987794399261475e-02
-3.988484665751457214e-02
-1.260829437524080276e-02
1.653491333127021790e-02
6.014626100659370422e-02
1.052380502223968506e-01
1.204636096954345703e-01
1.136804446578025818e-01
9.643985331058502197e-02
8.370359987020492554e-02
6.100245565176010132e-02
3.513646125793457031e-02
2.077107504010200500e-02
1.465582288801670074e-02
1.990177668631076813e-03
-2.933526970446109772e-02
-6.434197723865509033e-02
-1.138803362846374512e-01
-1.837926208972930908e-01
-2.554549574851989746e-01
-3.105356395244598389e-01
-3.437151610851287842e-01
-3.895907402038574219e-01
-4.077396690845489502e-01
-3.497158885002136230e-01
-2.285223603248596191e-01
-1.063577979803085327e-01
-4.739027097821235657e-02
5.311192944645881653e-03
6.435920298099517822e-02
1.218682825565338135e-01
1.445864737033843994e-01
1.480993628501892090e-01
1.776909083127975464e-01
2.179457992315292358e-01
2.597067952156066895e-01
2.905266582965850830e-01
3.136420547962188721e-01
3.131524324417114258e-01
2.656111121177673340e-01
1.972310543060302734e-01
1.312270462512969971e-01
7.437965273857116699e-02
1.596436277031898499e-02
-4.131304472684860229e-02
-6.097969412803649902e-02
-5.844020470976829529e-02
-4.631821066141128540e-02
-5.309573933482170105e-02
-6.856632232666015625e-02
-8.237081021070480347e-02
-9.838492423295974731e-02
-9.340275824069976807e-02
-7.701566815376281738e-02
-4.377119243144989014e-02
-1.059260591864585876e-02
2.897999808192253113e-02
8.159936964511871338e-02
1.240351796150207520e-01
1.369030177593231201e-01
1.195883303880691528e-01
8.904713392257690430e-02
7.260693609714508057e-02
5.557040125131607056e-02
4.344537854194641113e-02
3.740529716014862061e-02
3.773188591003417969e-02
3.709255531430244446e-02
1.051335874944925308e-02
-2.863932773470878601e-02
-8.183608204126358032e-02
-1.531983315944671631e-01
-2.353287637233734131e-01
-3.015775084495544434e-01
-3.396270275115966797e-01
-3.677867054939270020e-01
-4.035328626632690430e-01
-3.882455527782440186e-01
-3.031106591224670410e-01
-1.751972436904907227e-01
-8.183720707893371582e-02
-3.214393556118011475e-02
1.752337440848350525e-02
7.630275189876556396e-02
1.292175203561782837e-01
1.522533297538757324e-01
1.709482371807098389e-01
2.050314694643020630e-01
2.529652714729309082e-01
3.010094463825225830e-01
3.333021998405456543e-01
3.401215076446533203e-01
3.076946735382080078e-01
2.403387725353240967e-01
1.668769270181655884e-01
1.020819097757339478e-01
4.541784152388572693e-02
-1.052457839250564575e-02
-4.832961782813072205e-02
-5.239287763833999634e-02
-4.646593332290649414e-02
-4.975008964538574219e-02
-6.766940653324127197e-02
-8.777988702058792114e-02
-1.030215397477149963e-01
-1.210394948720932007e-01
-1.116960197687149048e-01
-8.106531202793121338e-02
-2.983033657073974609e-02
1.840611360967159271e-02
6.606291979551315308e-02
1.099447309970855713e-01
1.355314552783966064e-01
1.303676664829254150e-01
1.072768941521644592e-01
8.134322613477706909e-02
6.638807803392410278e-02
5.976325273513793945e-02
5.353531241416931152e-02
5.900821089744567871e-02
6.260722130537033081e-02
5.596329271793365479e-02
1.990933716297149658e-02
-4.293688386678695679e-02
-1.150421425700187683e-01
-1.928293108940124512e-01
-2.691250145435333252e-01
-3.141917288303375244e-01
-3.475122749805450439e-01
-3.616259694099426270e-01
-3.936682343482971191e-01
-3.754799365997314453e-01
-2.903022766113281250e-01
-1.741912662982940674e-01
-8.164241909980773926e-02
-4.964114353060722351e-02
-1.714892685413360596e-03
5.911223590373992920e-02
1.249037161469459534e-01
1.692976653575897217e-01
1.977138966321945190e-01
2.435727417469024658e-01
2.821790575981140137e-01
3.187897205352783203e-01
3.462426960468292236e-01
3.380749821662902832e-01
3.018724918365478516e-01
2.161959260702133179e-01
1.530696898698806763e-01
9.610665589570999146e-02
4.896701127290725708e-02
-3.368611913174390793e-03
-5.097949504852294922e-02
-5.957250297069549561e-02
-6.815217435359954834e-02
-7.195657491683959961e-02
-9.664988517761230469e-02
-1.186625212430953979e-01
-1.344045996665954590e-01
-1.346057951450347900e-01
-1.041349172592163086e-01
-5.707070231437683105e-02
-1.045527495443820953e-02
2.834176458418369293e-02
6.333743035793304443e-02
1.103576719760894775e-01
1.398419439792633057e-01
1.407805383205413818e-01
1.175748184323310852e-01
9.312026202678680420e-02
9.118528664112091064e-02
9.196509420871734619e-02
9.364060312509536743e-02
8.688478171825408936e-02
7.252652943134307861e-02
5.257445573806762695e-02
1.621131226420402527e-02
-2.763230167329311371e-02
-9.049364924430847168e-02
-1.635825783014297485e-01
-2.381681501865386963e-01
-2.929749488830566406e-01
-3.225281834602355957e-01
-3.504766821861267090e-01
-3.818780183792114258e-01
-4.141328930854797363e-01
-3.782339096069335938e-01
-2.840435504913330078e-01
-1.628735810518264771e-01
-8.239974081516265869e-02
-3.344605118036270142e-02
3.124289214611053467e-02
9.611966460943222046e-02
1.504239141941070557e-01
1.802780628204345703e-01
2.196730077266693115e-01
2.721301317214965820e-01
3.123003244400024414e-01
3.419362604618072510e-01
3.578335642814636230e-01
3.454198837280273438e-01
2.945706844329833984e-01
2.030776590108871460e-01
1.247185468673706055e-01
6.020729616284370422e-02
1.294412743300199509e-02
-3.176181390881538391e-02
-6.354464590549468994e-02
-6.743472069501876831e-02
-7.690285891294479370e-02
-8.965025842189788818e-02
-1.166428774595260620e-01
-1.329086124897003174e-01
-1.484506130218505859e-01
-1.521381139755249023e-01
-1.142809391021728516e-01
-4.999480769038200378e-02
1.713900826871395111e-02
5.604989454150199890e-02
9.171275794506072998e-02
1.297548711299896240e-01
1.486181169748306274e-01
1.406825333833694458e-01
1.194652765989303589e-01
1.025627329945564270e-01
9.779423475265502930e-02
9.549668431282043457e-02
1.056083142757415771e-01
1.053890287876129150e-01
8.805037289857864380e-02
5.422495305538177490e-02
1.671714708209037781e-04
-5.264263972640037537e-02
-1.230421960353851318e-01
-1.804067790508270264e-01
-2.450844049453735352e-01
-2.986151874065399170e-01
-3.341442942619323730e-01
-3.610535562038421631e-01
-3.816568255424499512e-01
-4.140083193778991699e-01
-3.911883234977722168e-01
-3.023315370082855225e-01
-1.747893989086151123e-01
-7.582204788923263550e-02
-2.032293379306793213e-02
3.690762072801589966e-02
1.002810671925544739e-01
1.608712077140808105e-01
1.980807930231094360e-01
2.346839308738708496e-01
2.751899659633636475e-01
3.137769103050231934e-01
3.445882499217987061e-01
3.628062009811401367e-01
3.549768328666687012e-01
2.928761839866638184e-01
1.955428570508956909e-01
1.072507351636886597e-01
5.033877119421958923e-02
1.234937086701393127e-02
-3.194629773497581482e-02
-6.607965379953384399e-02
-7.890953123569488525e-02
-8.871923387050628662e-02
-1.011280715465545654e-01
-1.307681798934936523e-01
-1.537021100521087646e-01
-1.749219298362731934e-01
-1.729544848203659058e-01
-1.281510591506958008e-01
-5.525201186537742615e-02
1.716902107000350952e-02
6.098481267690658569e-02
9.346605837345123291e-02
1.284727305173873901e-01
1.495732367038726807e-01
1.462988853454589844e-01
1.261589080095291138e-01
1.137906163930892944e-01
1.187164410948753357e-01
1.253006458282470703e-01
1.352851688861846924e-01
1.247821524739265442e-01
9.794987738132476807e-02
5.344381183385848999e-02
3.881397657096385956e-03
-4.122681915760040283e-02
-1.008781567215919495e-01
-1.565308272838592529e-01
-2.085414826869964600e-01
-2.586312294006347656e-01
-2.944062054157257080e-01
-3.395048379898071289e-01
-3.726029098033905029e-01
-4.194417893886566162e-01
-4.364484250545501709e-01
-3.766523003578186035e-01
-2.659011185169219971e-01
-1.387813836336135864e-01
-5.431724712252616882e-02
1.889098063111305237e-02
8.999818563461303711e-02
1.369121372699737549e-01
1.706893444061279297e-01
2.074581384658813477e-01
2.619386315345764160e-01
3.154459297657012939e-01
3.424893915653228760e-01
3.673503398895263672e-01
3.682425022125244141e-01
3.314276337623596191e-01
2.435685694217681885e-01
1.465073525905609131e-01
7.401354610919952393e-02
2.556049078702926636e-02
-8.340735919773578644e-03
-4.017770662903785706e-02
-5.677088350057601929e-02
-8.306196331977844238e-02
-1.171968206763267517e-01
-1.518791019916534424e-01
-1.774326860904693604e-01
-1.831043958663940430e-01
-1.881819516420364380e-01
-1.566905826330184937e-01
-8.916759490966796875e-02
-1.177059486508369446e-02
4.728056862950325012e-02
7.106691598892211914e-02
9.841976314783096313e-02
1.196833848953247070e-01
1.322429776191711426e-01
1.368547976016998291e-01
1.446586102247238159e-01
1.602110266685485840e-01
1.697195172309875488e-01
1.619169861078262329e-01
1.495102494955062866e-01
1.189266964793205261e-01
7.653525471687316895e-02
2.413525804877281189e-02
-1.534791290760040283e-02
-4.082627221941947937e-02
-8.168387413024902344e-02
-1.336662173271179199e-01
-1.909744441509246826e-01
-2.426696717739105225e-01
-3.005844652652740479e-01
-3.527510762214660645e-01
-3.907896280288696289e-01
-4.218372702598571777e-01
-4.471428394317626953e-01
-4.070659577846527100e-01
-2.879781424999237061e-01
-1.395782530307769775e-01
-4.674819111824035645e-02
-9.569687768816947937e-03
3.053996898233890533e-02
8.693395555019378662e-02
1.543497890233993530e-01
2.057187110185623169e-01
2.552776932716369629e-01
3.011123538017272949e-01
3.467919230461120605e-01
3.792269825935363770e-01
3.853950500488281250e-01
3.449125885963439941e-01
2.622855901718139648e-01
1.685344725847244263e-01
9.458521008491516113e-02
5.730112269520759583e-02
2.682270109653472900e-02
-3.941971808671951294e-03
-4.415864869952201843e-02
-7.857877761125564575e-02
-1.187418922781944275e-01
-1.597501933574676514e-01
-1.960398852825164795e-01
-2.135531902313232422e-01
-2.039650082588195801e-01
-1.757020354270935059e-01
-1.093379035592079163e-01
-3.757322952151298523e-02
2.676892839372158051e-02
5.193518847227096558e-02
5.845235288143157959e-02
8.654852211475372314e-02
1.209570094943046570e-01
1.547122001647949219e-01
1.669206172227859497e-01
1.768577992916107178e-01
1.925464719533920288e-01
1.946543455123901367e-01
1.795106232166290283e-01
1.458690911531448364e-01
9.446941316127777100e-02
4.838003218173980713e-02
1.135631743818521500e-02
-8.419760502874851227e-03
-2.688977867364883423e-02
-6.838174164295196533e-02
-1.227915138006210327e-01
-1.926216185092926025e-01
-2.536229193210601807e-01
-3.105774521827697754e-01
-3.547466993331909180e-01
-3.974815607070922852e-01
-4.291590452194213867e-01
-4.501414000988006592e-01
-4.121416807174682617e-01
-2.991670966148376465e-01
-1.587710678577423096e-01
-5.472304299473762512e-02
-2.163249254226684570e-02
1.899587921798229218e-02
8.209688216447830200e-02
1.617809087038040161e-01
2.201104760169982910e-01
2.706310153007507324e-01
3.179762959480285645e-01
3.596930801868438721e-01
3.795374631881713867e-01
3.808806538581848145e-01
3.479583263397216797e-01
2.747025489807128906e-01
1.864448040723800659e-01
1.111545339226722717e-01
7.648810744285583496e-02
4.460123553872108459e-02
9.321397170424461365e-03
-4.223517701029777527e-02
-8.207288384437561035e-02
-1.237893551588058472e-01
-1.672902703285217285e-01
-2.025384008884429932e-01
-2.190806418657302856e-01
-2.040530592203140259e-01
-1.749658137559890747e-01
-1.213659793138504028e-01
-5.582384765148162842e-02
-7.025351747870445251e-03
1.884646341204643250e-02
3.034966439008712769e-02
6.538496166467666626e-02
1.193521916866302490e-01
1.585349738597869873e-01
1.844858229160308838e-01
1.908290386199951172e-01
2.047107070684432983e-01
2.016515433788299561e-01
1.839233040809631348e-01
1.520140469074249268e-01
1.133521944284439087e-01
8.136072754859924316e-02
5.046391487121582031e-02
3.670791536569595337e-02
1.644222624599933624e-02
-1.802631095051765442e-02
-8.340580761432647705e-02
-1.682429909706115723e-01
-2.352010756731033325e-01
-2.911413908004760742e-01
-3.261224627494812012e-01
-3.568033576011657715e-01
-3.911277651786804199e-01
-4.209830462932586670e-01
-4.552714526653289795e-01
-4.013210535049438477e-01
-2.802691459655761719e-01
-1.424395292997360229e-01
-6.333574652671813965e-02
-3.475286066532135010e-02
3.341245278716087341e-02
1.118896901607513428e-01
1.962527036666870117e-01
2.475534379482269287e-01
2.855025529861450195e-01
3.286395668983459473e-01
3.616099059581756592e-01
3.914687037467956543e-01
3.859552145004272461e-01
3.389523625373840332e-01
2.661578953266143799e-01
1.768227219581604004e-01
1.183383166790008545e-01
8.549806475639343262e-02
5.564305186271667480e-02
6.832921877503395081e-03
-6.106492131948471069e-02
-1.027383655309677124e-01
-1.429817527532577515e-01
-1.869892179965972900e-01
-2.223994433879852295e-01
-2.316857725381851196e-01
-2.106644511222839355e-01
-1.767009496688842773e-01
-1.267192363739013672e-01
-6.962396949529647827e-02
-3.230057656764984131e-02
-1.420392934232950211e-02
1.036935765296220779e-02
5.572229623794555664e-02
1.277457922697067261e-01
1.763046383857727051e-01
2.018571197986602783e-01
2.070761620998382568e-01
2.164564132690429688e-01
2.225521951913833618e-01
2.034868597984313965e-01
1.728459894657135010e-01
1.347854435443878174e-01
1.101950109004974365e-01
9.007640928030014038e-02
8.042265474796295166e-02
4.959179833531379700e-02
-5.656704306602478027e-03
-7.818318158388137817e-02
-1.510524451732635498e-01
-2.115488499402999878e-01
-2.625388503074645996e-01
-3.082399964332580566e-01
-3.356602489948272705e-01
-3.665516972541809082e-01
-4.005564153194427490e-01
-4.513809382915496826e-01
-4.703417420387268066e-01
-3.809115290641784668e-01
-2.387292981147766113e-01
-1.044248566031455994e-01
-4.980149865150451660e-02
-8.478832431137561798e-03
6.059475988149642944e-02
1.402659416198730469e-01
2.082135528326034546e-01
2.531870007514953613e-01
2.948651313781738281e-01
3.435085117816925049e-01
3.911390602588653564e-01
4.135237634181976318e-01
3.965032100677490234e-01
3.271394073963165283e-01
2.411475926637649536e-01
1.565519422292709351e-01
1.122115850448608398e-01
8.599363267421722412e-02
5.457835644483566284e-02
1.690536737442016602e-05
-6.341812014579772949e-02
-1.173775568604469299e-01
-1.788410246372222900e-01
-2.202084660530090332e-01
-2.479940056800842285e-01
-2.399993240833282471e-01
-2.192544341087341309e-01
-1.841535121202468872e-01
-1.349599361419677734e-01
-9.207824617624282837e-02
-5.873317271471023560e-02
-3.740377724170684814e-02
-3.969157114624977112e-03
5.826063081622123718e-02
1.375606656074523926e-01
1.963537931442260742e-01
2.218163311481475830e-01
2.210070788860321045e-01
2.261312603950500488e-01
2.253905385732650757e-01
2.143879085779190063e-01
1.952506750822067261e-01
1.682922244071960449e-01
1.477317661046981812e-01
1.233530044555664062e-01
9.837416559457778931e-02
5.324782431125640869e-02
-6.640765815973281860e-03
-7.159923017024993896e-02
-1.306136697530746460e-01
-1.887225359678268433e-01
-2.462725937366485596e-01
-3.008315563201904297e-01
-3.541058897972106934e-01
-3.876582682132720947e-01
-4.267678856849670410e-01
-4.553934633731842041e-01
-4.789773225784301758e-01
-4.211591482162475586e-01
-2.876129746437072754e-01
-1.411440670490264893e-01
-5.434335023164749146e-02
-3.338577598333358765e-02
9.928542189300060272e-03
7.904796302318572998e-02
1.745032072067260742e-01
2.488640844821929932e-01
3.173590004444122314e-01
3.723292946815490723e-01
4.077064394950866699e-01
4.127233922481536865e-01
3.944661617279052734e-01
3.434228301048278809e-01
2.775679528713226318e-01
2.047934532165527344e-01
1.542875021696090698e-01
1.329068392515182495e-01
9.379782527685165405e-02
3.779429942369461060e-02
-5.746689811348915100e-02
-1.305844485759735107e-01
-1.880984306335449219e-01
-2.258851975202560425e-01
-2.428479939699172974e-01
-2.394453138113021851e-01
-2.199085354804992676e-01
-2.120790183544158936e-01
-1.955810487270355225e-01
-1.614758670330047607e-01
-1.177852749824523926e-01
-8.063822239637374878e-02
-3.723154217004776001e-02
2.815463393926620483e-02
1.072348207235336304e-01
1.695139110088348389e-01
2.123732715845108032e-01
2.174259275197982788e-01
2.173599153757095337e-01
2.227759212255477905e-01
2.323260754346847534e-01
2.447461485862731934e-01
2.308571934700012207e-01
2.093675732612609863e-01
1.673828959465026855e-01
1.203005388379096985e-01
8.382581174373626709e-02
3.167671710252761841e-02
-2.744835615158081055e-02
-8.292783796787261963e-02
-1.338850855827331543e-01
-1.860876381397247314e-01
-2.515514194965362549e-01
-3.149931430816650391e-01
-3.691675961017608643e-01
-4.167166948318481445e-01
-4.504665434360504150e-01
-4.715040326118469238e-01
-4.832289218902587891e-01
-4.107796549797058105e-01
-2.750073969364166260e-01
-1.383374929428100586e-01
-7.550581544637680054e-02
-6.176560744643211365e-02
-6.143228150904178619e-03
7.637778669595718384e-02
1.764023900032043457e-01
2.677730619907379150e-01
3.464107513427734375e-01
3.969516754150390625e-01
4.113942384719848633e-01
3.985295891761779785e-01
3.819822669029235840e-01
3.481444716453552246e-01
3.007227778434753418e-01
2.408342659473419189e-01
1.944327354431152344e-01
1.587952673435211182e-01
1.004077047109603882e-01
1.089233532547950745e-02
-8.165475726127624512e-02
-1.397570073604583740e-01
-1.837715804576873779e-01
-2.097657024860382080e-01
-2.334191203117370605e-01
-2.345254570245742798e-01
-2.361861467361450195e-01
-2.401231825351715088e-01
-2.263659536838531494e-01
-1.972799003124237061e-01
-1.457925438880920410e-01
-9.625552594661712646e-02
-3.554569929838180542e-02
2.921703830361366272e-02
1.013687998056411743e-01
1.531841456890106201e-01
1.871950775384902954e-01
2.062827348709106445e-01
2.231328189373016357e-01
2.495965063571929932e-01
2.677254080772399902e-01
2.778584361076354980e-01
2.607975006103515625e-01
2.238291501998901367e-01
1.733988672494888306e-01
1.314799040555953979e-01
9.111512452363967896e-02
5.598250031471252441e-02
5.366151221096515656e-03
-4.401027038693428040e-02
-9.575050324201583862e-02
-1.616651564836502075e-01
-2.355789691209793091e-01
-3.057289719581604004e-01
-3.607362508773803711e-01
-3.981808423995971680e-01
-4.260253906250000000e-01
-4.516290426254272461e-01
-4.716723263263702393e-01
-4.829449057579040527e-01
-4.030607640743255615e-01
-2.605510056018829346e-01
-1.147803440690040588e-01
-4.781207442283630371e-02
-3.363649547100067139e-02
1.509456336498260498e-02
1.086281165480613708e-01
2.243446707725524902e-01
3.209013342857360840e-01
3.855545520782470703e-01
4.135261774063110352e-01
4.187389016151428223e-01
4.082307517528533936e-01
3.915283083915710449e-01
3.441021144390106201e-01
2.885289192199707031e-01
2.297983467578887939e-01
1.884107887744903564e-01
1.406317204236984253e-01
7.368469238281250000e-02
-1.349584944546222687e-02
-1.056341826915740967e-01
-1.634915173053741455e-01
-2.070531249046325684e-01
-2.272790968418121338e-01
-2.469943761825561523e-01
-2.482747137546539307e-01
-2.526813149452209473e-01
-2.557041049003601074e-01
-2.439176738262176514e-01
-2.035679072141647339e-01
-1.458602696657180786e-01
-8.029255270957946777e-02
-1.486227754503488541e-02
4.870830848813056946e-02
1.099222153425216675e-01
1.539275497198104858e-01
1.933160424232482910e-01
2.143493890762329102e-01
2.488707900047302246e-01
2.791630923748016357e-01
2.991597950458526611e-01
2.971610426902770996e-01
2.628278732299804688e-01
2.178127020597457886e-01
1.674387902021408081e-01
1.364033818244934082e-01
1.090208962559700012e-01
6.437831372022628784e-02
8.145797997713088989e-03
-5.180820077657699585e-02
-1.108527928590774536e-01
-1.828360855579376221e-01
-2.529242038726806641e-01
-3.067391514778137207e-01
-3.435548543930053711e-01
-3.851145505905151367e-01
-4.194442927837371826e-01
-4.503698348999023438e-01
-4.677304625511169434e-01
-4.903432130813598633e-01
-4.434171617031097412e-01
-3.025588393211364746e-01
-1.334418654441833496e-01
-3.055609948933124542e-02
-3.121972829103469849e-02
-8.220147341489791870e-03
6.232491135597229004e-02
1.850722432136535645e-01
2.976924777030944824e-01
3.829764127731323242e-01
4.198036789894104004e-01
4.274381399154663086e-01
4.087842106819152832e-01
3.938859701156616211e-01
3.596554696559906006e-01
3.087377846240997314e-01
2.629919648170471191e-01
2.084546536207199097e-01
1.757193207740783691e-01
1.153040975332260132e-01
3.404480218887329102e-02
-7.217946648597717285e-02
-1.510017514228820801e-01
-1.959493607282638550e-01
-2.098998129367828369e-01
-2.279500961303710938e-01
-2.429212033748626709e-01
-2.558040618896484375e-01
-2.691125273704528809e-01
-2.638043165206909180e-01
-2.416916787624359131e-01
-1.817709058523178101e-01
-1.169776394963264465e-01
-4.781466722488403320e-02
9.785119444131851196e-03
7.796028256416320801e-02
1.291983425617218018e-01
1.660934388637542725e-01
1.988586336374282837e-01
2.358006238937377930e-01
2.832024693489074707e-01
3.050381243228912354e-01
3.115563094615936279e-01
2.823400795459747314e-01
2.396575212478637695e-01
1.912297308444976807e-01
1.571081876754760742e-01
1.322012543678283691e-01
9.810286760330200195e-02
5.322694778442382812e-02
-1.682221889495849609e-02
-8.733037114143371582e-02
-1.520658731460571289e-01
-2.117832452058792114e-01
-2.656547427177429199e-01
-3.105100095272064209e-01
-3.536328077316284180e-01
-3.886287212371826172e-01
-4.316147565841674805e-01
-4.600113928318023682e-01
-4.806765615940093994e-01
-4.811884462833404541e-01
-3.889074027538299561e-01
-2.368068695068359375e-01
-8.796834945678710938e-02
-3.197944164276123047e-02
-3.299214690923690796e-02
2.549921162426471710e-03
9.909363090991973877e-02
2.219151854515075684e-01
3.324352800846099854e-01
4.033086597919464111e-01
4.272003173828125000e-01
4.228175580501556396e-01
3.927139043807983398e-01
3.775215148925781250e-01
3.453680276870727539e-01
3.084270954132080078e-01
2.644311189651489258e-01
2.221710681915283203e-01
1.728160679340362549e-01
9.046708047389984131e-02
-6.773745641112327576e-03
-9.951356053352355957e-02
-1.444043517112731934e-01
-1.829861551523208618e-01
-2.075458019971847534e-01
-2.347922623157501221e-01
-2.502533793449401855e-01
-2.612591683864593506e-01
-2.813704907894134521e-01
-2.722463011741638184e-01
-2.342395931482315063e-01
-1.717064082622528076e-01
-1.049878969788551331e-01
-4.574134945869445801e-02
4.078832454979419708e-03
5.687901005148887634e-02
1.032536998391151428e-01
1.579902470111846924e-01
1.992931813001632690e-01
2.479496598243713379e-01
2.881721556186676025e-01
3.069166541099548340e-01
3.037021160125732422e-01
2.707465887069702148e-01
2.336407601833343506e-01
1.958630979061126709e-01
1.770392656326293945e-01
1.519819200038909912e-01
1.045607253909111023e-01
3.799359500408172607e-02
-2.613789215683937073e-02
-9.418386220932006836e-02
-1.567279249429702759e-01
-2.069532722234725952e-01
-2.516441345214843750e-01
-2.978223562240600586e-01
-3.548332452774047852e-01
-4.048644304275512695e-01
-4.341044127941131592e-01
-4.602089822292327881e-01
-4.677766263484954834e-01
-4.707653522491455078e-01
-4.136550426483154297e-01
-2.699418365955352783e-01
-1.187032535672187805e-01
-2.951500378549098969e-02
-3.153735771775245667e-02
-1.241940818727016449e-02
7.359975576400756836e-02
2.060224860906600952e-01
3.253368437290191650e-01
4.026584625244140625e-01
4.261228442192077637e-01
4.172725677490234375e-01
3.950023651123046875e-01
3.758969902992248535e-01
3.626255393028259277e-01
3.377443552017211914e-01
3.001794815063476562e-01
2.420743703842163086e-01
1.846040189266204834e-01
1.061702072620391846e-01
1.815137639641761780e-02
-7.826020568609237671e-02
-1.378910690546035767e-01
-1.659110337495803833e-01
-1.906377971172332764e-01
-2.127471864223480225e-01
-2.451857030391693115e-01
-2.725321054458618164e-01
-2.940787672996520996e-01
-2.856295704841613770e-01
-2.425823807716369629e-01
-1.832861155271530151e-01
-1.277591437101364136e-01
-7.122417539358139038e-02
-2.015946619212627411e-02
3.005389310419559479e-02
7.732050120830535889e-02
1.320132911205291748e-01
1.872135102748870850e-01
2.354590892791748047e-01
2.776720225811004639e-01
2.966829538345336914e-01
3.028777241706848145e-01
2.778959870338439941e-01
2.505504190921783447e-01
2.228546440601348877e-01
1.941476613283157349e-01
1.715174019336700439e-01
1.288218498229980469e-01
7.262578606605529785e-02
4.523836076259613037e-03
-6.916250288486480713e-02
-1.255091726779937744e-01
-1.760936528444290161e-01
-2.222715467214584351e-01
-2.744689583778381348e-01
-3.299612104892730713e-01
-3.846541941165924072e-01
-4.264996945858001709e-01
-4.524797797203063965e-01
-4.654245972633361816e-01
-4.625453054904937744e-01
-4.508737623691558838e-01
-3.484532237052917480e-01
-1.996227502822875977e-01
-6.768490374088287354e-02
-2.995741181075572968e-02
-4.180996119976043701e-02
7.855276577174663544e-03
1.241849213838577271e-01
2.621909081935882568e-01
3.639788031578063965e-01
4.076985716819763184e-01
4.070088565349578857e-01
3.983542323112487793e-01
3.806365430355072021e-01
3.840339183807373047e-01
3.611798584461212158e-01
3.341735005378723145e-01
2.855654954910278320e-01
2.324749827384948730e-01
1.706185340881347656e-01
8.577650785446166992e-02
-9.170178323984146118e-03
-9.146092087030410767e-02
-1.318495124578475952e-01
-1.578956842422485352e-01
-1.793919056653976440e-01
-2.243109196424484253e-01
-2.631250023841857910e-01
-2.980570793151855469e-01
-2.998796105384826660e-01
-2.740476727485656738e-01
-2.254894822835922241e-01
-1.719906777143478394e-01
-1.205871999263763428e-01
-7.096024602651596069e-02
-2.177108637988567352e-02
3.195278719067573547e-02
8.441820740699768066e-02
1.416370421648025513e-01
1.970225423574447632e-01
2.539257109165191650e-01
2.897257804870605469e-01
3.036253750324249268e-01
2.895969152450561523e-01
2.688832879066467285e-01
2.451248168945312500e-01
2.261474281549453735e-01
2.061582356691360474e-01
1.684865951538085938e-01
1.183379143476486206e-01
4.684262722730636597e-02
-2.030140534043312073e-02
-8.416469395160675049e-02
-1.331923604011535645e-01
-1.742561906576156616e-01
-2.210229933261871338e-01
-2.787598371505737305e-01
-3.366375565528869629e-01
-3.963959217071533203e-01
-4.388246834278106689e-01
-4.595658183097839355e-01
-4.625090360641479492e-01
-4.503753483295440674e-01
-4.373623430728912354e-01
-3.434414267539978027e-01
-2.034461498260498047e-01
-8.300102502107620239e-02
-4.297013580799102783e-02
-3.694026544690132141e-02
2.679754607379436493e-02
1.368544846773147583e-01
2.558661699295043945e-01
3.552938699722290039e-01
4.049608111381530762e-01
4.088668823242187500e-01
3.937335014343261719e-01
3.844156861305236816e-01
3.919813036918640137e-01
3.703789114952087402e-01
3.400702476501464844e-01
2.974283695220947266e-01
2.496557235717773438e-01
1.816599965095520020e-01
9.383019059896469116e-02
2.245631068944931030e-03
-6.690656393766403198e-02
-1.112231165170669556e-01
-1.480165570974349976e-01
-1.799764931201934814e-01
-2.276487797498703003e-01
-2.631216049194335938e-01
-2.981752157211303711e-01
-3.022080361843109131e-01
-2.729475200176239014e-01
-2.374780476093292236e-01
-1.851252913475036621e-01
-1.388620287179946899e-01
-8.508884906768798828e-02
-3.463644534349441528e-02
7.053898647427558899e-03
6.745103001594543457e-02
1.220585629343986511e-01
1.817028820514678955e-01
2.383963912725448608e-01
2.825505137443542480e-01
3.063268661499023438e-01
2.915682494640350342e-01
2.693306207656860352e-01
2.541847527027130127e-01
2.387730926275253296e-01
2.206631898880004883e-01
1.830894947052001953e-01
1.353069543838500977e-01
6.715500354766845703e-02
-9.256306104362010956e-03
-7.397432625293731689e-02
-1.291495561599731445e-01
-1.651203632354736328e-01
-2.080631405115127563e-01
-2.583223581314086914e-01
-3.196752071380615234e-01
-3.832368254661560059e-01
-4.297040104866027832e-01
-4.558766484260559082e-01
-4.567062556743621826e-01
-4.439573884010314941e-01
-4.339242279529571533e-01
-3.741305768489837646e-01
-2.582815289497375488e-01
-1.290028393268585205e-01
-6.374043226242065430e-02
-4.542559012770652771e-02
1.445783302187919617e-03
9.588159620761871338e-02
2.072553038597106934e-01
3.086227774620056152e-01
3.786109685897827148e-01
3.990914523601531982e-01
3.966426849365234375e-01
3.899644613265991211e-01
4.003351330757141113e-01
3.804054856300354004e-01
3.538861274719238281e-01
3.150125145912170410e-01
2.804921865463256836e-01
2.230603694915771484e-01
1.469861865043640137e-01
6.110605597496032715e-02
-2.212212048470973969e-02
-7.749278843402862549e-02
-1.245952695608139038e-01
-1.501766890287399292e-01
-1.903930604457855225e-01
-2.296799123287200928e-01
-2.792480885982513428e-01
-2.997862696647644043e-01
-2.904051542282104492e-01
-2.586268782615661621e-01
-2.188287675380706787e-01
-1.725152432918548584e-01
-1.218909844756126404e-01
-7.921012490987777710e-02
-3.546132892370223999e-02
1.716670952737331390e-02
7.271681725978851318e-02
1.320214420557022095e-01
1.935098916292190552e-01
2.501073181629180908e-01
2.873198390007019043e-01
2.853804230690002441e-01
2.813543379306793213e-01
2.641324996948242188e-01
2.579078972339630127e-01
2.395178377628326416e-01
2.088867425918579102e-01
1.715157628059387207e-01
1.074485257267951965e-01
4.173729196190834045e-02
-2.795771136879920959e-02
-8.381244540214538574e-02
-1.272494941949844360e-01
-1.747651994228363037e-01
-2.230512797832489014e-01
-2.803950309753417969e-01
-3.450894951820373535e-01
-4.021842479705810547e-01
-4.380392730236053467e-01
-4.561492502689361572e-01
-4.568022191524505615e-01
-4.603823721408843994e-01
-4.235945343971252441e-01
-3.284654021263122559e-01
-2.074444741010665894e-01
-1.082237735390663147e-01
-7.594802230596542358e-02
-4.074033722281455994e-02
2.639536000788211823e-02
1.230693385004997253e-01
2.362850308418273926e-01
3.279007673263549805e-01
3.846994936466217041e-01
3.925854861736297607e-01
3.835338652133941650e-01
3.985098600387573242e-01
4.012004733085632324e-01
3.854446411132812500e-01
3.480966687202453613e-01
3.232791423797607422e-01
2.926409840583801270e-01
2.278933823108673096e-01
1.380763351917266846e-01
4.579337686300277710e-02
-1.721095852553844452e-02
-6.570379436016082764e-02
-1.000749766826629639e-01
-1.377331465482711792e-01
-1.817374527454376221e-01
-2.414319217205047607e-01
-2.823520898818969727e-01
-2.953378558158874512e-01
-2.806685864925384521e-01
-2.579979300498962402e-01
-2.239620983600616455e-01
-1.714394092559814453e-01
-1.252413392066955566e-01
-8.718684315681457520e-02
-5.248145014047622681e-02
-6.750431843101978302e-03
5.051117762923240662e-02
1.271726042032241821e-01
1.960228085517883301e-01
2.487955093383789062e-01
2.587373554706573486e-01
2.578966617584228516e-01
2.608325183391571045e-01
2.619795799255371094e-01
2.632278800010681152e-01
2.461870610713958740e-01
2.130640447139739990e-01
1.669381111860275269e-01
1.050217822194099426e-01
4.119389504194259644e-02
-2.181518450379371643e-02
-8.324334025382995605e-02
-1.246321797370910645e-01
-1.680607497692108154e-01
-2.109048962593078613e-01
-2.799287438392639160e-01
-3.551064729690551758e-01
-4.186569452285766602e-01
-4.416684508323669434e-01
-4.495098590850830078e-01
-4.476637244224548340e-01
-4.469010829925537109e-01
-4.181590080261230469e-01
-3.252083063125610352e-01
-2.167666554450988770e-01
-1.189818233251571655e-01
-8.152095228433609009e-02
-4.792631790041923523e-02
1.444299053400754929e-02
1.089346632361412048e-01
2.171722352504730225e-01
3.120928704738616943e-01
3.631847202777862549e-01
3.807744085788726807e-01
3.817826211452484131e-01
3.953539133071899414e-01
4.028517305850982666e-01
3.857124149799346924e-01
3.637894690036773682e-01
3.427258133888244629e-01
3.139548897743225098e-01
2.541131079196929932e-01
1.699498146772384644e-01
7.648570835590362549e-02
1.106143370270729065e-02
-3.944304957985877991e-02
-6.549759209156036377e-02
-1.060741320252418518e-01
-1.629714965820312500e-01
-2.214446961879730225e-01
-2.663758397102355957e-01
-2.777666151523590088e-01
-2.740081846714019775e-01
-2.586501538753509521e-01
-2.280169278383255005e-01
-1.931787133216857910e-01
-1.496805101633071899e-01
-1.137780100107192993e-01
-7.955175638198852539e-02
-4.037698730826377869e-02
1.057898811995983124e-02
8.921562135219573975e-02
1.586075574159622192e-01
2.179151326417922974e-01
2.344001233577728271e-01
2.399601489305496216e-01
2.420243024826049805e-01
2.518569827079772949e-01
2.663623392581939697e-01
2.565731704235076904e-01
2.247023582458496094e-01
1.788010448217391968e-01
1.217327266931533813e-01
6.689574569463729858e-02
5.897443741559982300e-03
-5.612191930413246155e-02
-1.058704480528831482e-01
-1.544200032949447632e-01
-1.948399841785430908e-01
-2.621661424636840820e-01
-3.345515131950378418e-01
-3.965551257133483887e-01
-4.271326363086700439e-01
-4.470299780368804932e-01
-4.549161791801452637e-01
-4.603271186351776123e-01
-4.317909777164459229e-01
-3.524770438671112061e-01
-2.498371303081512451e-01
-1.566438674926757812e-01
-1.189562231302261353e-01
-8.175399899482727051e-02
-2.645037323236465454e-02
6.610936671495437622e-02
1.735752671957015991e-01
2.684327065944671631e-01
3.290525078773498535e-01
3.537422120571136475e-01
3.747011423110961914e-01
3.943618535995483398e-01
4.045543968677520752e-01
3.937000036239624023e-01
3.873679041862487793e-01
3.773246407508850098e-01
3.507656753063201904e-01
3.063011765480041504e-01
2.297268211841583252e-01
1.490372121334075928e-01
6.843447685241699219e-02
2.085638418793678284e-02
-1.232889108359813690e-02
-5.869689583778381348e-02
-1.147479042410850525e-01
-1.775695383548736572e-01
-2.266577184200286865e-01
-2.578365802764892578e-01
-2.689984440803527832e-01
-2.620406150817871094e-01
-2.483487576246261597e-01
-2.205254137516021729e-01
-1.833754479885101318e-01
-1.535339504480361938e-01
-1.276403665542602539e-01
-1.042747944593429565e-01
-4.496800899505615234e-02
2.311919257044792175e-02
1.001872420310974121e-01
1.592282652854919434e-01
1.912843286991119385e-01
2.115639746189117432e-01
2.237242311239242554e-01
2.451326549053192139e-01
2.641069591045379639e-01
2.564102709293365479e-01
2.404504269361495972e-01
2.139271199703216553e-01
1.710195541381835938e-01
1.211856529116630554e-01
4.805387556552886963e-02
-1.079208683222532272e-02
-6.808861345052719116e-02
-1.084146723151206970e-01
-1.500988006591796875e-01
-2.133926451206207275e-01
-2.878431975841522217e-01
-3.527782559394836426e-01
-3.949610590934753418e-01
-4.304309189319610596e-01
-4.538249075412750244e-01
-4.701594114303588867e-01
-4.483038783073425293e-01
-3.818740248680114746e-01
-2.973021864891052246e-01
-2.154521644115447998e-01
-1.783405542373657227e-01
-1.414692997932434082e-01
-8.725775778293609619e-02
-8.077934384346008301e-03
1.033145189285278320e-01
1.932317018508911133e-01
2.695571482181549072e-01
3.113517165184020996e-01
3.451853096485137939e-01
3.809101581573486328e-01
3.903788924217224121e-01
4.030931591987609863e-01
4.096921384334564209e-01
4.108120799064636230e-01
4.001901745796203613e-01
3.634978532791137695e-01
3.130662441253662109e-01
2.354156076908111572e-01
1.530225425958633423e-01
1.037363782525062561e-01
5.876496434211730957e-02
1.618502475321292877e-02
-4.215411096811294556e-02
-1.111610680818557739e-01
-1.661123782396316528e-01
-2.240245938301086426e-01
-2.521662414073944092e-01
-2.605408132076263428e-01
-2.613174021244049072e-01
-2.420097887516021729e-01
-2.263468503952026367e-01
-2.010987997055053711e-01
-1.801201701164245605e-01
-1.668112426996231079e-01
-1.178061589598655701e-01
-6.804746389389038086e-02
6.701949983835220337e-03
7.435902953147888184e-02
1.233036890625953674e-01
1.571075022220611572e-01
1.775715202093124390e-01
2.100025713443756104e-01
2.318098247051239014e-01
2.406220734119415283e-01
2.414667010307312012e-01
2.370910942554473877e-01
2.076348960399627686e-01
1.693421900272369385e-01
1.133068278431892395e-01
5.919244140386581421e-02
-5.217615049332380295e-03
-6.422627717256546021e-02
-1.062500774860382080e-01
-1.514631062746047974e-01
-2.069305181503295898e-01
-2.715525925159454346e-01
-3.389877080917358398e-01
-4.003491997718811035e-01
-4.442274272441864014e-01
-4.567900896072387695e-01
-4.442295134067535400e-01
-4.012352228164672852e-01
-3.375837802886962891e-01
-2.721495926380157471e-01
-2.344990968704223633e-01
-1.962500959634780884e-01
-1.558821499347686768e-01
-9.225319325923919678e-02
3.199104219675064087e-03
9.918804466724395752e-02
2.014515250921249390e-01
2.498103082180023193e-01
3.045701980590820312e-01
3.306730389595031738e-01
3.594963252544403076e-01
3.867878913879394531e-01
4.060827493667602539e-01
4.254589080810546875e-01
4.254403710365295410e-01
4.091324508190155029e-01
3.842047452926635742e-01
3.250269293785095215e-01
2.525983154773712158e-01
1.956098824739456177e-01
1.392749100923538208e-01
1.029086560010910034e-01
4.167163372039794922e-02
-1.036863494664430618e-02
-8.061831444501876831e-02
-1.517886817455291748e-01
-1.979128867387771606e-01
-2.258696258068084717e-01
-2.475060969591140747e-01
-2.486250996589660645e-01
-2.492483854293823242e-01
-2.328044772148132324e-01
-2.244889587163925171e-01
-2.183063775300979614e-01
-1.919761300086975098e-01
-1.623556315898895264e-01
-1.063347607851028442e-01
-3.716550767421722412e-02
2.978390641510486603e-02
7.993131130933761597e-02
1.083217561244964600e-01
1.341726779937744141e-01
1.712149977684020996e-01
1.853387206792831421e-01
2.074434161186218262e-01
2.148432433605194092e-01
2.098028510808944702e-01
1.978279054164886475e-01
1.646674871444702148e-01
1.145177036523818970e-01
4.555492848157882690e-02
-1.267032418400049210e-02
-5.358879268169403076e-02
-8.252598345279693604e-02
-1.217522770166397095e-01
-1.761717498302459717e-01
-2.491860985755920410e-01
-3.331242799758911133e-01
-3.864121735095977783e-01
-4.228381216526031494e-01
-4.091595411300659180e-01
-3.742071390151977539e-01
-3.262656927108764648e-01
-2.750580310821533203e-01
-2.541937530040740967e-01
-2.298671603202819824e-01
-2.090315073728561401e-01
-1.607351601123809814e-01
-8.459164202213287354e-02
1.334979012608528137e-02
1.041868329048156738e-01
1.688622832298278809e-01
2.228163182735443115e-01
2.654288113117218018e-01
2.959591746330261230e-01
3.226885795593261719e-01
3.531987667083740234e-01
3.851388096809387207e-01
4.111478924751281738e-01
4.218614399433135986e-01
4.142956733703613281e-01
3.720723390579223633e-01
3.193017840385437012e-01
2.640486359596252441e-01
2.079846262931823730e-01
1.732612997293472290e-01
1.250902712345123291e-01
8.212464302778244019e-02
2.348789572715759277e-02
-4.911259561777114868e-02
-1.027632206678390503e-01
-1.616424620151519775e-01
-1.968459486961364746e-01
-2.171227335929870605e-01
-2.226823717355728149e-01
-2.097688317298889160e-01
-2.168885469436645508e-01
-2.178284972906112671e-01
-2.153312265872955322e-01
-2.107914090156555176e-01
-1.749025732278823853e-01
-1.247297748923301697e-01
-6.359659135341644287e-02
-1.112177409231662750e-02
2.716808207333087921e-02
6.326173245906829834e-02
8.882699906826019287e-02
1.081418618559837341e-01
1.207637339830398560e-01
1.411841660737991333e-01
1.549986898899078369e-01
1.646863818168640137e-01
1.537588834762573242e-01
1.185812354087829590e-01
6.858214735984802246e-02
1.704897359013557434e-02
-1.402351073920726776e-02
-4.659212008118629456e-02
-7.994064688682556152e-02
-1.318673789501190186e-01
-1.834136843681335449e-01
-2.520180642604827881e-01
-3.015195727348327637e-01
-3.331881165504455566e-01
-3.436138629913330078e-01
-3.155520558357238770e-01
-2.831518054008483887e-01
-2.458871603012084961e-01
-2.255912572145462036e-01
-2.203564643859863281e-01
-2.014463543891906738e-01
-1.688664704561233521e-01
-1.151369959115982056e-01
-3.936928510665893555e-02
2.935181558132171631e-02
1.038393229246139526e-01
1.572348624467849731e-01
2.027299702167510986e-01
2.358340919017791748e-01
2.584650814533233643e-01
2.862318158149719238e-01
3.163438737392425537e-01
3.524979352951049805e-01
3.792731761932373047e-01
3.878546953201293945e-01
3.730246126651763916e-01
3.351978361606597900e-01
2.879600524902343750e-01
2.399158775806427002e-01
1.970769464969635010e-01
1.613231301307678223e-01
1.235072091221809387e-01
8.274018764495849609e-02
3.530478850007057190e-02
-1.896862313151359558e-02
-7.878829538822174072e-02
-1.269210875034332275e-01
-1.635409444570541382e-01
-1.794107854366302490e-01
-1.793678700923919678e-01
-1.829673945903778076e-01
-1.788528263568878174e-01
-1.901061534881591797e-01
-1.899250298738479614e-01
-1.745951622724533081e-01
-1.519172340631484985e-01
-1.117589920759201050e-01
-7.984184473752975464e-02
-3.118541650474071503e-02
-8.107335306704044342e-04
3.659991174936294556e-02
4.646269232034683228e-02
5.871893838047981262e-02
6.541730463504791260e-02
6.799071282148361206e-02
9.084229171276092529e-02
8.318102359771728516e-02
7.454968243837356567e-02
3.998430818319320679e-02
9.765408933162689209e-03
-1.514694094657897949e-02
-4.123891890048980713e-02
-7.586885243654251099e-02
-1.078644096851348877e-01
-1.563521325588226318e-01
-1.986177265644073486e-01
-2.255202829837799072e-01
-2.478716969490051270e-01
-2.527661025524139404e-01
-2.383527457714080811e-01
-2.267501205205917358e-01
-1.952498406171798706e-01
-1.892099380493164062e-01
-1.753262579441070557e-01
-1.547260582447052002e-01
-1.381752490997314453e-01
-9.113261103630065918e-02
-5.247022211551666260e-02
7.670684717595577240e-03
5.562222003936767578e-02
1.074622124433517456e-01
1.526091098785400391e-01
1.907961070537567139e-01
2.142511606216430664e-01
2.362461835145950317e-01
2.617387473583221436e-01
2.889463007450103760e-01
3.053996264934539795e-01
3.283884525299072266e-01
3.201667666435241699e-01
3.067548573017120361e-01
2.800671756267547607e-01
2.386517822742462158e-01
2.095547318458557129e-01
1.641394197940826416e-01
1.299587190151214600e-01
9.495490044355392456e-02
6.523121893405914307e-02
2.417580410838127136e-02
-1.362684648483991623e-02
-5.980636179447174072e-02
-9.654630720615386963e-02
-1.259346604347229004e-01
-1.416736841201782227e-01
-1.456035971641540527e-01
-1.609379351139068604e-01
-1.616600453853607178e-01
-1.620213240385055542e-01
-1.476221978664398193e-01
-1.315161138772964478e-01
-1.127561628818511963e-01
-8.880925178527832031e-02
-7.139530032873153687e-02
-3.543286770582199097e-02
-1.617591083049774170e-02
6.644865497946739197e-03
1.453001238405704498e-02
1.608044654130935669e-02
2.907467260956764221e-02
4.056983441114425659e-02
3.636061400175094604e-02
2.297125943005084991e-02
3.428212366998195648e-03
-1.839412003755569458e-02
-2.924741804599761963e-02
-3.657604381442070007e-02
-5.483277514576911926e-02
-7.998958230018615723e-02
-1.166732162237167358e-01
-1.414326876401901245e-01
-1.594578623771667480e-01
-1.793861836194992065e-01
-1.699703335762023926e-01
-1.783751547336578369e-01
-1.507112830877304077e-01
-1.442693173885345459e-01
-1.315947473049163818e-01
-1.179437190294265747e-01
-1.106711328029632568e-01
-9.802532941102981567e-02
-7.235249131917953491e-02
-4.597005993127822876e-02
-1.882502809166908264e-02
2.145763672888278961e-02
5.446303635835647583e-02
1.038917452096939087e-01
1.192692443728446960e-01
1.510162353515625000e-01
1.593793630599975586e-01
1.752264201641082764e-01
1.946126520633697510e-01
2.113884687423706055e-01
2.325295805931091309e-01
2.375116497278213501e-01
2.298963367938995361e-01
2.195880115032196045e-01
2.010774612426757812e-01
1.776828467845916748e-01
1.523798555135726929e-01
1.267108023166656494e-01
1.133001148700714111e-01
8.356089890003204346e-02
6.996320188045501709e-02
4.566138982772827148e-02
1.667032949626445770e-02
-9.144796058535575867e-03
-2.799707278609275818e-02
-4.420322552323341370e-02
-4.583654925227165222e-02
-6.194716319441795349e-02
-6.734481453895568848e-02
-6.297848373651504517e-02
-6.795962154865264893e-02
-5.658554285764694214e-02
-4.985868930816650391e-02
-4.668253287672996521e-02
-4.528863355517387390e-02
-3.492527455091476440e-02
-2.772027999162673950e-02
-1.699091680347919464e-02
-3.082180023193359375e-02
-2.850819565355777740e-02
-2.879637479782104492e-02
-2.899947203695774078e-02
-3.484263271093368530e-02
-2.487941272556781769e-02
-4.442801699042320251e-02
-4.477300494909286499e-02
-4.064243286848068237e-02
-6.607986241579055786e-02
-4.477372020483016968e-02
-8.650691062211990356e-02
-7.567921280860900879e-02
-8.764912188053131104e-02
-9.485315531492233276e-02
-9.220578521490097046e-02
-1.035151928663253784e-01
-1.032151430845260620e-01
-1.062711924314498901e-01
-9.069368243217468262e-02
-8.618330955505371094e-02
-5.979857593774795532e-02
-6.421473622322082520e-02
-3.657986596226692200e-02
-3.908211365342140198e-02
-3.369606286287307739e-02
-1.878196932375431061e-02
-2.274554222822189331e-02
1.498126331716775894e-02
2.697805687785148621e-02
4.837250709533691406e-02
6.169332563877105713e-02
6.980174779891967773e-02
7.841028273105621338e-02
7.745811343193054199e-02
9.671977162361145020e-02
1.059088706970214844e-01
1.132252663373947144e-01
1.197681427001953125e-01
1.245427578687667847e-01
1.203519701957702637e-01
1.289239525794982910e-01
1.230595558881759644e-01
1.087170615792274475e-01
1.110418587923049927e-01
9.352342784404754639e-02
9.316326677799224854e-02
9.115668386220932007e-02
7.609097659587860107e-02
7.339660078287124634e-02
5.907464772462844849e-02
4.788278788328170776e-02
3.297179564833641052e-02
2.591788955032825470e-02
2.720570564270019531e-02
6.362770684063434601e-03
1.238372549414634705e-02
1.045957021415233612e-02
1.147163845598697662e-02
-1.104751788079738617e-02
-3.839028067886829376e-05
-1.774702779948711395e-02
-9.434352628886699677e-03
-5.148396827280521393e-03
-3.408862650394439697e-02
8.081372827291488647e-03
-3.801880031824111938e-02
-7.952095009386539459e-03
-3.758305311203002930e-02
-2.571728825569152832e-02
-3.243623673915863037e-02
-5.330070480704307556e-02
-2.224605530500411987e-02
-6.337543576955795288e-02
-3.085971996188163757e-02
-7.776214182376861572e-02
-4.560647159814834595e-02
-7.293112576007843018e-02
-7.403092086315155029e-02
-5.986875295639038086e-02
-9.103517234325408936e-02
-6.030419468879699707e-02
-7.733651995658874512e-02
-6.353622674942016602e-02
-7.327062636613845825e-02
-4.831478372216224670e-02
-8.092665672302246094e-02
-4.538937285542488098e-02
-4.679960384964942932e-02
-5.412570387125015259e-02
-2.409059554338455200e-02
-4.914846643805503845e-02
-1.249676197767257690e-02
-4.017081856727600098e-02
-1.218174863606691360e-02
-2.015089429914951324e-02
-1.830629771575331688e-03
-1.133077079430222511e-03
1.510607730597257614e-02
2.366079203784465790e-02
2.527047693729400635e-02
4.358566552400588989e-02
1.590527407824993134e-02
5.550633743405342102e-02
2.025609090924263000e-02
5.225375294685363770e-02
5.356009304523468018e-02
5.868227034807205200e-02
5.403674766421318054e-02
5.226167663931846619e-02
4.808630049228668213e-02
3.475174680352210999e-02
5.315981060266494751e-02
3.347909823060035706e-02
5.650096386671066284e-02
3.542990982532501221e-02
5.271872878074645996e-02
4.016800969839096069e-02
3.853791207075119019e-02
3.398694470524787903e-02
1.683716103434562683e-02
2.501247078180313110e-02
1.557018794119358063e-02
1.680330187082290649e-02
1.091483421623706818e-02
3.134756162762641907e-02
3.206866327673196793e-03
1.990658417344093323e-02
7.150025106966495514e-03
6.128367967903614044e-03
1.370763964951038361e-02
-2.553356811404228210e-03
2.549671009182929993e-02
-2.825165633112192154e-03
1.326476503163576126e-02
-2.149897813796997070e-02
-1.778437057510018349e-03
-2.778340131044387817e-02
-2.156531251966953278e-02
-1.391936093568801880e-02
-3.430331498384475708e-02
-7.540125399827957153e-03
-5.774886533617973328e-02
-1.753594353795051575e-02
-6.110882759094238281e-02
-4.878520965576171875e-02
-4.182949289679527283e-02
-6.786791980266571045e-02
-3.073650971055030823e-02
-6.927289068698883057e-02
-4.185309633612632751e-02
-4.814849048852920532e-02
-6.187878549098968506e-02
-3.190820291638374329e-02
-5.988217145204544067e-02
-2.768239192664623260e-02
-3.616682812571525574e-02
-3.915293142199516296e-02
-3.541274368762969971e-02
-3.153527528047561646e-02
-2.602118998765945435e-02
-2.865021489560604095e-02
-1.509515661746263504e-02
-1.274831593036651611e-02
-1.276422059163451195e-03
-5.826656706631183624e-03
1.189169380813837051e-02
-6.424902006983757019e-03
2.497261017560958862e-02
-3.051113570109009743e-03
4.251132719218730927e-03
2.270724251866340637e-02
4.459174815565347672e-04
2.617696300148963928e-02
9.279762394726276398e-03
1.573297008872032166e-02
2.710105292499065399e-02
1.599174924194812775e-02
1.312521379441022873e-02
2.488980628550052643e-02
1.206619478762149811e-02
2.488600835204124451e-02
1.324849203228950500e-02
6.542328745126724243e-03
3.107814863324165344e-02
1.038016006350517273e-02
5.616934504359960556e-04
2.151302434504032135e-02
-7.855311036109924316e-03
2.409533411264419556e-02
-6.414221134036779404e-04
9.041924029588699341e-03
1.818983256816864014e-02
-5.402369424700737000e-06
1.574458926916122437e-02
-1.259130192920565605e-03
1.266832649707794189e-02
-7.313706912100315094e-03
1.893655210733413696e-02
-5.648505873978137970e-03
1.956637203693389893e-02
-3.117376938462257385e-03
-3.045754972845315933e-03
9.501101449131965637e-03
-2.083386294543743134e-02
4.911377094686031342e-03
1.014389097690582275e-02
-1.736690290272235870e-02
4.280921537429094315e-03
-2.654146868735551834e-03
-1.979086082428693771e-03
2.442991593852639198e-03
-1.649465784430503845e-02
-1.237752288579940796e-02
-1.248965598642826080e-02
-1.966387964785099030e-02
-4.981872159987688065e-03
-2.339341118931770325e-02
-3.312751278281211853e-02
3.194923512637615204e-03
-5.190297588706016541e-02
2.842708025127649307e-03
-2.394487150013446808e-02
-2.073476836085319519e-02
-1.192371733486652374e-02
-2.278698608279228210e-02
-3.545332234352827072e-03
-6.367965135723352432e-03
1.254610484465956688e-03
-2.175704389810562134e-02
9.352868655696511269e-04
-1.371858734637498856e-02
3.476957790553569794e-03
-5.515208467841148376e-03
7.200181484222412109e-03
-1.125966431573033333e-03
-3.432816360145807266e-03
2.846033126115798950e-02
-2.857894636690616608e-02
3.438609093427658081e-02
-1.093756407499313354e-02
2.161882072687149048e-02
1.972233504056930542e-02
-1.983894035220146179e-03
3.101826272904872894e-02
-2.226252667605876923e-02
1.522639766335487366e-02
3.291366854682564735e-03
-3.875868860632181168e-03
2.293224632740020752e-02
-6.955374497920274734e-03
-1.391609665006399155e-03
-6.401206483133137226e-04
-1.263890881091356277e-03
7.752941455692052841e-03
-1.898762583732604980e-02
7.212250027805566788e-03
-1.660790294408798218e-02
2.162007987499237061e-02
-1.717624627053737640e-02
2.184410393238067627e-02
-1.487404108047485352e-02
2.610339224338531494e-02
-2.205153182148933411e-02
1.877702027559280396e-02
-1.255693566054105759e-02
7.246118038892745972e-03
-9.653654880821704865e-03
-5.040041171014308929e-03
2.433914877474308014e-02
-3.051061742007732391e-02
4.578720033168792725e-02
-5.215329676866531372e-02
6.247277185320854187e-02
-5.215094238519668579e-02
5.774370580911636353e-02
-2.537050843238830566e-02
7.985848933458328247e-03
5.125815980136394501e-03
-2.482606843113899231e-02
2.544117160141468048e-02
-3.102091699838638306e-02
8.543773554265499115e-03
-2.912397496402263641e-03
-1.544314250349998474e-02
3.571514040231704712e-03
-1.145604625344276428e-02
-8.035359904170036316e-03
4.046878963708877563e-02
-5.917329713702201843e-02
5.823075026273727417e-02
-4.206438362598419189e-02
1.224193349480628967e-02
1.265068165957927704e-02
-2.018411085009574890e-02
3.022985719144344330e-02
4.324729088693857193e-04
-9.914170950651168823e-03
2.448355546221137047e-03
5.986039992421865463e-03
-1.532034762203693390e-02
2.133741229772567749e-02
-1.058201491832733154e-02
1.516515016555786133e-02
1.809521391987800598e-02
-6.722440943121910095e-03
2.424333617091178894e-02
1.190888881683349609e-02
8.476062677800655365e-03
2.558347210288047791e-02
5.901109427213668823e-03
1.009213738143444061e-02
1.105010695755481720e-02
-3.027589293196797371e-03
2.742692828178405762e-03
1.414394006133079529e-02
-1.300480961799621582e-02
1.774095371365547180e-02
-2.363455016165971756e-03
-3.579871729016304016e-03
2.761425450444221497e-02
-1.439247466623783112e-02
7.797832600772380829e-03
8.591642603278160095e-03
-5.444190464913845062e-03
-9.303027763962745667e-04
1.247826591134071350e-02
-3.079822659492492676e-02
9.607116691768169403e-03
-2.029649540781974792e-02
-2.013886533677577972e-02
1.707169041037559509e-02
-3.787423297762870789e-02
2.702708914875984192e-02
-3.844649344682693481e-02
2.547067217528820038e-02
-1.011187024414539337e-02
9.765231981873512268e-03
-1.147231273353099823e-02
7.963640615344047546e-03
-1.242694444954395294e-02
-2.098383381962776184e-03
1.432688534259796143e-02
-2.150280028581619263e-02
3.240234777331352234e-02
-2.680522575974464417e-02
1.358114648610353470e-03
1.886222139000892639e-02
-2.669238671660423279e-02
-9.988518431782722473e-04
2.930327877402305603e-02
-5.205820128321647644e-02
5.993140861392021179e-02
-4.067785665392875671e-02
2.513422071933746338e-02
-1.862286124378442764e-03
-1.238791085779666901e-02
1.251319330185651779e-02
3.753270022571086884e-03
1.037035137414932251e-03
1.027859468013048172e-02
6.879927124828100204e-03
-7.268039509654045105e-03
2.216973342001438141e-02
-2.327866852283477783e-02
2.603082358837127686e-02
-2.186954766511917114e-02
2.150382101535797119e-02
-6.030050572007894516e-03
1.573851332068443298e-02
-5.790418945252895355e-03
9.210444055497646332e-03
3.916938789188861847e-03
-1.997733488678932190e-02
3.738047555088996887e-02
-1.933278888463973999e-02
1.703148148953914642e-02
1.652040332555770874e-02
-2.573223039507865906e-02
3.534201905131340027e-02
-2.454365603625774384e-02
1.979902386665344238e-02
-1.460473518818616867e-03
2.343607367947697639e-03
1.999139785766601562e-02
-1.024021208286285400e-02
1.735764928162097931e-02
-9.177509695291519165e-03
-4.266849718987941742e-03
1.961607486009597778e-02
-1.236746367067098618e-02
2.905036881566047668e-02
-1.148253493010997772e-02
1.283009257167577744e-02
-6.126837804913520813e-03
-1.088171731680631638e-02
4.009450972080230713e-02
-4.107349365949630737e-02
5.394854396581649780e-02
-4.094495996832847595e-02
2.156355232000350952e-02
-1.246954686939716339e-02
2.046553604304790497e-02
-1.785017922520637512e-02
2.383496053516864777e-02
-1.854097098112106323e-02
-6.767548620700836182e-03
2.931695431470870972e-02
-6.932818889617919922e-02
6.515876948833465576e-02
-5.892468616366386414e-02
3.543777018785476685e-02
-1.822042837738990784e-02
2.208072692155838013e-04
1.239168178290128708e-02
-1.529356278479099274e-02
1.130217034369707108e-02
-1.647504279389977455e-03
1.542398426681756973e-02
-6.137889344245195389e-03
9.126575663685798645e-03
-1.022248528897762299e-02
1.026566140353679657e-02
-4.554536193609237671e-03
3.289178246632218361e-03
-1.190405152738094330e-02
9.900526143610477448e-03
6.155051290988922119e-03
-5.604368168860673904e-03
1.657600514590740204e-02
-6.500338204205036163e-03
1.235215645283460617e-02
-4.584584385156631470e-03
4.935625940561294556e-03
8.493081666529178619e-03
-1.139656291343271732e-03
1.727043418213725090e-04
-1.014957949519157410e-02
7.879178971052169800e-03
-3.568118903785943985e-03
-1.671054400503635406e-02
2.494127862155437469e-02
-1.612624898552894592e-02
5.891108885407447815e-04
2.751728706061840057e-02
-3.675936907529830933e-02
2.151937037706375122e-02
-1.061013434082269669e-02
-1.696380414068698883e-02
1.925626583397388458e-02
-3.417832311242818832e-03
-1.439809985458850861e-02
2.151167765259742737e-02
-1.958593539893627167e-02
5.284497048705816269e-03
-1.299450173974037170e-03
-8.401365950703620911e-03
2.204930037260055542e-02
-8.317508734762668610e-03
2.054666727781295776e-02
2.087373752146959305e-03
-3.194318152964115143e-03
1.366550382226705551e-02
-2.234069630503654480e-02
1.507465355098247528e-02
-4.882379900664091110e-03
-1.215420849621295929e-02
2.151092886924743652e-02
-2.696279250085353851e-02
2.740320190787315369e-02
-1.523311249911785126e-02
-6.415583193302154541e-04
1.486295461654663086e-02
-2.572575397789478302e-02
3.059818409383296967e-02
-9.601509198546409607e-03
6.702737882733345032e-04
1.553464587777853012e-02
-1.941870339214801788e-02
1.769396848976612091e-02
-5.514828953891992569e-03
-1.304780319333076477e-02
9.865226456895470619e-04
-1.335435640066862106e-02
-1.370125170797109604e-02
2.719654142856597900e-02
-4.174787923693656921e-02
5.149842426180839539e-02
-3.645590692758560181e-02
6.685012951493263245e-03
2.008459530770778656e-03
-2.000549249351024628e-02
1.770132780075073242e-02
-1.276781223714351654e-02
2.064764872193336487e-02
-9.954154491424560547e-03
2.051647007465362549e-02
-3.507342189550399780e-02
2.290205471217632294e-02
-3.976766765117645264e-02
2.701411023736000061e-02
-1.731388270854949951e-02
9.346790611743927002e-03
-5.406104028224945068e-03
-1.454596873372793198e-03
-4.400949459522962570e-03
8.393097668886184692e-03
-1.831195130944252014e-02
2.022308856248855591e-02
1.499308273196220398e-04
-1.106992550194263458e-02
3.884879872202873230e-02
-4.130617901682853699e-02
3.783770650625228882e-02
-3.100845217704772949e-02
4.443203564733266830e-03
9.832937270402908325e-03
-1.597034186124801636e-02
5.323513410985469818e-03
-7.512175478041172028e-03
-8.337212726473808289e-03
9.500925661996006966e-04
-6.032455712556838989e-03
1.362959481775760651e-02
-1.427134685218334198e-02
2.260091528296470642e-02
-1.695707626640796661e-02
1.538718398660421371e-02
-8.972859941422939301e-03
-1.671572960913181305e-02
2.213388867676258087e-02
-3.114187903702259064e-02
2.269300445914268494e-02
-2.758698165416717529e-02
1.596067659556865692e-02
-2.624992653727531433e-02
6.618923973292112350e-03
-4.674133844673633575e-03
-1.831976138055324554e-02
2.761480584740638733e-02
-3.980144858360290527e-02
4.715165868401527405e-02
-2.986715734004974365e-02
1.985925808548927307e-02
-4.295386373996734619e-03
-2.443874627351760864e-02
2.457545697689056396e-02
-4.168337583541870117e-02
3.978355601429939270e-02
-3.709296882152557373e-02
2.349559962749481201e-02
-5.412693135440349579e-03
-1.671066135168075562e-02
3.111480176448822021e-02
-4.238568246364593506e-02
4.096348956227302551e-02
-3.844682872295379639e-02
3.451501950621604919e-02
-1.312377303838729858e-02
4.242814145982265472e-03
-9.334420785307884216e-03
-7.244218140840530396e-03
1.759896427392959595e-02
-5.397247523069381714e-02
6.344319880008697510e-02
-7.168155908584594727e-02
4.314265400171279907e-02
-2.601285837590694427e-02
-7.338291965425014496e-03
2.941561490297317505e-02
-2.877438440918922424e-02
1.894802227616310120e-02
-1.025182008743286133e-02
-3.918592352420091629e-03
-1.327501703053712845e-02
1.626699604094028473e-02
-4.580810666084289551e-02
5.704900249838829041e-02
-4.231381043791770935e-02
1.432722248136997223e-02
1.976761035621166229e-02
-7.072181999683380127e-02
6.449955701828002930e-02
-5.548124760389328003e-02
2.728284895420074463e-02
5.948353093117475510e-03
-6.559973582625389099e-03
2.158301323652267456e-02
-3.420783579349517822e-02
4.740844666957855225e-02
-5.555906519293785095e-02
3.933800011873245239e-02
-1.176258362829685211e-02
-1.505337469279766083e-02
3.835276514291763306e-02
-3.935257345438003540e-02
2.588750049471855164e-02
-2.715440839529037476e-02
1.512511726468801498e-02
-2.300559729337692261e-02
1.211916282773017883e-02
1.192369032651185989e-03
-1.974546164274215698e-02
2.448227629065513611e-02
-1.311342883855104446e-02
2.005405491217970848e-03
5.032229237258434296e-03
1.374450512230396271e-03
-1.018537487834692001e-02
1.922066509723663330e-02
-3.238172456622123718e-02
2.771301940083503723e-02
-3.916686028242111206e-02
2.551004290580749512e-02
-1.592180132865905762e-02
-1.666935160756111145e-03
1.392865646630525589e-02
-3.564430400729179382e-02
3.512447327375411987e-02
-4.289774969220161438e-02
3.938760608434677124e-02
-3.488246724009513855e-02
3.606968745589256287e-02
-2.784749865531921387e-02
2.047898806631565094e-02
-4.157664254307746887e-03
-1.359234936535358429e-02
1.276824064552783966e-02
-3.022471442818641663e-02
2.402135543525218964e-02
-2.593832090497016907e-02
1.404418610036373138e-02
-7.462324574589729309e-03
-4.084028769284486771e-03
-2.680945035535842180e-04
4.650949034839868546e-03
-1.118810009211301804e-02
1.208117231726646423e-02
-1.283261831849813461e-02
1.571474783122539520e-02
-7.635157555341720581e-03
8.916046470403671265e-03
-4.226814955472946167e-03
-8.895240724086761475e-03
2.184627577662467957e-03
-7.935248315334320068e-03
3.802088089287281036e-03
-6.907545961439609528e-03
5.096339154988527298e-03
-1.523692160844802856e-02
1.605365239083766937e-02
-1.453908253461122513e-02
1.225261762738227844e-02
-3.613059408962726593e-03
6.458605639636516571e-03
-3.664665389806032181e-03
5.157745443284511566e-03
4.738036543130874634e-03
-2.103561535477638245e-02
1.823720522224903107e-02
-1.495941169559955597e-02
1.382592320442199707e-02
-1.183847803622484207e-02
1.648159697651863098e-02
-3.178135678172111511e-02
2.201197668910026550e-02
-1.771584711968898773e-02
9.836563840508460999e-03
1.433939579874277115e-02
-1.433766633272171021e-02
2.575884386897087097e-02
-2.093587629497051239e-02
2.270537242293357849e-02
-2.319812960922718048e-02
1.927358470857143402e-02
-1.088124606758356094e-02
9.310621768236160278e-03
-3.122792579233646393e-03
4.870477598160505295e-03
-1.642319373786449432e-02
1.103872433304786682e-03
-4.694308154284954071e-04
1.805565319955348969e-03
7.094204425811767578e-03
3.051250940188765526e-03
3.762070788070559502e-03
-6.885786540806293488e-03
1.201269496232271194e-02
-5.355560220777988434e-03
3.887561615556478500e-03
1.098589971661567688e-02
-1.610433496534824371e-02
2.655738405883312225e-02
-2.967918105423450470e-02
1.249669678509235382e-02
-5.059474147856235504e-03
-2.015418931841850281e-02
3.749696537852287292e-02
-3.993520140647888184e-02
4.391406103968620300e-02
-2.511346340179443359e-02
5.478011444211006165e-03
1.294806692749261856e-02
-3.502832958474755287e-03
-1.247017877176403999e-03
2.431904897093772888e-02
-3.201321139931678772e-02
3.547560051083564758e-02
-3.180431202054023743e-02
1.809171587228775024e-02
-2.554258331656455994e-03
-1.976825855672359467e-02
2.653616853058338165e-02
-2.609867043793201447e-02
2.576649188995361328e-02
-2.239024825394153595e-02
2.668762579560279846e-02
-2.563428506255149841e-02
3.822675719857215881e-02
-3.061217442154884338e-02
4.085571318864822388e-02
-3.161946311593055725e-02
2.478917688131332397e-02
-1.022316887974739075e-02
-2.999259158968925476e-03
2.126616425812244415e-02
-4.215792939066886902e-02
4.810311645269393921e-02
-4.512482136487960815e-02
3.527253121137619019e-02
-1.461604144424200058e-02
2.674931194633245468e-03
3.130296943709254265e-03
-5.124393384903669357e-03
1.674960181117057800e-02
-1.276999898254871368e-02
2.239704318344593048e-02
-1.646172627806663513e-02
2.401420660316944122e-02
-1.729068532586097717e-02
1.573474612087011337e-03
1.130848750472068787e-02
-3.379495441913604736e-02
3.648427501320838928e-02
-3.012736327946186066e-02
2.635268308222293854e-02
-1.295005343854427338e-02
5.778338760137557983e-03
-4.199779126793146133e-03
1.030273176729679108e-02
-1.266080792993307114e-02
2.331964299082756042e-02
-1.408781670033931732e-02
1.629917323589324951e-02
-1.786683686077594757e-03
-2.733850851655006409e-03
1.646343618631362915e-02
-3.342958912253379822e-02
4.296769201755523682e-02
-4.719734191894531250e-02
5.424261465668678284e-02
-5.497106164693832397e-02
4.950791969895362854e-02
-3.995173051953315735e-02
2.841573208570480347e-02
-1.324709504842758179e-02
5.391690880060195923e-03
1.715860143303871155e-02
-4.208953678607940674e-02
6.708996742963790894e-02
-8.115187287330627441e-02
7.149147987365722656e-02
-3.739301115274429321e-02
1.796167576685547829e-03
3.150983899831771851e-02
-4.073940962553024292e-02
2.142789959907531738e-02
-7.087481208145618439e-03
-1.182361133396625519e-02
4.410655237734317780e-03
1.151123270392417908e-02
-3.138537984341382980e-03
2.500298433005809784e-03
1.666124351322650909e-02
-2.963483333587646484e-02
2.305823750793933868e-02
-1.043958961963653564e-02
2.279818058013916016e-03
5.380636081099510193e-03
2.687093568965792656e-03
-3.339135553687810898e-03
1.701831817626953125e-03
1.646018587052822113e-03
-5.978452973067760468e-03
3.472727257758378983e-03
-1.145762950181961060e-02
9.376168251037597656e-03
-8.686815388500690460e-03
5.431175231933593750e-03
-2.967740874737501144e-03
2.608309034258127213e-03
8.268387988209724426e-03
2.513792365789413452e-03
-1.653606630861759186e-02
2.265100553631782532e-02
-2.975683845579624176e-02
1.176458131521940231e-02
1.920985756441950798e-03
-7.972296443767845631e-04
-9.969847276806831360e-03
2.578254416584968567e-02
-3.541890531778335571e-02
2.751163952052593231e-02
-6.698315031826496124e-03
-1.431041117757558823e-02
3.504958376288414001e-02
-3.165996447205543518e-02
1.425803266465663910e-02
2.320645144209265709e-03
3.130827331915497780e-03
-1.940314285457134247e-02
3.794405981898307800e-02
-4.819650948047637939e-02
3.320811688899993896e-02
-2.119412645697593689e-02
-3.442181274294853210e-03
-4.083581734448671341e-03
2.175392583012580872e-03
1.008480042219161987e-02
-9.990380145609378815e-03
2.309736236929893494e-02
-3.580995276570320129e-02
2.970926836133003235e-02
-1.713664643466472626e-02
-4.472319502383470535e-03
2.043621987104415894e-02
-2.567929588258266449e-02
2.302277088165283203e-02
-2.523761242628097534e-02
2.469959482550621033e-02
-2.062485553324222565e-02
-1.740403473377227783e-03
2.914804592728614807e-02
-4.929339513182640076e-02
6.756580621004104614e-02
-6.294274330139160156e-02
4.923462867736816406e-02
-1.623672246932983398e-02
-6.752148270606994629e-03
3.672571107745170593e-02
-4.874423146247863770e-02
4.722718521952629089e-02
-5.185417830944061279e-02
2.960521727800369263e-02
-1.468367874622344971e-02
-8.067838847637176514e-03
2.542455866932868958e-02
-1.632106117904186249e-02
5.969341844320297241e-03
2.812406746670603752e-03
-1.501684356480836868e-02
6.147647276520729065e-03
1.234721392393112183e-02
-4.121170565485954285e-02
6.120411679148674011e-02
-4.938646778464317322e-02
2.534325979650020599e-02
6.063324399292469025e-03
-3.398438543081283569e-02
2.399154752492904663e-02
-1.806034706532955170e-02
1.558460760861635208e-02
-9.395907633006572723e-03
1.861419342458248138e-02
-2.638617157936096191e-02
3.810077905654907227e-02
-2.621422149240970612e-02
1.496093347668647766e-02
-1.404902338981628418e-02
7.903052493929862976e-03
-3.433023579418659210e-03
-9.074084460735321045e-03
2.386234700679779053e-02
-6.720464676618576050e-03
-9.104626253247261047e-03
2.669145539402961731e-02
-1.151073910295963287e-02
-1.368345506489276886e-02
4.482811689376831055e-02
-7.789868116378784180e-02
8.645822107791900635e-02
-6.082834303379058838e-02
4.409375414252281189e-02
-7.264755666255950928e-03
-2.610285021364688873e-02
3.486102819442749023e-02
-4.231189563870429993e-02
3.386000543832778931e-02
-2.352985925972461700e-02
1.427848264575004578e-02
-3.299401840195059776e-03
1.874745078384876251e-02
-1.085487473756074905e-02
1.372453756630420685e-02
-2.147370390594005585e-02
1.596873998641967773e-02
-1.992872543632984161e-02
6.810751743614673615e-03
-8.411600720137357712e-04
-1.010183803737163544e-02
1.544068939983844757e-02
-3.516442142426967621e-03
1.955612096935510635e-03
-1.672270824201405048e-03
1.028170809149742126e-02
-2.922328747808933258e-02
4.226451367139816284e-02
-2.153610810637474060e-02
9.922816418111324310e-03
2.632847055792808533e-02
-2.620514482259750366e-02
2.691985666751861572e-02
-2.226642519235610962e-02
1.917803660035133362e-02
-2.254556119441986084e-02
1.366703957319259644e-02
6.076658144593238831e-03
-1.729435473680496216e-02
4.044678434729576111e-02
-3.907869756221771240e-02
4.753302037715911865e-02
-3.284336254000663757e-02
2.425883896648883820e-03
1.688007079064846039e-02
-3.850901499390602112e-02
4.937248677015304565e-02
-5.105923116207122803e-02
4.053970426321029663e-02
-4.271250218152999878e-03
-1.514252275228500366e-02
1.954374276101589203e-02
-2.382275089621543884e-02
3.309365827590227127e-03
5.833860486745834351e-03
8.440528064966201782e-03
-2.137967944145202637e-02
3.363132849335670471e-02
-2.361915446817874908e-02
9.676585905253887177e-03
8.201791904866695404e-03
-1.983619481325149536e-02
1.838018372654914856e-02
-2.786477329209446907e-03
4.122534301131963730e-04
6.988443434238433838e-03
7.405390962958335876e-03
-1.140599045902490616e-02
1.693503558635711670e-02
3.163787070661783218e-03
-1.764386519789695740e-02
1.630119979381561279e-02
-1.179297268390655518e-02
-2.086622640490531921e-03
2.627825597301125526e-03
-8.238626644015312195e-03
-3.397138789296150208e-04
2.049725037068128586e-03
-8.637504652142524719e-03
3.548726439476013184e-03
7.758902385830879211e-03
1.431443355977535248e-02
-2.349255606532096863e-02
3.550530225038528442e-02
-1.181950233876705170e-02
-1.265083439648151398e-02
2.601801417768001556e-02
-3.107181191444396973e-02
1.240551937371492386e-02
-3.313045483082532883e-03
-6.508949678391218185e-03
3.232270013540983200e-03
2.127897366881370544e-02
-3.333904966711997986e-02
3.189515694975852966e-02
-6.778314709663391113e-03
-9.165536612272262573e-03
9.792312979698181152e-03
-8.022700436413288116e-03
4.797788336873054504e-03
1.199752930551767349e-02
4.029044648632407188e-04
-6.089539267122745514e-03
-9.854973293840885162e-03
-1.240567117929458618e-02
-8.691299706697463989e-03
9.811660274863243103e-03
-1.948238909244537354e-02
-3.976251929998397827e-03
2.231745235621929169e-02
-2.080343477427959442e-02
1.317137107253074646e-02
3.293502144515514374e-03
-5.841254256665706635e-03
-1.907514641061425209e-03
3.798705339431762695e-02
-5.228984728455543518e-02
4.855997860431671143e-02
-3.595055267214775085e-02
-3.513073548674583435e-03
3.953085094690322876e-02
-4.094059392809867859e-02
3.964473307132720947e-02
-3.067040443420410156e-02
1.125703006982803345e-02
-5.911054089665412903e-03
4.673226270824670792e-03
1.010426878929138184e-02
-1.082728244364261627e-02
9.470357559621334076e-03
-8.548839017748832703e-03
2.508630976080894470e-03
3.275101538747549057e-03
-2.075830474495887756e-02
1.204901468008756638e-02
-5.350487772375345230e-03
-5.143615417182445526e-03
8.545728400349617004e-03
-3.051383793354034424e-02
1.195372361689805984e-02
-5.553883500397205353e-03
-7.478697691112756729e-03
1.888760365545749664e-02
-3.059116005897521973e-02
3.087171725928783417e-02
-3.498175367712974548e-02
2.990504913032054901e-02
-2.371557615697383881e-02
2.205045893788337708e-02
-1.003742031753063202e-02
-1.478971168398857117e-02
3.346197679638862610e-02
-3.391077741980552673e-02
2.471170574426651001e-02
-1.162653230130672455e-02
3.799768630415201187e-03
-8.758835494518280029e-03
2.331814728677272797e-02
-4.380096495151519775e-02
7.055500894784927368e-02
-7.299972325563430786e-02
5.330139398574829102e-02
-2.965075150132179260e-02
9.741031564772129059e-03
-8.820891380310058594e-04
-1.876012235879898071e-02
2.931706979870796204e-02
-3.810832649469375610e-02
6.108115613460540771e-02
-6.825789809226989746e-02
6.989880651235580444e-02
-6.310292333364486694e-02
1.038392446935176849e-02
4.220801964402198792e-02
-6.202976778149604797e-02
3.511255234479904175e-02
2.489860169589519501e-03
-5.222059041261672974e-02
8.436936140060424805e-02
-5.940484255552291870e-02
1.990171521902084351e-02
4.416672512888908386e-03
-3.039171360433101654e-02
2.721527777612209320e-02
-2.501297555863857269e-02
-6.482254248112440109e-04
1.589804654940962791e-03
1.516736485064029694e-02
-5.481448490172624588e-03
4.273224622011184692e-03
1.641982235014438629e-02
-4.158718138933181763e-02
4.097081720829010010e-02
-1.737638376653194427e-02
-2.243996784090995789e-02
7.609696686267852783e-02
-1.186168119311332703e-01
1.182842031121253967e-01
-7.517570257186889648e-02
2.206002175807952881e-02
3.626859933137893677e-02
-5.464562028646469116e-02
4.758397489786148071e-02
-2.048253640532493591e-02
-4.851706791669130325e-03
2.736569568514823914e-02
-3.380005061626434326e-02
2.805252745747566223e-02
6.055283360183238983e-03
-2.488724887371063232e-02
5.347998812794685364e-02
-6.181561574339866638e-02
3.944241628050804138e-02
-3.187345713376998901e-02
2.545683085918426514e-02
-5.080735683441162109e-02
6.734003871679306030e-02
-7.537627220153808594e-02
4.202193394303321838e-02
2.130097709596157074e-02
-5.763404071331024170e-02
7.619801163673400879e-02
-4.969650879502296448e-02
1.480669993907213211e-02
6.952057592570781708e-03
5.248255096375942230e-03
-3.149088099598884583e-02
4.534688219428062439e-02
-3.348639979958534241e-02
1.117588765919208527e-02
1.829281076788902283e-02
-1.498903147876262665e-02
-7.872072979807853699e-03
1.428996119648218155e-02
-9.504004381597042084e-03
3.788796719163656235e-03
-1.681882888078689575e-03
1.658414304256439209e-02
-1.960801705718040466e-02
4.473055526614189148e-02
-4.292214289307594299e-02
3.470391780138015747e-02
-8.554182946681976318e-03
-3.284003585577011108e-02
6.599987298250198364e-02
-7.755781710147857666e-02
7.537429779767990112e-02
-5.100297182798385620e-02
1.762145571410655975e-02
-4.982436541467905045e-03
-3.255905583500862122e-03
1.378018409013748169e-03
1.680037938058376312e-03
1.012404449284076691e-02
-1.327067054808139801e-02
5.093947425484657288e-02
-4.010080546140670776e-02
3.259169682860374451e-02
-1.006875187158584595e-03
-2.470868080854415894e-02
3.729321807622909546e-02
-4.540057480335235596e-02
2.474058419466018677e-02
1.006576977670192719e-02
-3.719525784254074097e-02
4.762941226363182068e-02
-1.427509635686874390e-02
-3.038519062101840973e-02
3.925313800573348999e-02
-2.071433886885643005e-02
-2.883184328675270081e-02
5.961133912205696106e-02
-5.867115408182144165e-02
4.803763329982757568e-02
-4.806509241461753845e-03
-1.309270784258842468e-02
2.276163920760154724e-02
-5.911595188081264496e-03
-1.153093948960304260e-02
-2.337243407964706421e-02
4.210932180285453796e-02
-5.588588491082191467e-02
6.148072332143783569e-02
-2.551650069653987885e-02
1.620482280850410461e-02
3.181435167789459229e-03
5.648534279316663742e-04
3.799662925302982330e-03
1.083728857338428497e-02
-7.401071488857269287e-04
-1.198159717023372650e-02
3.688360378146171570e-02
-4.817415773868560791e-02
5.588864535093307495e-02
-5.782587826251983643e-02
3.093575872480869293e-02
-4.869176074862480164e-03
5.370592698454856873e-04
1.982711255550384521e-03
-1.917294785380363464e-02
1.532053574919700623e-02
-3.452834486961364746e-02
5.305933579802513123e-02
-5.254008993506431580e-02
1.867050305008888245e-02
2.470894716680049896e-03
-1.634838059544563293e-02
2.080209553241729736e-02
-5.573119968175888062e-03
-1.284355949610471725e-02
5.049756728112697601e-03
1.487234421074390411e-02
-1.415652409195899963e-02
9.326317813247442245e-04
-1.230917638167738914e-03
-6.146749947220087051e-04
-2.440620772540569305e-02
5.578214302659034729e-02
-6.481431424617767334e-02
6.741194427013397217e-02
-3.450497612357139587e-02
-2.671561390161514282e-02
6.602261960506439209e-02
-8.589241653680801392e-02
7.098843157291412354e-02
-5.308819934725761414e-02
2.483170479536056519e-02
-6.902652792632579803e-03
9.537064470350742340e-03
1.750218309462070465e-02
1.106719486415386200e-03
-4.006698261946439743e-03
-1.753175444900989532e-02
3.188479691743850708e-02
-7.077231258153915405e-02
6.795683503150939941e-02
-5.196131765842437744e-02
1.083875447511672974e-02
4.237217083573341370e-02
-6.076092645525932312e-02
6.953959912061691284e-02
-5.433823540806770325e-02
2.273703552782535553e-02
3.561058547347784042e-03
-2.865037508308887482e-02
3.988748788833618164e-02
-4.059880971908569336e-02
3.078285418450832367e-02
1.434692647308111191e-03
-2.090035937726497650e-03
4.109962657094001770e-02
-7.779019325971603394e-02
5.165742337703704834e-02
-1.478410512208938599e-02
-4.730315878987312317e-02
7.654684036970138550e-02
-7.265733182430267334e-02
3.574673086404800415e-02
-4.558511078357696533e-03
-4.886864684522151947e-03
2.616623789072036743e-02
-1.832729205489158630e-02
8.193383924663066864e-03
-1.596591249108314514e-02
2.842241525650024414e-02
-4.601678252220153809e-02
1.727664098143577576e-02
1.178490370512008667e-02
-3.780235722661018372e-02
5.882581695914268494e-02
-4.683049395680427551e-02
3.006076812744140625e-02
-1.482768543064594269e-02
-2.193734794855117798e-02
2.510405704379081726e-02
-2.393335662782192230e-02
2.272680401802062988e-02
-1.927084662020206451e-02
6.203013937920331955e-03
3.364424337632954121e-04
1.251614652574062347e-02
-1.602920144796371460e-02
3.132198471575975418e-03
8.937881793826818466e-04
-9.340399876236915588e-03
-9.336080402135848999e-03
1.004574820399284363e-02
-3.384189680218696594e-02
3.590505197644233704e-02
-2.938595972955226898e-02
6.803456693887710571e-03
1.150481961667537689e-02
-4.683556407690048218e-02
4.661373794078826904e-02
-4.318516701459884644e-02
4.081342369318008423e-02
-3.024380467832088470e-02
5.471857730299234390e-03
1.046982780098915100e-02
-1.015846058726310730e-02
-6.496391259133815765e-03
1.667441241443157196e-02
-6.948215886950492859e-03
-2.426005713641643524e-02
3.987917304039001465e-02
-4.643238335847854614e-02
2.320957370102405548e-02
-1.116310246288776398e-03
-2.334377542138099670e-02
3.326056152582168579e-02
-1.652321033179759979e-02
-2.582565881311893463e-03
3.536407649517059326e-02
-2.309716306626796722e-02
1.530749630182981491e-02
1.197209954261779785e-02
-2.064479142427444458e-02
-6.561445072293281555e-03
2.994583919644355774e-02
-3.402055799961090088e-02
1.766446232795715332e-02
4.429702647030353546e-03
-3.455875813961029053e-02
4.787239432334899902e-02
-2.549177780747413635e-02
2.436400763690471649e-02
2.418382791802287102e-03
8.042184635996818542e-03
-2.205979824066162109e-02
3.527196496725082397e-02
-8.977581746876239777e-04
-4.759519547224044800e-02
3.600223362445831299e-02
-2.370131760835647583e-02
-2.622405253350734711e-02
4.981216788291931152e-02
-3.795810416340827942e-02
-1.954134181141853333e-02
4.222811013460159302e-02
-7.815667241811752319e-02
5.556067451834678650e-02
-2.805611491203308105e-02
1.142018008977174759e-02
3.806282579898834229e-02
-4.264126718044281006e-02
5.522084981203079224e-02
-3.453705832362174988e-02
3.343590535223484039e-03
8.609144017100334167e-03
-3.792971000075340271e-02
2.337358333170413971e-02
-4.766776226460933685e-03
-8.813040331006050110e-04
1.657053129747509956e-03
9.072508662939071655e-03
4.024750553071498871e-03
-1.297172065824270248e-02
1.351906638592481613e-02
-1.449741143733263016e-02
1.106095500290393829e-02
-1.563308760523796082e-02
1.709557324647903442e-02
-8.333038538694381714e-03
-1.918140798807144165e-02
2.042283490300178528e-02
-2.451565489172935486e-02
1.924453116953372955e-02
-1.199702825397253036e-02
-1.600636541843414307e-02
1.557723060250282288e-02
-1.872622221708297729e-02
-1.764220651239156723e-04
1.762910187244415283e-02
-8.641701191663742065e-03
-8.128719404339790344e-03
8.629381656646728516e-03
-1.096323877573013306e-02
1.076517626643180847e-02
-1.064468361437320709e-02
-4.641661886125802994e-03
2.401380985975265503e-02
-3.209226951003074646e-02
2.447586692869663239e-02
-3.841095836833119392e-03
4.534679930657148361e-03
5.689268000423908234e-03
-5.519882310181856155e-03
1.500330958515405655e-02
-2.553163468837738037e-02
3.572899848222732544e-02
-3.325672447681427002e-02
1.691402122378349304e-02
2.162785269320011139e-03
-9.726569987833499908e-03
3.818150609731674194e-02
-3.694001212716102600e-02
1.481555774807929993e-02
-1.709607243537902832e-02
3.067532181739807129e-02
-2.907043136656284332e-02
-3.656308166682720184e-03
2.475428208708763123e-02
-3.720054030418395996e-02
3.445305675268173218e-02
-3.226866945624351501e-02
2.070186100900173187e-02
-2.378412336111068726e-02
-9.022019803524017334e-03
3.759311512112617493e-02
-1.575166545808315277e-02
-2.718141069635748863e-03
1.120005175471305847e-02
-6.520112045109272003e-03
1.520002726465463638e-03
2.247093245387077332e-02
-4.039081186056137085e-02
2.416467294096946716e-02
6.524826865643262863e-03
-2.937406301498413086e-02
2.666017785668373108e-02
6.754951551556587219e-03
-3.124878928065299988e-02
4.459159821271896362e-02
-1.955378800630569458e-02
-1.743132993578910828e-02
3.841643780469894409e-02
-2.519725263118743896e-02
1.937626628205180168e-03
1.707129762507975101e-03
2.425122307613492012e-03
4.265048191882669926e-04
-5.340962670743465424e-03
-8.534312248229980469e-03
9.371818974614143372e-03
-1.819049008190631866e-02
1.277554221451282501e-02
-4.648446571081876755e-03
-3.496980294585227966e-03
1.090363599359989166e-02
-1.666736602783203125e-02
3.368245810270309448e-02
-2.434996888041496277e-02
-4.537937231361865997e-03
2.833114936947822571e-03
-2.020885422825813293e-02
2.015242353081703186e-02
-2.171819098293781281e-02
-4.758946597576141357e-04
-2.730915090069174767e-03
1.772255264222621918e-02
-6.969534792006015778e-03
3.034988418221473694e-03
1.942876726388931274e-02
-3.537311777472496033e-02
1.836244389414787292e-02
5.635933019220829010e-03
-1.598054170608520508e-02
4.231820814311504364e-03
7.983059622347354889e-03
-1.203585788607597351e-02
1.427956018596887589e-02
8.328701369464397430e-03
-1.078799366950988770e-02
-1.736031845211982727e-02
5.363286938518285751e-03
-1.074750721454620361e-02
2.639470621943473816e-04
1.750901341438293457e-02
-1.017506234347820282e-02
2.222298644483089447e-02
-3.188326023519039154e-03
5.301977507770061493e-03
1.299854274839162827e-02
-3.222478181123733521e-02
2.278988249599933624e-03
-4.602313973009586334e-03
-1.955123245716094971e-02
3.502206504344940186e-02
-1.263106707483530045e-02
1.073920354247093201e-02
1.597308553755283356e-02
7.915023714303970337e-03
3.929386381059885025e-03
-8.130878210067749023e-03
9.161578491330146790e-03
-1.043423917144536972e-02
5.590260028839111328e-03
5.796421319246292114e-03
7.179564796388149261e-03
-5.605456884950399399e-03
8.682811632752418518e-03
4.716302268207073212e-03
6.163287442177534103e-03
2.841164823621511459e-04
-1.875986345112323761e-02
-1.471185870468616486e-02
5.565013270825147629e-03
-4.227526951581239700e-04
-1.137208472937345505e-02
2.348200418055057526e-02
9.448531083762645721e-03
-3.480720566585659981e-03
-3.619230585172772408e-03
-1.665081828832626343e-02
-7.106154225766658783e-03
-2.066939696669578552e-02
-2.133600413799285889e-02
-1.556923799216747284e-02
5.812318064272403717e-03
2.732471376657485962e-02
-1.349785737693309784e-02
2.476302906870841980e-02
1.505843270570039749e-02
1.596439979039132595e-04
-9.124739095568656921e-03
-1.026508584618568420e-02
1.071891654282808304e-02
-4.301950335502624512e-03
2.817500382661819458e-03
2.476346911862492561e-03
3.017733059823513031e-02
-4.298118874430656433e-03
2.664061728864908218e-03
1.414436381310224533e-03
-9.920425713062286377e-03
9.484638459980487823e-03
-2.546280808746814728e-02
-3.761060070246458054e-03
1.081384602002799511e-03
-4.840654786676168442e-03
-7.434749044477939606e-03
1.661317422986030579e-02
1.292537245899438858e-02
-2.178092487156391144e-02
-1.029297895729541779e-02
-3.214141353964805603e-03
-3.426102222874760628e-03
-2.020857483148574829e-02
-1.860484480857849121e-03
1.150310505181550980e-02
8.866371586918830872e-03
-6.193049252033233643e-03
9.575167670845985413e-03
1.104236301034688950e-02
1.023885793983936310e-03
-1.350974012166261673e-02
8.004851639270782471e-03
5.593193345703184605e-04
-5.953657440841197968e-03
1.096456684172153473e-02
-1.630536979064345360e-03
2.538724616169929504e-02
-3.159222658723592758e-03
2.083491533994674683e-02
2.422008290886878967e-02
7.451611571013927460e-03
9.856069460511207581e-03
1.143641956150531769e-02
1.988348551094532013e-03
4.157108254730701447e-03
1.917443983256816864e-02
9.834572672843933105e-03
9.461080655455589294e-03
4.852250684052705765e-03
-3.972325474023818970e-03
-1.178387552499771118e-02
-1.362150907516479492e-02
-2.630566060543060303e-02
-6.750522647053003311e-03
3.305780235677957535e-03
-1.401014812290668488e-02
2.001262502744793892e-03
1.292893104255199432e-02
-1.415401045233011246e-02
-3.650629427284002304e-03
-1.308891642838716507e-02
-2.076295763254165649e-02
1.472393283620476723e-03
-8.479016833007335663e-03
-4.048309288918972015e-03
2.475033979862928391e-03
6.872084457427263260e-03
1.028971374034881592e-02
1.861220458522439003e-03
6.221482530236244202e-03
3.657611552625894547e-03
-1.325552910566329956e-02
1.514293486252427101e-03
5.517133977264165878e-03
-7.293717935681343079e-03
8.501770906150341034e-03
1.022446528077125549e-02
-6.190057843923568726e-03
3.136808518320322037e-03
-3.621366340667009354e-03
-6.086906883865594864e-03
2.289865398779511452e-03
-7.406495045870542526e-03
1.441841595806181431e-03
-9.755966253578662872e-03
-9.434893727302551270e-03
-5.070785060524940491e-03
-7.513898424804210663e-03
-3.205771557986736298e-03
-8.646453730762004852e-03
-6.038941908627748489e-03
-1.841671764850616455e-03
-1.159981265664100647e-02
9.776209481060504913e-05
1.423811633139848709e-02
-8.854243904352188110e-03
5.372210871428251266e-03
2.268587052822113037e-02
1.978946384042501450e-03
6.728575564920902252e-03
1.929319649934768677e-02
2.064710948616266251e-03
1.261652074754238129e-02
1.358634233474731445e-02
4.659781232476234436e-03
1.989387720823287964e-02
1.353857293725013733e-02
1.253392454236745834e-02
2.397726103663444519e-02
1.832207292318344116e-02
1.763924770057201385e-02
2.140439115464687347e-02
-1.711932709440588951e-03
5.942896474152803421e-03
9.201789274811744690e-03
-1.158801931887865067e-02
-5.712331738322973251e-03
-1.025348808616399765e-02
-1.035505533218383789e-02
-3.103321883827447891e-03
-1.091411802917718887e-02
-1.629159785807132721e-02
-1.847830414772033691e-02
-3.304466977715492249e-02
-3.254183009266853333e-02
-1.931459456682205200e-02
-2.185040712356567383e-02
-2.757412753999233246e-02
-2.219207398593425751e-02
-2.397171780467033386e-02
-1.585384644567966461e-02
-2.236679568886756897e-02
-3.153271228075027466e-02
-2.152881398797035217e-02
-2.229247987270355225e-02
-1.272448524832725525e-02
-1.432057283818721771e-02
8.177466224879026413e-04
1.539915334433317184e-03
3.489750088192522526e-04
9.092527441680431366e-03
-3.774154931306838989e-03
-3.651336766779422760e-03
5.781268235296010971e-03
1.969296718016266823e-03
-1.189013244584202766e-03
8.812058717012405396e-03
7.513996213674545288e-03
1.604630425572395325e-02
1.640768162906169891e-02
1.841451227664947510e-02
1.820024102926254272e-02
1.602120511233806610e-02
2.041669189929962158e-02
1.327242515981197357e-02
1.324415206909179688e-02
1.704377867281436920e-02
2.647821605205535889e-02
2.807298302650451660e-02
2.722949534654617310e-02
2.966789156198501587e-02
3.119632601737976074e-02
3.609395772218704224e-02
3.382863849401473999e-02
3.547880426049232483e-02
3.615783900022506714e-02
2.546148560941219330e-02
3.560916334390640259e-02
3.887775540351867676e-02
3.052170015871524811e-02
2.657968178391456604e-02
1.863679848611354828e-02
2.145674452185630798e-02
1.886461302638053894e-02
1.229430921375751495e-02
2.569426782429218292e-03
-2.699300646781921387e-03
-1.413367409259080887e-02
-2.009931951761245728e-02
-1.869147270917892456e-02
-2.998725324869155884e-02
-3.055274486541748047e-02
-3.748992830514907837e-02
-4.506175592541694641e-02
-4.740602523088455200e-02
-5.432158708572387695e-02
-6.097791343927383423e-02
-6.373780220746994019e-02
-6.794025748968124390e-02
-6.883794069290161133e-02
-7.181793451309204102e-02
-7.517138868570327759e-02
-7.097907364368438721e-02
-6.883039325475692749e-02
-7.386630773544311523e-02
-7.322657108306884766e-02
-6.519851833581924438e-02
-6.405825167894363403e-02
-5.237334966659545898e-02
-4.945125058293342590e-02
-3.908441960811614990e-02
-2.907882630825042725e-02
-2.046929299831390381e-02
-6.895913742482662201e-03
2.149129519239068031e-03
1.190095953643321991e-02
2.060178481042385101e-02
3.153328597545623779e-02
4.393067210912704468e-02
5.536447465419769287e-02
6.292883306741714478e-02
7.290902733802795410e-02
8.305704593658447266e-02
9.706038236618041992e-02
1.015311181545257568e-01
1.095205694437026978e-01
1.159473806619644165e-01
1.215463057160377502e-01
1.225452423095703125e-01
1.241072341799736023e-01
1.197280958294868469e-01
1.131563335657119751e-01
1.063075512647628784e-01
9.922976791858673096e-02
9.052612632513046265e-02
7.793026417493820190e-02
7.287752628326416016e-02
6.117399781942367554e-02
5.311860516667366028e-02
3.767577558755874634e-02
2.885811775922775269e-02
1.288693677634000778e-02
-4.216982051730155945e-03
-1.701133511960506439e-02
-2.733146399259567261e-02
-3.758071735501289368e-02
-5.414277315139770508e-02
-6.042665243148803711e-02
-6.730778515338897705e-02
-7.546428591012954712e-02
-8.247852325439453125e-02
-9.232731163501739502e-02
-9.825342893600463867e-02
-1.060077697038650513e-01
-1.157336235046386719e-01
-1.177389770746231079e-01
-1.288790553808212280e-01
-1.353981196880340576e-01
-1.410806030035018921e-01
-1.428504139184951782e-01
-1.432965695858001709e-01
-1.499202400445938110e-01
-1.399409025907516479e-01
-1.221931800246238708e-01
-1.033145934343338013e-01
-9.118235111236572266e-02
-7.436105608940124512e-02
-5.045847594738006592e-02
-3.149761259555816650e-02
-1.954275369644165039e-02
-1.038201712071895599e-02
7.984019815921783447e-03
2.400397136807441711e-02
3.996194526553153992e-02
5.824263393878936768e-02
8.385471999645233154e-02
1.049425750970840454e-01
1.151575297117233276e-01
1.287736594676971436e-01
1.424330770969390869e-01
1.465072333812713623e-01
1.431763917207717896e-01
1.391190141439437866e-01
1.332233250141143799e-01
1.310942173004150391e-01
1.282826364040374756e-01
1.248433068394660950e-01
1.140170767903327942e-01
1.059808880090713501e-01
9.963323175907135010e-02
8.703300356864929199e-02
6.993354856967926025e-02
5.238506570458412170e-02
3.564172238111495972e-02
1.964473724365234375e-02
7.941157557070255280e-03
1.313540386036038399e-03
-6.220488809049129486e-03
-1.835983619093894958e-02
-2.044162899255752563e-02
-2.429130300879478455e-02
-2.463794685900211334e-02
-2.914213761687278748e-02
-3.623591363430023193e-02
-3.817657381296157837e-02
-3.559152409434318542e-02
-3.104123473167419434e-02
-2.775591611862182617e-02
-2.457404322922229767e-02
-2.404600754380226135e-02
-2.676910161972045898e-02
-3.512115404009819031e-02
-4.214847832918167114e-02
-5.562981963157653809e-02
-6.889751553535461426e-02
-8.494760096073150635e-02
-1.007460653781890869e-01
-1.130537316203117371e-01
-1.313699185848236084e-01
-1.428958773612976074e-01
-1.603457927703857422e-01
-1.746855676174163818e-01
-1.766102164983749390e-01
-1.730241328477859497e-01
-1.594876050949096680e-01
-1.452011466026306152e-01
-1.282855868339538574e-01
-1.070937961339950562e-01
-8.366957306861877441e-02
-6.547962129116058350e-02
-4.663199931383132935e-02
-2.844478748738765717e-02
-8.669283241033554077e-03
9.888394735753536224e-03
3.728127479553222656e-02
6.676255166530609131e-02
9.370362013578414917e-02
1.189204230904579163e-01
1.388415247201919556e-01
1.555474996566772461e-01
1.641649603843688965e-01
1.694501638412475586e-01
1.667127013206481934e-01
1.604187488555908203e-01
1.514603346586227417e-01
1.471788138151168823e-01
1.433834135532379150e-01
1.397496461868286133e-01
1.301053315401077271e-01
1.201318502426147461e-01
1.100211143493652344e-01
9.384714066982269287e-02
7.676001638174057007e-02
5.655838549137115479e-02
3.419313579797744751e-02
1.484987139701843262e-02
7.215698715299367905e-04
-5.660876631736755371e-03
-1.324537117034196854e-02
-1.953088119626045227e-02
-2.090181969106197357e-02
-2.502376772463321686e-02
-2.423019520938396454e-02
-2.622325718402862549e-02
-2.798403613269329071e-02
-3.052798472344875336e-02
-3.123221918940544128e-02
-2.561968006193637848e-02
-1.679839193820953369e-02
-9.795203804969787598e-03
-1.061549782752990723e-02
-9.629160165786743164e-03
-1.281669549643993378e-02
-2.189020812511444092e-02
-3.751592338085174561e-02
-5.978230014443397522e-02
-8.076311647891998291e-02
-9.587569534778594971e-02
-1.112170219421386719e-01
-1.313979327678680420e-01
-1.516711711883544922e-01
-1.697029173374176025e-01
-1.828704476356506348e-01
-1.970124989748001099e-01
-2.012220919132232666e-01
-1.922942399978637695e-01
-1.662309020757675171e-01
-1.451746523380279541e-01
-1.291252970695495605e-01
-1.010135263204574585e-01
-6.593921780586242676e-02
-4.149808362126350403e-02
-2.564707398414611816e-02
-9.827693924307823181e-03
1.080996170639991760e-02
3.269131481647491455e-02
5.570071935653686523e-02
8.989807963371276855e-02
1.150076836347579956e-01
1.405948996543884277e-01
1.570414155721664429e-01
1.703346520662307739e-01
1.792297363281250000e-01
1.817815899848937988e-01
1.713130176067352295e-01
1.606069952249526978e-01
1.490287482738494873e-01
1.457510590553283691e-01
1.449676156044006348e-01
1.376334428787231445e-01
1.283993422985076904e-01
1.151448413729667664e-01
1.142155900597572327e-01
9.741836041212081909e-02
8.043017983436584473e-02
5.773722380399703979e-02
3.634953126311302185e-02
2.119510620832443237e-02
7.890988141298294067e-03
-1.939281588420271873e-03
-6.462727207690477371e-03
-1.046337652951478958e-02
-1.209179498255252838e-02
-9.557068347930908203e-03
-1.114002149552106857e-02
-9.573567658662796021e-03
-1.438017375767230988e-02
-1.697091013193130493e-02
-1.591982319951057434e-02
-1.273038424551486969e-02
-7.054435089230537415e-03
-7.287441287189722061e-03
-9.053375571966171265e-03
-9.311395697295665741e-03
-1.564566418528556824e-02
-2.927953749895095825e-02
-4.945430904626846313e-02
-7.101447135210037231e-02
-9.353485703468322754e-02
-1.130714192986488342e-01
-1.313391327857971191e-01
-1.526317298412322998e-01
-1.725073903799057007e-01
-1.881512999534606934e-01
-2.042660862207412720e-01
-2.220073044300079346e-01
-2.283593714237213135e-01
-2.084102481603622437e-01
-1.769440174102783203e-01
-1.476198136806488037e-01
-1.237331554293632507e-01
-9.193575382232666016e-02
-4.882485419511795044e-02
-1.524141337722539902e-02
2.427754690870642662e-03
1.436281111091375351e-02
3.429186716675758362e-02
5.267181620001792908e-02
7.730914652347564697e-02
9.953761100769042969e-02
1.236501559615135193e-01
1.455887556076049805e-01
1.639012545347213745e-01
1.786369830369949341e-01
1.852653771638870239e-01
1.856456249952316284e-01
1.790761500597000122e-01
1.628876030445098877e-01
1.443703472614288330e-01
1.398631781339645386e-01
1.328009366989135742e-01
1.275325119495391846e-01
1.158138066530227661e-01
1.072148159146308899e-01
1.036523282527923584e-01
9.598989784717559814e-02
7.990627735853195190e-02
5.565084517002105713e-02
3.490586206316947937e-02
1.868159323930740356e-02
4.739320836961269379e-03
-7.712579797953367233e-03
-1.481908839195966721e-02
-1.319782435894012451e-02
-9.664106182754039764e-03
-8.224885910749435425e-03
-4.422888159751892090e-03
-4.188151098787784576e-03
-4.192873835563659668e-03
-8.503118529915809631e-03
-1.196410320699214935e-02
-1.008703373372554779e-02
-9.646915830671787262e-03
-9.635079652070999146e-03
-1.091082300990819931e-02
-1.567516848444938660e-02
-1.926150918006896973e-02
-3.027293272316455841e-02
-5.086668208241462708e-02
-7.598395645618438721e-02
-1.012963503599166870e-01
-1.244256421923637390e-01
-1.495051831007003784e-01
-1.747171580791473389e-01
-1.973266899585723877e-01
-2.169862389564514160e-01
-2.296759337186813354e-01
-2.436283230781555176e-01
-2.457538545131683350e-01
-2.186557799577713013e-01
-1.809402257204055786e-01
-1.438471078872680664e-01
-1.190727129578590393e-01
-8.473572880029678345e-02
-4.254974424839019775e-02
-4.911568015813827515e-03
1.473341044038534164e-02
2.457388862967491150e-02
4.254736006259918213e-02
6.555186212062835693e-02
9.229782968759536743e-02
1.151284873485565186e-01
1.394398808479309082e-01
1.572809219360351562e-01
1.751965284347534180e-01
1.854305863380432129e-01
1.862202584743499756e-01
1.838691085577011108e-01
1.734432429075241089e-01
1.529916673898696899e-01
1.347158700227737427e-01
1.236657947301864624e-01
1.211652159690856934e-01
1.155702620744705200e-01
1.019826978445053101e-01
9.509669244289398193e-02
9.238272905349731445e-02
8.831526339054107666e-02
7.287692278623580933e-02
4.810132458806037903e-02
2.630132064223289490e-02
1.146796997636556625e-02
-1.544016529805958271e-03
-1.342276390641927719e-02
-2.240491285920143127e-02
-2.007375657558441162e-02
-1.399215683341026306e-02
-6.005746312439441681e-03
-2.212185878306627274e-03
2.057745587080717087e-04
2.676336094737052917e-03
-2.360290149226784706e-03
-3.590526757761836052e-03
-6.745002232491970062e-03
-8.617326617240905762e-03
-7.819922640919685364e-03
-1.235634274780750275e-02
-1.724952459335327148e-02
-2.004305459558963776e-02
-2.874947153031826019e-02
-4.467825591564178467e-02
-7.176989316940307617e-02
-1.003263890743255615e-01
-1.257340312004089355e-01
-1.544440388679504395e-01
-1.832984089851379395e-01
-2.107046842575073242e-01
-2.294614315032958984e-01
-2.398793697357177734e-01
-2.571181952953338623e-01
-2.584153413772583008e-01
-2.286462783813476562e-01
-1.818319261074066162e-01
-1.354172825813293457e-01
-1.087101250886917114e-01
-7.366503030061721802e-02
-2.895243465900421143e-02
1.305507309734821320e-02
3.530318289995193481e-02
4.379775002598762512e-02
5.969175696372985840e-02
8.157142251729965210e-02
1.062068194150924683e-01
1.244883611798286438e-01
1.416036784648895264e-01
1.597099304199218750e-01
1.774094551801681519e-01
1.834121197462081909e-01
1.817095577716827393e-01
1.767469644546508789e-01
1.670924872159957886e-01
1.482659280300140381e-01
1.216223984956741333e-01
1.071492955088615417e-01
1.015689000487327576e-01
9.565053880214691162e-02
8.434477448463439941e-02
7.394018024206161499e-02
7.494880259037017822e-02
7.466798275709152222e-02
6.663437187671661377e-02
4.748816788196563721e-02
3.039240092039108276e-02
1.817258819937705994e-02
5.461786873638629913e-03
-6.285686511546373367e-03
-1.701362803578376770e-02
-1.532738376408815384e-02
-8.164557628333568573e-03
-1.961192116141319275e-03
3.480817424133419991e-03
1.030113920569419861e-02
1.711630821228027344e-02
1.690817438066005707e-02
1.060484070330858231e-02
4.953313153237104416e-03
2.133072412107139826e-04
-2.646850422024726868e-03
-1.040292158722877502e-02
-1.882215216755867004e-02
-2.472295984625816345e-02
-3.299596533179283142e-02
-4.716549441218376160e-02
-7.339839637279510498e-02
-9.972006082534790039e-02
-1.237642243504524231e-01
-1.507746428251266479e-01
-1.824234426021575928e-01
-2.127586007118225098e-01
-2.353044003248214722e-01
-2.461242377758026123e-01
-2.630927562713623047e-01
-2.694072425365447998e-01
-2.453559190034866333e-01
-1.940934062004089355e-01
-1.391822695732116699e-01
-1.050968319177627563e-01
-6.867282092571258545e-02
-2.469548955559730530e-02
2.095294743776321411e-02
4.952044785022735596e-02
6.129017844796180725e-02
6.869757920503616333e-02
8.387454599142074585e-02
1.052100136876106262e-01
1.241479367017745972e-01
1.388667821884155273e-01
1.512630581855773926e-01
1.672564446926116943e-01
1.746485829353332520e-01
1.758930683135986328e-01
1.738072633743286133e-01
1.660932302474975586e-01
1.478558033704757690e-01
1.187065243721008301e-01
1.004777327179908752e-01
9.273882955312728882e-02
8.601793646812438965e-02
7.408332079648971558e-02
6.356321275234222412e-02
6.487888842821121216e-02
6.775465607643127441e-02
6.680908054113388062e-02
5.516906082630157471e-02
3.987220302224159241e-02
2.822062186896800995e-02
1.721328496932983398e-02
6.768615450710058212e-03
-4.489029292017221451e-03
-7.146653719246387482e-03
-3.167604561895132065e-03
2.900720108300447464e-03
8.567068725824356079e-03
1.355513185262680054e-02
2.224918827414512634e-02
2.257154509425163269e-02
1.570211164653301239e-02
7.467015646398067474e-03
1.128193805925548077e-03
-4.997011739760637283e-03
-1.494841650128364563e-02
-2.659478038549423218e-02
-3.568707406520843506e-02
-4.428755864500999451e-02
-5.686149746179580688e-02
-7.720908522605895996e-02
-1.024443060159683228e-01
-1.256651431322097778e-01
-1.479339003562927246e-01
-1.784793436527252197e-01
-2.078233063220977783e-01
-2.322138249874114990e-01
-2.476430535316467285e-01
-2.630655467510223389e-01
-2.735896408557891846e-01
-2.506855726242065430e-01
-2.007781863212585449e-01
-1.402873098850250244e-01
-1.013983711600303650e-01
-6.481038033962249756e-02
-1.969185657799243927e-02
2.729174122214317322e-02
5.784360319375991821e-02
6.671127676963806152e-02
7.407026737928390503e-02
8.581938594579696655e-02
1.050830110907554626e-01
1.194720715284347534e-01
1.327726542949676514e-01
1.454165279865264893e-01
1.616862714290618896e-01
1.719773709774017334e-01
1.728574782609939575e-01
1.690034270286560059e-01
1.588360071182250977e-01
1.432121098041534424e-01
1.145421490073204041e-01
9.267260134220123291e-02
8.230252563953399658e-02
7.585904002189636230e-02
6.762608140707015991e-02
5.641768872737884521e-02
5.955450236797332764e-02
6.705553829669952393e-02
7.022184878587722778e-02
6.227576732635498047e-02
4.923310503363609314e-02
3.964216634631156921e-02
2.963723614811897278e-02
1.891864277422428131e-02
6.879778578877449036e-03
1.743971835821866989e-03
3.543245140463113785e-03
9.455795399844646454e-03
1.591587811708450317e-02
2.101336047053337097e-02
2.863945998251438141e-02
2.961265668272972107e-02
2.380296215415000916e-02
1.405333820730447769e-02
4.516275133937597275e-03
-3.454031422734260559e-03
-1.738784834742546082e-02
-3.104074671864509583e-02
-4.107499122619628906e-02
-4.906256124377250671e-02
-6.162089109420776367e-02
-8.148839324712753296e-02
-1.036041378974914551e-01
-1.253213137388229370e-01
-1.474587917327880859e-01
-1.779385358095169067e-01
-2.080024778842926025e-01
-2.328573465347290039e-01
-2.487370073795318604e-01
-2.623760402202606201e-01
-2.765794396400451660e-01
-2.589213550090789795e-01
-2.113250195980072021e-01
-1.472467631101608276e-01
-1.003912389278411865e-01
-6.494850665330886841e-02
-2.020171284675598145e-02
2.699936553835868835e-02
6.290335208177566528e-02
7.419006526470184326e-02
8.014431595802307129e-02
8.811854571104049683e-02
1.048881709575653076e-01
1.181460320949554443e-01
1.283369958400726318e-01
1.385903954505920410e-01
1.523132473230361938e-01
1.656608730554580688e-01
1.667061299085617065e-01
1.649495065212249756e-01
1.581836044788360596e-01
1.472148150205612183e-01
1.206414029002189636e-01
9.327740967273712158e-02
7.812902331352233887e-02
7.058181613683700562e-02
6.450679153203964233e-02
5.211466923356056213e-02
5.276834592223167419e-02
6.079814583063125610e-02
6.953763216733932495e-02
6.922622770071029663e-02
6.083782762289047241e-02
5.562884360551834106e-02
4.940499365329742432e-02
4.026896879076957703e-02
2.731057070195674896e-02
1.972371339797973633e-02
2.009501308202743530e-02
2.470701932907104492e-02
2.695206180214881897e-02
2.863822132349014282e-02
3.412264958024024963e-02
3.647696971893310547e-02
3.108961135149002075e-02
1.752530783414840698e-02
4.068873357027769089e-03
-7.583251222968101501e-03
-2.061665058135986328e-02
-3.635755181312561035e-02
-4.871327430009841919e-02
-5.849211663007736206e-02
-6.906349956989288330e-02
-8.664619922637939453e-02
-1.092927232384681702e-01
-1.305386424064636230e-01
-1.495437622070312500e-01
-1.749530732631683350e-01
-2.051673680543899536e-01
-2.302301675081253052e-01
-2.471143305301666260e-01
-2.550377845764160156e-01
-2.690929770469665527e-01
-2.558378577232360840e-01
-2.146927565336227417e-01
-1.508997827768325806e-01
-9.640119224786758423e-02
-6.008313596248626709e-02
-1.914725080132484436e-02
2.453478798270225525e-02
6.477948278188705444e-02
7.814706116914749146e-02
7.995562255382537842e-02
8.084598183631896973e-02
9.583663940429687500e-02
1.104858592152595520e-01
1.187273561954498291e-01
1.235614269971847534e-01
1.354218721389770508e-01
1.509470045566558838e-01
1.546882688999176025e-01
1.505186110734939575e-01
1.408779025077819824e-01
1.336169987916946411e-01
1.141281723976135254e-01
8.986516296863555908e-02
7.367838174104690552e-02
6.389065086841583252e-02
5.933883041143417358e-02
5.139152333140373230e-02
5.168770253658294678e-02
6.015814840793609619e-02
6.946727633476257324e-02
7.469761371612548828e-02
7.092793285846710205e-02
6.855353713035583496e-02
6.568021327257156372e-02
6.101731210947036743e-02
5.025195330381393433e-02
4.183216392993927002e-02
4.197356849908828735e-02
4.318695887923240662e-02
4.343561455607414246e-02
4.040630161762237549e-02
4.255150258541107178e-02
4.249767214059829712e-02
3.626067563891410828e-02
2.361455932259559631e-02
7.987190969288349152e-03
-6.291185505688190460e-03
-2.227764762938022614e-02
-3.884775936603546143e-02
-5.464625358581542969e-02
-6.718486547470092773e-02
-7.984715700149536133e-02
-9.760437905788421631e-02
-1.195890754461288452e-01
-1.415584087371826172e-01
-1.614173650741577148e-01
-1.835202425718307495e-01
-2.106321752071380615e-01
-2.318370640277862549e-01
-2.492672204971313477e-01
-2.573145031929016113e-01
-2.699952125549316406e-01
-2.613011598587036133e-01
-2.220758199691772461e-01
-1.611586809158325195e-01
-1.017626225948333740e-01
-6.130900979042053223e-02
-1.709674112498760223e-02
2.569559216499328613e-02
6.617518514394760132e-02
8.099602162837982178e-02
8.647461235523223877e-02
8.683313429355621338e-02
9.671608358621597290e-02
1.066726744174957275e-01
1.125327050685882568e-01
1.184866800904273987e-01
1.273812353610992432e-01
1.421408355236053467e-01
1.474162638187408447e-01
1.442573666572570801e-01
1.300844699144363403e-01
1.163238137960433960e-01
9.775589406490325928e-02
7.982322573661804199e-02
6.171210855245590210e-02
4.981514438986778259e-02
4.210105910897254944e-02
4.232571274042129517e-02
5.003670975565910339e-02
6.138566136360168457e-02
7.279051840305328369e-02
7.958451658487319946e-02
8.363942801952362061e-02
8.359068632125854492e-02
7.850366830825805664e-02
7.113014161586761475e-02
6.392415612936019897e-02
5.889222025871276855e-02
5.848565697669982910e-02
5.711512267589569092e-02
5.997316539287567139e-02
6.024063378572463989e-02
6.038362160325050354e-02
5.644048005342483521e-02
4.679942876100540161e-02
3.302474692463874817e-02
1.293071173131465912e-02
-8.111962117254734039e-03
-2.847501449286937714e-02
-4.682434350252151489e-02
-6.283317506313323975e-02
-7.638201117515563965e-02
-9.111298620700836182e-02
-1.048564463853836060e-01
-1.213482245802879333e-01
-1.405640840530395508e-01
-1.625557392835617065e-01
-1.851149648427963257e-01
-2.092885226011276245e-01
-2.280066460371017456e-01
-2.487754225730895996e-01
-2.613818049430847168e-01
-2.733522653579711914e-01
-2.695673704147338867e-01
-2.304700911045074463e-01
-1.741167455911636353e-01
-1.086086779832839966e-01
-6.654783338308334351e-02
-2.359407395124435425e-02
1.733268052339553833e-02
5.536530911922454834e-02
7.533808052539825439e-02
7.764069736003875732e-02
7.693290710449218750e-02
8.352204412221908569e-02
9.574598819017410278e-02
1.041348204016685486e-01
1.098416745662689209e-01
1.162289679050445557e-01
1.341939568519592285e-01
1.427239775657653809e-01
1.422284841537475586e-01
1.248206943273544312e-01
1.115100830793380737e-01
9.562236070632934570e-02
8.309048414230346680e-02
6.594485044479370117e-02
5.112713575363159180e-02
4.465248808264732361e-02
4.452114924788475037e-02
5.880581587553024292e-02
6.793020665645599365e-02
7.837340235710144043e-02
8.382041752338409424e-02
9.246506541967391968e-02
9.623474627733230591e-02
9.225282073020935059e-02
8.402854949235916138e-02
7.644794881343841553e-02
7.455947995185852051e-02
7.641297578811645508e-02
7.551617175340652466e-02
7.420929521322250366e-02
7.107664644718170166e-02
7.098301500082015991e-02
6.788228452205657959e-02
5.484631657600402832e-02
3.632777184247970581e-02
1.207295153290033340e-02
-9.949633851647377014e-03
-3.135468810796737671e-02
-5.138807371258735657e-02
-7.051643729209899902e-02
-8.249747008085250854e-02
-9.375216066837310791e-02
-1.035314276814460754e-01
-1.213748008012771606e-01
-1.420648694038391113e-01
-1.634137332439422607e-01
-1.832194775342941284e-01
-2.079518437385559082e-01
-2.277046442031860352e-01
-2.498757839202880859e-01
-2.650421857833862305e-01
-2.761447429656982422e-01
-2.739793956279754639e-01
-2.333308905363082886e-01
-1.780851036310195923e-01
-1.124082058668136597e-01
-7.084327936172485352e-02
-2.520801126956939697e-02
1.341390423476696014e-02
5.021846666932106018e-02
6.368488073348999023e-02
6.190030649304389954e-02
6.050721183419227600e-02
6.787770986557006836e-02
8.425813168287277222e-02
9.270094335079193115e-02
1.033216640353202820e-01
1.152709573507308960e-01
1.404981315135955811e-01
1.485651284456253052e-01
1.431770771741867065e-01
1.214784085750579834e-01
1.043839603662490845e-01
8.910834044218063354e-02
7.898566126823425293e-02
6.217020004987716675e-02
4.998169839382171631e-02
4.723662883043289185e-02
5.779591947793960571e-02
7.373136281967163086e-02
8.256290107965469360e-02
9.206493943929672241e-02
9.742541611194610596e-02
1.063783168792724609e-01
1.034404784440994263e-01
9.302756935358047485e-02
8.096867799758911133e-02
7.688885927200317383e-02
8.267386257648468018e-02
8.560517430305480957e-02
8.233328163623809814e-02
8.395315706729888916e-02
8.393083512783050537e-02
8.696341514587402344e-02
7.788424193859100342e-02
5.966981500387191772e-02
3.484699875116348267e-02
1.100064814090728760e-02
-1.051418110728263855e-02
-3.464031219482421875e-02
-5.581818148493766785e-02
-6.939283013343811035e-02
-7.420641928911209106e-02
-8.655047416687011719e-02
-1.009972244501113892e-01
-1.239029914140701294e-01
-1.456278711557388306e-01
-1.678855866193771362e-01
-1.893266141414642334e-01
-2.175921201705932617e-01
-2.393866628408432007e-01
-2.591545581817626953e-01
-2.698390483856201172e-01
-2.808516323566436768e-01
-2.801115512847900391e-01
-2.397155761718750000e-01
-1.852093189954757690e-01
-1.210576593875885010e-01
-7.806841284036636353e-02
-3.658476844429969788e-02
-1.039427239447832108e-03
2.890286222100257874e-02
4.309637099504470825e-02
4.315964132547378540e-02
4.359537735581398010e-02
5.446152761578559875e-02
7.447193562984466553e-02
9.236329793930053711e-02
1.084231063723564148e-01
1.269093006849288940e-01
1.496801078319549561e-01
1.577245891094207764e-01
1.470031589269638062e-01
1.227971091866493225e-01
1.016291156411170959e-01
8.469217270612716675e-02
7.652603089809417725e-02
6.442064046859741211e-02
6.066808104515075684e-02
6.166791170835494995e-02
7.482294738292694092e-02
8.973740041255950928e-02
9.927010536193847656e-02
1.050675287842750549e-01
1.046328544616699219e-01
1.045690476894378662e-01
9.864264726638793945e-02
8.686616271734237671e-02
7.672636210918426514e-02
7.615722715854644775e-02
8.599303662776947021e-02
9.706601500511169434e-02
9.736895561218261719e-02
9.969748556613922119e-02
9.542179852724075317e-02
9.130596369504928589e-02
7.893228530883789062e-02
5.869690701365470886e-02
3.030126914381980896e-02
3.904640208929777145e-03
-1.536491699516773224e-02
-3.388213366270065308e-02
-5.016749352216720581e-02
-6.289257109165191650e-02
-6.724013388156890869e-02
-7.952533662319183350e-02
-9.612641483545303345e-02
-1.200101599097251892e-01
-1.451936811208724976e-01
-1.700649410486221313e-01
-1.913867890834808350e-01
-2.152210474014282227e-01
-2.344662696123123169e-01
-2.529928088188171387e-01
-2.635079026222229004e-01
-2.724267244338989258e-01
-2.742378413677215576e-01
-2.420120239257812500e-01
-1.947400867938995361e-01
-1.364070177078247070e-01
-9.285426139831542969e-02
-5.431170761585235596e-02
-2.371605858206748962e-02
1.827099826186895370e-03
1.729585789144039154e-02
2.525201626121997833e-02
2.942456305027008057e-02
4.014106467366218567e-02
6.082271412014961243e-02
8.205430954694747925e-02
1.024768948554992676e-01
1.192669272422790527e-01
1.403406560420989990e-01
1.472099125385284424e-01
1.368619650602340698e-01
1.128432452678680420e-01
9.242406487464904785e-02
7.861830294132232666e-02
7.627815008163452148e-02
7.166324555873870850e-02
7.379152625799179077e-02
7.830286771059036255e-02
9.012982249259948730e-02
1.061329692602157593e-01
1.127252876758575439e-01
1.140882074832916260e-01
1.096860840916633606e-01
1.072309613227844238e-01
9.963750094175338745e-02
8.923698216676712036e-02
8.313197642564773560e-02
8.699246495962142944e-02
1.007757857441902161e-01
1.134071499109268188e-01
1.160315424203872681e-01
1.156819462776184082e-01
1.075536534190177917e-01
1.022583320736885071e-01
8.642049133777618408e-02
6.034786254167556763e-02
3.010207973420619965e-02
2.114977221935987473e-03
-1.576590724289417267e-02
-3.311074525117874146e-02
-4.459911212325096130e-02
-5.347361415624618530e-02
-5.857629328966140747e-02
-7.109740376472473145e-02
-9.096002578735351562e-02
-1.178401410579681396e-01
-1.457733809947967529e-01
-1.719889491796493530e-01
-1.943724453449249268e-01
-2.150417864322662354e-01
-2.315276861190795898e-01
-2.435875087976455688e-01
-2.519778907299041748e-01
-2.535879015922546387e-01
-2.549173533916473389e-01
-2.293104380369186401e-01
-1.903470754623413086e-01
-1.437948942184448242e-01
-1.075008735060691833e-01
-7.457189261913299561e-02
-4.289392009377479553e-02
-2.107151411473751068e-02
-5.031347274780273438e-03
2.429549582302570343e-03
1.311216689646244049e-02
2.456911280751228333e-02
4.621403664350509644e-02
6.864693015813827515e-02
8.837512135505676270e-02
1.016369611024856567e-01
1.211977452039718628e-01
1.322595030069351196e-01
1.229585409164428711e-01
1.044522523880004883e-01
8.730880916118621826e-02
7.941661030054092407e-02
7.847966998815536499e-02
7.902994751930236816e-02
8.415099233388900757e-02
9.051498770713806152e-02
9.810648858547210693e-02
1.111571565270423889e-01
1.171550154685974121e-01
1.152933835983276367e-01
1.116236671805381775e-01
1.102479323744773865e-01
1.057839468121528625e-01
9.754452109336853027e-02
9.458992630243301392e-02
9.980145096778869629e-02
1.094430238008499146e-01
1.171539649367332458e-01
1.178571581840515137e-01
1.140264421701431274e-01
1.010782718658447266e-01
9.160245954990386963e-02
7.810448110103607178e-02
5.455441027879714966e-02
2.946791797876358032e-02
9.462210349738597870e-03
-6.051967386156320572e-03
-2.040816098451614380e-02
-3.046914935111999512e-02
-3.780719265341758728e-02
-4.512591660022735596e-02
-5.962131172418594360e-02
-8.072103559970855713e-02
-1.087050288915634155e-01
-1.364490985870361328e-01
-1.588256657123565674e-01
-1.785632669925689697e-01
-1.955205798149108887e-01
-2.091020047664642334e-01
-2.196047753095626831e-01
-2.265757620334625244e-01
-2.319928556680679321e-01
-2.347224503755569458e-01
-2.265070080757141113e-01
-1.983792185783386230e-01
-1.624440997838973999e-01
-1.281573772430419922e-01
-9.910929948091506958e-02
-6.865804642438888550e-02
-4.449238628149032593e-02
-2.614901214838027954e-02
-1.183371059596538544e-02
-3.467875765636563301e-03
8.146512322127819061e-03
2.793524414300918579e-02
5.362068116664886475e-02
7.178972661495208740e-02
8.575320243835449219e-02
1.019319742918014526e-01
1.160687059164047241e-01
1.148775964975357056e-01
1.047324091196060181e-01
9.041190892457962036e-02
8.120790123939514160e-02
8.030129969120025635e-02
8.555408567190170288e-02
9.058826416730880737e-02
9.471987932920455933e-02
1.009359583258628845e-01
1.110174506902694702e-01
1.139495521783828735e-01
1.081052720546722412e-01
9.850353002548217773e-02
9.288764744997024536e-02
9.148938953876495361e-02
8.787480741739273071e-02
8.647919446229934692e-02
8.710481971502304077e-02
9.420260041952133179e-02
1.051935404539108276e-01
1.105196923017501831e-01
1.068835109472274780e-01
9.969104826450347900e-02
8.668892085552215576e-02
7.901846617460250854e-02
6.391808390617370605e-02
4.638005048036575317e-02
3.221224620938301086e-02
2.289213612675666809e-02
1.596405915915966034e-02
7.956122048199176788e-03
-4.139764700084924698e-03
-1.257730834186077118e-02
-2.385341003537178040e-02
-4.092621803283691406e-02
-5.802586674690246582e-02
-8.319141715764999390e-02
-1.031846702098846436e-01
-1.202786862850189209e-01
-1.349515616893768311e-01
-1.479525268077850342e-01
-1.581297665834426880e-01
-1.736037135124206543e-01
-1.841794997453689575e-01
-2.013906538486480713e-01
-2.115125954151153564e-01
-2.059355676174163818e-01
-1.861548423767089844e-01
-1.665483862161636353e-01
-1.483495235443115234e-01
-1.307312101125717163e-01
-1.183408796787261963e-01
-1.089416742324829102e-01
-9.969824552536010742e-02
-8.858817815780639648e-02
-8.342540264129638672e-02
-6.211547553539276123e-02
-3.791373223066329956e-02
-1.017551030963659286e-02
6.796449422836303711e-03
2.806374803185462952e-02
4.838296398520469666e-02
6.127029657363891602e-02
6.690821051597595215e-02
7.003596425056457520e-02
6.915694475173950195e-02
7.424745708703994751e-02
9.133999794721603394e-02
1.014666706323623657e-01
1.144166290760040283e-01
1.208308935165405273e-01
1.310259550809860229e-01
1.404263824224472046e-01
1.419772654771804810e-01
1.356365978717803955e-01
1.293697059154510498e-01
1.235187202692031860e-01
1.249425113201141357e-01
1.237673982977867126e-01
1.176699846982955933e-01
1.191508919000625610e-01
1.198551729321479797e-01
1.228675842285156250e-01
1.233278289437294006e-01
1.172728091478347778e-01
1.080326735973358154e-01
9.923215210437774658e-02
8.991535753011703491e-02
7.924656569957733154e-02
6.330741196870803833e-02
5.014343559741973877e-02
4.475863650441169739e-02
3.985524922609329224e-02
3.260349482297897339e-02
2.224141173064708710e-02
1.113729365170001984e-02
-9.466910269111394882e-04
-1.660932600498199463e-02
-3.489109128713607788e-02
-5.456858873367309570e-02
-7.449714094400405884e-02
-9.140630811452865601e-02
-1.065489426255226135e-01
-1.183404624462127686e-01
-1.374341696500778198e-01
-1.538314819335937500e-01
-1.695279479026794434e-01
-1.864628195762634277e-01
-2.019578814506530762e-01
-2.021262198686599731e-01
-1.947490870952606201e-01
-1.901144087314605713e-01
-1.889663636684417725e-01
-1.816159039735794067e-01
-1.748642921447753906e-01
-1.766914725303649902e-01
-1.641069501638412476e-01
-1.549849361181259155e-01
-1.447407007217407227e-01
-1.269104182720184326e-01
-9.569527208805084229e-02
-7.248517870903015137e-02
-5.748156458139419556e-02
-3.776992857456207275e-02
-1.006675139069557190e-02
4.133878275752067566e-03
1.532249338924884796e-02
3.303641453385353088e-02
4.521729052066802979e-02
5.916802957653999329e-02
7.983706146478652954e-02
9.873273223638534546e-02
1.078789383172988892e-01
1.204562261700630188e-01
1.388497948646545410e-01
1.534148901700973511e-01
1.549084186553955078e-01
1.585843265056610107e-01
1.637954711914062500e-01
1.651993095874786377e-01
1.662982255220413208e-01
1.704419106245040894e-01
1.678351163864135742e-01
1.647314727306365967e-01
1.686164587736129761e-01
1.714339554309844971e-01
1.629303395748138428e-01
1.553242504596710205e-01
1.490220725536346436e-01
1.393907517194747925e-01
1.244009956717491150e-01
1.121381893754005432e-01
9.995141625404357910e-02
8.530174195766448975e-02
7.538035511970520020e-02
6.633230298757553101e-02
5.354522913694381714e-02
3.784695640206336975e-02
2.501409500837326050e-02
1.054501626640558243e-02
-7.186485454440116882e-03
-2.947780489921569824e-02
-4.766731336712837219e-02
-6.609810888767242432e-02
-8.495025336742401123e-02
-1.038151383399963379e-01
-1.201687678694725037e-01
-1.412104964256286621e-01
-1.566070318222045898e-01
-1.733867377042770386e-01
-1.925285458564758301e-01
-2.114770114421844482e-01
-2.223611176013946533e-01
-2.190976142883300781e-01
-2.163904607295989990e-01
-2.148046344518661499e-01
-2.107263952493667603e-01
-2.042164206504821777e-01
-2.019276618957519531e-01
-1.915114969015121460e-01
-1.831618845462799072e-01
-1.722131222486495972e-01
-1.608250141143798828e-01
-1.352128684520721436e-01
-1.098526790738105774e-01
-8.785330504179000854e-02
-6.794822216033935547e-02
-4.355660080909729004e-02
-2.133703976869583130e-02
-7.928441278636455536e-03
1.182360574603080750e-02
2.822371944785118103e-02
4.489768296480178833e-02
6.463170796632766724e-02
8.981723338365554810e-02
1.031655371189117432e-01
1.207899972796440125e-01
1.356988847255706787e-01
1.522205024957656860e-01
1.617944538593292236e-01
1.674324572086334229e-01
1.729424893856048584e-01
1.777043938636779785e-01
1.810796856880187988e-01
1.877992749214172363e-01
1.899168193340301514e-01
1.882979571819305420e-01
1.931881755590438843e-01
1.917662620544433594e-01
1.870905160903930664e-01
1.769830286502838135e-01
1.690050363540649414e-01
1.566355377435684204e-01
1.449736356735229492e-01
1.324762105941772461e-01
1.212071701884269714e-01
1.067216396331787109e-01
9.784029424190521240e-02
8.827236294746398926e-02
7.365984469652175903e-02
5.580988526344299316e-02
4.078386723995208740e-02
2.485519461333751678e-02
5.582384299486875534e-03
-1.326597947627305984e-02
-3.254494071006774902e-02
-5.098417401313781738e-02
-6.958293169736862183e-02
-8.537390083074569702e-02
-1.053431108593940735e-01
-1.266595125198364258e-01
-1.465401649475097656e-01
-1.635392755270004272e-01
-1.840608865022659302e-01
-2.023010849952697754e-01
-2.208282649517059326e-01
-2.313678860664367676e-01
-2.292229235172271729e-01
-2.243772298097610474e-01
-2.212050855159759521e-01
-2.189485728740692139e-01
-2.139287889003753662e-01
-2.074460983276367188e-01
-2.014088630676269531e-01
-1.944805979728698730e-01
-1.819144636392593384e-01
-1.684567332267761230e-01
-1.460482031106948853e-01
-1.204833239316940308e-01
-9.730700403451919556e-02
-7.459641993045806885e-02
-5.293676257133483887e-02
-2.984817139804363251e-02
-1.183616928756237030e-02
3.021103795617818832e-03
1.690518669784069061e-02
3.873252868652343750e-02
6.171801313757896423e-02
8.461345732212066650e-02
1.018799394369125366e-01
1.214932724833488464e-01
1.367129087448120117e-01
1.498858183622360229e-01
1.629129350185394287e-01
1.688703745603561401e-01
1.724091768264770508e-01
1.768796890974044800e-01
1.871479749679565430e-01
1.922760307788848877e-01
1.962829381227493286e-01
1.980882883071899414e-01
2.023934125900268555e-01
1.975980103015899658e-01
1.926687061786651611e-01
1.827777326107025146e-01
1.719108819961547852e-01
1.604566276073455811e-01
1.505065858364105225e-01
1.418413966894149780e-01
1.313698887825012207e-01
1.200021654367446899e-01
1.097944229841232300e-01
9.972628951072692871e-02
8.169236779212951660e-02
6.578002870082855225e-02
4.900039732456207275e-02
3.279213234782218933e-02
1.252673100680112839e-02
-2.804940100759267807e-03
-2.065150812268257141e-02
-3.862253576517105103e-02
-5.776870623230934143e-02
-7.567135989665985107e-02
-9.940123558044433594e-02
-1.207664608955383301e-01
-1.407643854618072510e-01
-1.616110503673553467e-01
-1.802089959383010864e-01
-1.992630958557128906e-01
-2.159629762172698975e-01
-2.270518839359283447e-01
-2.249224931001663208e-01
-2.242663204669952393e-01
-2.231042981147766113e-01
-2.243725359439849854e-01
-2.199355065822601318e-01
-2.187862545251846313e-01
-2.125174701213836670e-01
-2.052189409732818604e-01
-1.945421546697616577e-01
-1.829959750175476074e-01
-1.624883711338043213e-01
-1.357841491699218750e-01
-1.146621257066726685e-01
-9.399754554033279419e-02
-7.271956652402877808e-02
-5.040124058723449707e-02
-3.252055495977401733e-02
-1.262712571769952774e-02
3.828024491667747498e-03
2.664018236100673676e-02
4.791811853647232056e-02
7.392603158950805664e-02
9.471338987350463867e-02
1.122452914714813232e-01
1.288897693157196045e-01
1.469063162803649902e-01
1.583889275789260864e-01
1.659111976623535156e-01
1.718716919422149658e-01
1.795944869518280029e-01
1.886538267135620117e-01
1.943454444408416748e-01
2.023702263832092285e-01
2.035623937845230103e-01
2.046257257461547852e-01
2.039633393287658691e-01
2.002142518758773804e-01
1.883184462785720825e-01
1.808815896511077881e-01
1.710573583841323853e-01
1.623496264219284058e-01
1.528300940990447998e-01
1.456035971641540527e-01
1.343596577644348145e-01
1.213652044534683228e-01
1.100723519921302795e-01
9.639707952737808228e-02
7.786919921636581421e-02
5.947082489728927612e-02
4.518215358257293701e-02
2.698289044201374054e-02
1.002559438347816467e-02
-7.170141208916902542e-03
-2.357391268014907837e-02
-4.512609541416168213e-02
-6.405682116746902466e-02
-8.625491708517074585e-02
-1.086882203817367554e-01
-1.335482001304626465e-01
-1.517101228237152100e-01
-1.712333261966705322e-01
-1.884800940752029419e-01
-2.065758854150772095e-01
-2.196377813816070557e-01
-2.254582643508911133e-01
-2.250793427228927612e-01
-2.246687114238739014e-01
-2.259502410888671875e-01
-2.252338528633117676e-01
-2.251436114311218262e-01
-2.196461260318756104e-01
-2.159768044948577881e-01
-2.045665979385375977e-01
-1.958485990762710571e-01
-1.785824149847030640e-01
-1.587926745414733887e-01
-1.336869746446609497e-01
-1.162799149751663208e-01
-9.605064988136291504e-02
-7.727114111185073853e-02
-5.529356002807617188e-02
-3.585900366306304932e-02
-1.599045470356941223e-02
5.575270857661962509e-03
2.879263460636138916e-02
5.513832718133926392e-02
7.770002633333206177e-02
9.945590794086456299e-02
1.148855239152908325e-01
1.320971548557281494e-01
1.445393711328506470e-01
1.578057110309600830e-01
1.646306514739990234e-01
1.755037605762481689e-01
1.843695640563964844e-01
1.969541460275650024e-01
2.024156749248504639e-01
2.074322998523712158e-01
2.092029452323913574e-01
2.101848870515823364e-01
2.060019224882125854e-01
1.995896399021148682e-01
1.915850937366485596e-01
1.840223073959350586e-01
1.770041435956954956e-01
1.687549650669097900e-01
1.622977107763290405e-01
1.522638201713562012e-01
1.421263068914413452e-01
1.286101043224334717e-01
1.154088675975799561e-01
9.774154424667358398e-02
8.326854556798934937e-02
6.710942089557647705e-02
5.217670649290084839e-02
3.501828014850616455e-02
1.847581937909126282e-02
-1.468632370233535767e-03
-2.156105637550354004e-02
-4.347739368677139282e-02
-6.503132730722427368e-02
-8.848793804645538330e-02
-1.112990006804466248e-01
-1.321298480033874512e-01
-1.516242772340774536e-01
-1.709624975919723511e-01
-1.898458898067474365e-01
-2.067449092864990234e-01
-2.215647250413894653e-01
-2.290249019861221313e-01
-2.292520999908447266e-01
-2.298465967178344727e-01
-2.330383509397506714e-01
-2.318395376205444336e-01
-2.301028668880462646e-01
-2.260964214801788330e-01
-2.205668389797210693e-01
-2.127426266670227051e-01
-2.025280594825744629e-01
-1.864813268184661865e-01
-1.662148535251617432e-01
-1.440114527940750122e-01
-1.265817433595657349e-01
-1.069099828600883484e-01
-8.530411124229431152e-02
-6.308108568191528320e-02
-4.113772511482238770e-02
-2.008976601064205170e-02
1.519565237686038017e-03
2.656102180480957031e-02
5.256248265504837036e-02
7.718043774366378784e-02
9.844751656055450439e-02
1.140660569071769714e-01
1.307967901229858398e-01
1.455647349357604980e-01
1.574748903512954712e-01
1.677997112274169922e-01
1.787053942680358887e-01
1.896164119243621826e-01
2.010294646024703979e-01
2.096082419157028198e-01
2.144066840410232544e-01
2.159311473369598389e-01
2.144787460565567017e-01
2.125408649444580078e-01
2.058093845844268799e-01
1.973598897457122803e-01
1.916287392377853394e-01
1.856682747602462769e-01
1.784861832857131958e-01
1.702787876129150391e-01
1.604140102863311768e-01
1.477972567081451416e-01
1.353952139616012573e-01
1.218911632895469666e-01
1.064015179872512817e-01
8.680113404989242554e-02
7.204040139913558960e-02
5.826499685645103455e-02
4.127561673521995544e-02
2.235898375511169434e-02
2.113010501489043236e-03
-1.981358230113983154e-02
-4.328797757625579834e-02
-6.678117811679840088e-02
-8.867574483156204224e-02
-1.127506792545318604e-01
-1.354973167181015015e-01
-1.537515521049499512e-01
-1.730731725692749023e-01
-1.914484798908233643e-01
-2.087754160165786743e-01
-2.266351133584976196e-01
-2.388553619384765625e-01
-2.407804131507873535e-01
-2.400325834751129150e-01
-2.391338199377059937e-01
-2.407572418451309204e-01
-2.357131242752075195e-01
-2.327271997928619385e-01
-2.271566689014434814e-01
-2.194817066192626953e-01
-2.078318893909454346e-01
-1.974751800298690796e-01
-1.785445809364318848e-01
-1.548604071140289307e-01
-1.340486407279968262e-01
-1.160632371902465820e-01
-9.581708908081054688e-02
-7.202307134866714478e-02
-5.210699141025543213e-02
-2.868724428117275238e-02
-6.212930660694837570e-03
2.227408997714519501e-02
4.712241888046264648e-02
7.426483929157257080e-02
9.589315950870513916e-02
1.140402927994728088e-01
1.274714171886444092e-01
1.431426107883453369e-01
1.561415046453475952e-01
1.681172549724578857e-01
1.789163500070571899e-01
1.906437128782272339e-01
2.039971798658370972e-01
2.125926166772842407e-01
2.188600450754165649e-01
2.192367315292358398e-01
2.184748351573944092e-01
2.148576378822326660e-01
2.100981622934341431e-01
2.028842270374298096e-01
1.973023116588592529e-01
1.898172199726104736e-01
1.847552061080932617e-01
1.769539117813110352e-01
1.664087474346160889e-01
1.528952419757843018e-01
1.383980214595794678e-01
1.244207322597503662e-01
1.097833737730979919e-01
9.319359064102172852e-02
7.836010307073593140e-02
6.420488655567169189e-02
4.894278571009635925e-02
3.152849897742271423e-02
1.075388304889202118e-02
-1.161791291087865829e-02
-3.439293056726455688e-02
-5.697175115346908569e-02
-7.984155416488647461e-02
-1.038555577397346497e-01
-1.262439936399459839e-01
-1.445741206407546997e-01
-1.640595793724060059e-01
-1.821933388710021973e-01
-2.012494504451751709e-01
-2.204458117485046387e-01
-2.365655899047851562e-01
-2.416470348834991455e-01
-2.414794564247131348e-01
-2.397078573703765869e-01
-2.410400807857513428e-01
-2.392701506614685059e-01
-2.357677370309829712e-01
-2.342601120471954346e-01
-2.292134910821914673e-01
-2.203584611415863037e-01
-2.103273868560791016e-01
-1.948144137859344482e-01
-1.702403873205184937e-01
-1.480178683996200562e-01
-1.273335814476013184e-01
-1.099561229348182678e-01
-8.807164430618286133e-02
-6.444865465164184570e-02
-4.273291677236557007e-02
-1.962949708104133606e-02
8.843800053000450134e-03
3.602541610598564148e-02
6.280062347650527954e-02
8.880987763404846191e-02
1.096362844109535217e-01
1.254885345697402954e-01
1.373002380132675171e-01
1.531178057193756104e-01
1.669210344552993774e-01
1.772437989711761475e-01
1.885089874267578125e-01
2.028310149908065796e-01
2.131826728582382202e-01
2.211030721664428711e-01
2.232736349105834961e-01
2.232547104358673096e-01
2.208237648010253906e-01
2.162348628044128418e-01
2.109581679105758667e-01
2.039389163255691528e-01
1.991139501333236694e-01
1.932125389575958252e-01
1.845552027225494385e-01
1.739539057016372681e-01
1.628655046224594116e-01
1.457318961620330811e-01
1.322016716003417969e-01
1.193054094910621643e-01
1.035844236612319946e-01
8.682918548583984375e-02
7.218261063098907471e-02
5.850852280855178833e-02
4.156142473220825195e-02
2.158117853105068207e-02
-1.630316954106092453e-03
-2.464077249169349670e-02
-4.960618540644645691e-02
-7.079625874757766724e-02
-9.239782392978668213e-02
-1.149314194917678833e-01
-1.374147832393646240e-01
-1.561202704906463623e-01
-1.731356680393218994e-01
-1.922845542430877686e-01
-2.112549543380737305e-01
-2.303175777196884155e-01
-2.448184490203857422e-01
-2.509270906448364258e-01
-2.471317946910858154e-01
-2.469204217195510864e-01
-2.468177974224090576e-01
-2.450396418571472168e-01
-2.405222505331039429e-01
-2.373537868261337280e-01
-2.296553850173950195e-01
-2.184146940708160400e-01
-2.062540352344512939e-01
-1.885397434234619141e-01
-1.648145914077758789e-01
-1.401603817939758301e-01
-1.227689906954765320e-01
-1.022058054804801941e-01
-7.867734134197235107e-02
-5.361123383045196533e-02
-3.418596833944320679e-02
-7.256670854985713959e-03
1.988004893064498901e-02
4.827646538615226746e-02
7.669007778167724609e-02
1.026536226272583008e-01
1.215471178293228149e-01
1.360075324773788452e-01
1.509327292442321777e-01
1.637115776538848877e-01
1.769483834505081177e-01
1.866421699523925781e-01
2.001818120479583740e-01
2.109936326742172241e-01
2.220457196235656738e-01
2.270554453134536743e-01
2.303796112537384033e-01
2.277717739343643188e-01
2.247977405786514282e-01
2.191614210605621338e-01
2.115710377693176270e-01
2.042143940925598145e-01
1.976786851882934570e-01
1.913431286811828613e-01
1.812724620103836060e-01
1.714500337839126587e-01
1.559373736381530762e-01
1.416886895895004272e-01
1.265816688537597656e-01
1.135763376951217651e-01
9.767714887857437134e-02
8.303406089544296265e-02
6.815441697835922241e-02
5.317933857440948486e-02
3.407109901309013367e-02
1.380557660013437271e-02
-7.690631784498691559e-03
-3.128206729888916016e-02
-5.547963827848434448e-02
-7.912056148052215576e-02
-1.005363464355468750e-01
-1.241849064826965332e-01
-1.439249664545059204e-01
-1.625280082225799561e-01
-1.793080121278762817e-01
-2.002839446067810059e-01
-2.172902822494506836e-01
-2.356444746255874634e-01
-2.501160502433776855e-01
-2.552574872970581055e-01
-2.510661184787750244e-01
-2.495524883270263672e-01
-2.480157166719436646e-01
-2.439812123775482178e-01
-2.410004884004592896e-01
-2.357149720191955566e-01
-2.299112528562545776e-01
-2.187436819076538086e-01
-2.064021527767181396e-01
-1.869038939476013184e-01
-1.643974781036376953e-01
-1.380066871643066406e-01
-1.182490438222885132e-01
-9.546981751918792725e-02
-7.204353809356689453e-02
-5.129534006118774414e-02
-2.948496118187904358e-02
-3.543479135259985924e-03
2.398273162543773651e-02
5.024497583508491516e-02
8.005820214748382568e-02
1.056049317121505737e-01
1.258259266614913940e-01
1.378609985113143921e-01
1.518331766128540039e-01
1.643259376287460327e-01
1.776072978973388672e-01
1.886306405067443848e-01
2.011114060878753662e-01
2.138440161943435669e-01
2.238643765449523926e-01
2.304610162973403931e-01
2.321445345878601074e-01
2.293853312730789185e-01
2.247929275035858154e-01
2.206253707408905029e-01
2.125423848628997803e-01
2.058463841676712036e-01
1.987708657979965210e-01
1.936762332916259766e-01
1.837359666824340820e-01
1.730539053678512573e-01
1.597597897052764893e-01
1.429640054702758789e-01
1.259128451347351074e-01
1.137213185429573059e-01
9.946668148040771484e-02
8.409066498279571533e-02
6.976617872714996338e-02
5.585885047912597656e-02
3.923533484339714050e-02
1.891541481018066406e-02
-3.183099441230297089e-03
-2.706695534288883209e-02
-5.059139803051948547e-02
-7.325404882431030273e-02
-9.296112507581710815e-02
-1.155260205268859863e-01
-1.367547214031219482e-01
-1.557955741882324219e-01
-1.743193268775939941e-01
-1.936383545398712158e-01
-2.123550325632095337e-01
-2.316061109304428101e-01
-2.478519678115844727e-01
-2.602509856224060059e-01
-2.606498003005981445e-01
-2.568460702896118164e-01
-2.536112070083618164e-01
-2.509296536445617676e-01
-2.454489320516586304e-01
-2.424232065677642822e-01
-2.372637540102005005e-01
-2.284147739410400391e-01
-2.144659459590911865e-01
-1.981192827224731445e-01
-1.771360635757446289e-01
-1.502228677272796631e-01
-1.259216666221618652e-01
-1.043123006820678711e-01
-8.165036886930465698e-02
-5.727793648838996887e-02
-3.654126822948455811e-02
-1.401645690202713013e-02
1.160795427858829498e-02
4.051925241947174072e-02
6.923247873783111572e-02
9.820739924907684326e-02
1.223821416497230530e-01
1.426707506179809570e-01
1.546015739440917969e-01
1.674719154834747314e-01
1.768212616443634033e-01
1.868954002857208252e-01
1.959371566772460938e-01
2.077579498291015625e-01
2.178929448127746582e-01
2.274239659309387207e-01
2.323318868875503540e-01
2.326262593269348145e-01
2.290996611118316650e-01
2.226375341415405273e-01
2.171149253845214844e-01
2.082462608814239502e-01
2.010924816131591797e-01
1.934274584054946899e-01
1.873767077922821045e-01
1.771135330200195312e-01
1.669668108224868774e-01
1.523921787738800049e-01
1.384140700101852417e-01
1.230502724647521973e-01
1.102508082985877991e-01
9.386733174324035645e-02
7.922609895467758179e-02
6.580820679664611816e-02
5.253017693758010864e-02
3.583468124270439148e-02
1.608746126294136047e-02
-5.282356869429349899e-03
-2.807675302028656006e-02
-5.110478401184082031e-02
-7.330749928951263428e-02
-9.417037665843963623e-02
-1.182802468538284302e-01
-1.391090154647827148e-01
-1.584990173578262329e-01
-1.759506762027740479e-01
-1.949393451213836670e-01
-2.139829993247985840e-01
-2.341279685497283936e-01
-2.519633471965789795e-01
-2.659955620765686035e-01
-2.686166465282440186e-01
-2.640311717987060547e-01
-2.594918608665466309e-01
-2.568667829036712646e-01
-2.502048015594482422e-01
-2.433873265981674194e-01
-2.430160045623779297e-01
-2.345698177814483643e-01
-2.200140804052352905e-01
-2.044692337512969971e-01
-1.839362680912017822e-01
-1.566441357135772705e-01
-1.277220845222473145e-01
-1.029534339904785156e-01
-8.017303049564361572e-02
-5.449006706476211548e-02
-3.088247776031494141e-02
-1.004010438919067383e-02
1.758766919374465942e-02
4.440781474113464355e-02
7.024264335632324219e-02
9.844183176755905151e-02
1.247501969337463379e-01
1.473016440868377686e-01
1.631983518600463867e-01
1.728762537240982056e-01
1.821511387825012207e-01
1.912545561790466309e-01
1.988098919391632080e-01
2.080163359642028809e-01
2.190975397825241089e-01
2.272478938102722168e-01
2.351925373077392578e-01
2.366436421871185303e-01
2.312941551208496094e-01
2.268384397029876709e-01
2.210338562726974487e-01
2.109103649854660034e-01
1.977169066667556763e-01
1.912748515605926514e-01
1.835595071315765381e-01
1.747651398181915283e-01
1.628955900669097900e-01
1.511829197406768799e-01
1.360646188259124756e-01
1.218226626515388489e-01
1.086373776197433472e-01
9.528330713510513306e-02
7.968289405107498169e-02
6.458099931478500366e-02
5.169517546892166138e-02
3.835573047399520874e-02
2.184835076332092285e-02
-1.371033256873488426e-03
-2.081279084086418152e-02
-4.251967370510101318e-02
-6.696975976228713989e-02
-9.146577119827270508e-02
-1.133527234196662903e-01
-1.351332962512969971e-01
-1.549831330776214600e-01
-1.708801835775375366e-01
-1.857910901308059692e-01
-2.062794864177703857e-01
-2.245349287986755371e-01
-2.415682226419448853e-01
-2.600723505020141602e-01
-2.710075676441192627e-01
-2.667350769042968750e-01
-2.584841251373291016e-01
-2.560782134532928467e-01
-2.532187998294830322e-01
-2.448840290307998657e-01
-2.447430193424224854e-01
-2.475073337554931641e-01
-2.392966449260711670e-01
-2.223740667104721069e-01
-2.049237489700317383e-01
-1.837870180606842041e-01
-1.518803536891937256e-01
-1.210958436131477356e-01
-9.796122461557388306e-02
-7.423594594001770020e-02
-4.742767661809921265e-02
-2.561067789793014526e-02
-2.728018909692764282e-03
2.046901732683181763e-02
5.125265941023826599e-02
8.356586098670959473e-02
1.180206537246704102e-01
1.456938982009887695e-01
1.649903357028961182e-01
1.792628616094589233e-01
1.888923048973083496e-01
1.956293582916259766e-01
2.021747678518295288e-01
2.107458710670471191e-01
2.215148806571960449e-01
2.365471273660659790e-01
2.471340894699096680e-01
2.508032917976379395e-01
2.483435273170471191e-01
2.431572079658508301e-01
2.349434792995452881e-01
2.234241962432861328e-01
2.080819010734558105e-01
1.942373216152191162e-01
1.831087470054626465e-01
1.763800382614135742e-01
1.689126491546630859e-01
1.546286642551422119e-01
1.373261064291000366e-01
1.242539435625076294e-01
1.117424368858337402e-01
1.013476997613906860e-01
9.574162960052490234e-02
9.304672479629516602e-02
7.612523436546325684e-02
5.389691889286041260e-02
3.591838106513023376e-02
1.533839665353298187e-02
-1.278311666101217270e-02
-4.367470741271972656e-02
-6.764622032642364502e-02
-9.862655401229858398e-02
-1.239987239241600037e-01
-1.465130448341369629e-01
-1.670709699392318726e-01
-1.889357566833496094e-01
-2.107218503952026367e-01
-2.247859984636306763e-01
-2.389213293790817261e-01
-2.621200680732727051e-01
-2.855057418346405029e-01
-3.007985353469848633e-01
-2.980419695377349854e-01
-2.743769586086273193e-01
-2.493885159492492676e-01
-2.377308309078216553e-01
-2.365927994251251221e-01
-2.264921963214874268e-01
-2.086959630250930786e-01
-2.025949805974960327e-01
-2.021360099315643311e-01
-1.821772158145904541e-01
-1.469897925853729248e-01
-1.111087799072265625e-01
-8.147513121366500854e-02
-4.939052835106849670e-02
-2.639157138764858246e-02
-9.436036460101604462e-03
9.555444121360778809e-03
3.192265704274177551e-02
4.996753856539726257e-02
6.937298178672790527e-02
1.044513732194900513e-01
1.438346356153488159e-01
1.737924069166183472e-01
1.894461959600448608e-01
1.926582455635070801e-01
1.837484091520309448e-01
1.756813675165176392e-01
1.767071634531021118e-01
1.782201379537582397e-01
1.791884750127792358e-01
1.941037476062774658e-01
2.147850692272186279e-01
2.250540852546691895e-01
2.175266444683074951e-01
1.996318995952606201e-01
1.765177249908447266e-01
1.605828106403350830e-01
1.557330638170242310e-01
1.502031087875366211e-01
1.430816054344177246e-01
1.424490213394165039e-01
1.501017212867736816e-01
1.445632129907608032e-01
1.183825880289077759e-01
9.074198454618453979e-02
7.420443743467330933e-02
6.924051791429519653e-02
6.459636241197586060e-02
5.581843852996826172e-02
4.579124972224235535e-02
3.401829674839973450e-02
1.792274415493011475e-02
-8.478459902107715607e-03
-4.201549291610717773e-02
-7.593519240617752075e-02
-9.909908473491668701e-02
-1.148233562707901001e-01
-1.356028020381927490e-01
-1.654165983200073242e-01
-1.954669058322906494e-01
-2.139651179313659668e-01
-2.320303022861480713e-01
-2.554502487182617188e-01
-2.756664752960205078e-01
-2.869733273983001709e-01
-2.983336746692657471e-01
-3.124911189079284668e-01
-3.322514891624450684e-01
-3.282555937767028809e-01
-2.869758605957031250e-01
-2.210717797279357910e-01
-1.746760010719299316e-01
-1.568584740161895752e-01
-1.258446127176284790e-01
-8.460383862257003784e-02
-5.580086261034011841e-02
-5.344952642917633057e-02
-3.592736646533012390e-02
6.995263975113630295e-03
5.667100474238395691e-02
9.169948846101760864e-02
1.115431189537048340e-01
1.149298548698425293e-01
1.151491999626159668e-01
1.171571910381317139e-01
1.189715117216110229e-01
1.164922714233398438e-01
1.233708038926124573e-01
1.498869359493255615e-01
1.752795130014419556e-01
1.866675615310668945e-01
1.753596365451812744e-01
1.521839350461959839e-01
1.275169700384140015e-01
1.186611130833625793e-01
1.179007887840270996e-01
1.205867528915405273e-01
1.277760267257690430e-01
1.465571820735931396e-01
1.617611944675445557e-01
1.587807685136795044e-01
1.441065669059753418e-01
1.294854432344436646e-01
1.275256425142288208e-01
1.368711739778518677e-01
1.480479985475540161e-01
1.501943171024322510e-01
1.370670050382614136e-01
1.253323256969451904e-01
1.121942177414894104e-01
8.884257823228836060e-02
5.699153617024421692e-02
3.295297175645828247e-02
3.040875867009162903e-02
3.132055699825286865e-02
2.445085346698760986e-02
6.946897599846124649e-03
-1.480368711054325104e-02
-3.636287525296211243e-02
-6.195356324315071106e-02
-8.923123031854629517e-02
-1.092141270637512207e-01
-1.198677867650985718e-01
-1.204405501484870911e-01
-1.335578858852386475e-01
-1.597308218479156494e-01
-1.974999457597732544e-01
-2.347867041826248169e-01
-2.633922696113586426e-01
-2.764987647533416748e-01
-2.852666079998016357e-01
-2.876898944377899170e-01
-2.861354351043701172e-01
-2.813083529472351074e-01
-2.938268184661865234e-01
-3.225693404674530029e-01
-2.995372414588928223e-01
-2.202266752719879150e-01
-1.301435530185699463e-01
-9.059937298297882080e-02
-5.618035048246383667e-02
-4.805116914212703705e-03
4.869548231363296509e-02
6.226502358913421631e-02
5.285134911537170410e-02
6.601148843765258789e-02
1.069459915161132812e-01
1.579270958900451660e-01
1.775657981634140015e-01
1.695440858602523804e-01
1.531872302293777466e-01
1.427083909511566162e-01
1.276987791061401367e-01
1.084579080343246460e-01
9.360987693071365356e-02
1.016729474067687988e-01
1.208699792623519897e-01
1.475016623735427856e-01
1.457540541887283325e-01
1.211484447121620178e-01
9.604429453611373901e-02
8.632954955101013184e-02
8.846037089824676514e-02
9.072481095790863037e-02
1.033080667257308960e-01
1.203274577856063843e-01
1.426575779914855957e-01
1.593880653381347656e-01
1.566494554281234741e-01
1.329842805862426758e-01
1.210650876164436340e-01
1.295261681079864502e-01
1.399246007204055786e-01
1.328469961881637573e-01
1.223935335874557495e-01
1.063685715198516846e-01
8.811460435390472412e-02
6.302192807197570801e-02
3.579014539718627930e-02
3.108534496277570724e-03
-1.652919501066207886e-02
-1.291749347001314163e-02
-1.602507382631301880e-02
-3.534398600459098816e-02
-6.034075096249580383e-02
-7.234743237495422363e-02
-8.642043173313140869e-02
-1.039072424173355103e-01
-1.131875514984130859e-01
-1.127439364790916443e-01
-1.156450212001800537e-01
-1.129099577665328979e-01
-1.279578357934951782e-01
-1.569080948829650879e-01
-1.956425458192825317e-01
-2.168322801589965820e-01
-2.224409133195877075e-01
-2.261015474796295166e-01
-2.390306144952774048e-01
-2.408752292394638062e-01
-2.495708465576171875e-01
-2.637428939342498779e-01
-2.898772358894348145e-01
-3.200709223747253418e-01
-2.606796026229858398e-01
-1.489970535039901733e-01
-3.506377711892127991e-02
-1.604668423533439636e-02
-6.866553798317909241e-03
4.869527369737625122e-02
9.168710559606552124e-02
8.481001108884811401e-02
6.473381817340850830e-02
1.001841574907302856e-01
1.643631756305694580e-01
2.002200335264205933e-01
1.995416283607482910e-01
1.618978977203369141e-01
1.178181171417236328e-01
9.812204539775848389e-02
8.711274713277816772e-02
7.470675557851791382e-02
6.588864326477050781e-02
9.580661356449127197e-02
1.195934712886810303e-01
1.293265521526336670e-01
1.051654070615768433e-01
8.063362538814544678e-02
5.444994196295738220e-02
6.162077561020851135e-02
8.844048529863357544e-02
1.060658097267150879e-01
1.225637570023536682e-01
1.372623443603515625e-01
1.522788405418395996e-01
1.418674588203430176e-01
1.308009624481201172e-01
1.229291707277297974e-01
1.238523125648498535e-01
1.253536641597747803e-01
1.301524192094802856e-01
1.201994270086288452e-01
9.658038616180419922e-02
6.631784141063690186e-02
4.870218783617019653e-02
2.459295839071273804e-02
3.138709347695112228e-03
-1.298277452588081360e-02
-1.885146461427211761e-02
-2.147341333329677582e-02
-3.472588211297988892e-02
-5.515070632100105286e-02
-7.605630159378051758e-02
-8.470728993415832520e-02
-9.164243936538696289e-02
-9.299505501985549927e-02
-9.034816920757293701e-02
-8.534274995326995850e-02
-9.332238882780075073e-02
-1.089414730668067932e-01
-1.360915899276733398e-01
-1.564962863922119141e-01
-1.830287128686904907e-01
-2.064958810806274414e-01
-2.131993770599365234e-01
-2.145043313503265381e-01
-2.303190082311630249e-01
-2.445946633815765381e-01
-2.756353914737701416e-01
-3.004956245422363281e-01
-3.384917676448822021e-01
-3.465917110443115234e-01
-2.499406784772872925e-01
-1.169627532362937927e-01
1.981722190976142883e-03
2.471215650439262390e-02
3.747307509183883667e-02
8.015242218971252441e-02
1.176161170005798340e-01
1.233593672513961792e-01
1.199777573347091675e-01
1.576779782772064209e-01
2.235006690025329590e-01
2.525846362113952637e-01
2.326938211917877197e-01
1.657564640045166016e-01
1.051270440220832825e-01
7.468831539154052734e-02
6.493852287530899048e-02
6.674203276634216309e-02
5.774702504277229309e-02
6.822345405817031860e-02
8.243212103843688965e-02
9.723597764968872070e-02
6.902687996625900269e-02
4.278881847858428955e-02
2.460413053631782532e-02
5.032781139016151428e-02
8.985354006290435791e-02
1.154497265815734863e-01
1.314895451068878174e-01
1.284514516592025757e-01
1.400121450424194336e-01
1.373653709888458252e-01
1.316401511430740356e-01
1.210546195507049561e-01
1.241911500692367554e-01
1.343691945075988770e-01
1.305270344018936157e-01
1.100044623017311096e-01
7.735829055309295654e-02
4.022899642586708069e-02
2.203615568578243256e-02
1.010013371706008911e-02
-2.464137505739927292e-03
-1.461837440729141235e-02
-2.312508784234523773e-02
-2.296666428446769714e-02
-3.917092084884643555e-02
-5.884885787963867188e-02
-7.742612063884735107e-02
-8.672517538070678711e-02
-8.904895186424255371e-02
-8.057016134262084961e-02
-7.202018797397613525e-02
-6.925614178180694580e-02
-8.459803462028503418e-02
-1.013354063034057617e-01
-1.261523663997650146e-01
-1.527068465948104858e-01
-1.759098470211029053e-01
-2.036801576614379883e-01
-2.164135873317718506e-01
-2.143104076385498047e-01
-2.238249778747558594e-01
-2.449110448360443115e-01
-2.823619246482849121e-01
-3.143279850482940674e-01
-3.323429226875305176e-01
-3.718126416206359863e-01
-2.854636907577514648e-01
-1.294982731342315674e-01
1.456493511795997620e-02
5.048094317317008972e-02
4.917481914162635803e-02
1.119778752326965332e-01
1.547744572162628174e-01
1.512812376022338867e-01
1.345975697040557861e-01
1.672488600015640259e-01
2.283633649349212646e-01
2.598460912704467773e-01
2.471789717674255371e-01
1.866483092308044434e-01
1.073385253548622131e-01
6.552746891975402832e-02
3.508649021387100220e-02
4.289199411869049072e-02
3.511096537113189697e-02
4.573095589876174927e-02
4.989857226610183716e-02
7.828055322170257568e-02
8.265994489192962646e-02
4.624572396278381348e-02
2.000405639410018921e-02
2.995952218770980835e-02
9.142082929611206055e-02
1.200414299964904785e-01
1.375240534543991089e-01
1.447468101978302002e-01
1.557044237852096558e-01
1.551011502742767334e-01
1.394070982933044434e-01
1.192842647433280945e-01
1.052702441811561584e-01
1.081994324922561646e-01
1.171587854623794556e-01
1.011408790946006775e-01
7.420438528060913086e-02
3.333457186818122864e-02
7.746555842459201813e-03
-9.065591730177402496e-03
-1.783115789294242859e-02
-2.522783912718296051e-02
-3.271955251693725586e-02
-2.555623836815357208e-02
-2.862175554037094116e-02
-4.063440114259719849e-02
-6.734589487314224243e-02
-7.749079167842864990e-02
-8.155032992362976074e-02
-7.394060492515563965e-02
-6.252798438072204590e-02
-5.210557207465171814e-02
-6.065554544329643250e-02
-8.296591788530349731e-02
-1.037190556526184082e-01
-1.295558214187622070e-01
-1.608318239450454712e-01
-2.033736109733581543e-01
-2.312006950378417969e-01
-2.267468273639678955e-01
-2.238855361938476562e-01
-2.433446794748306274e-01
-2.793518304824829102e-01
-3.264796137809753418e-01
-3.445937335491180420e-01
-3.874148130416870117e-01
-3.356106877326965332e-01
-1.820371299982070923e-01
-1.349934376776218414e-02
8.222793042659759521e-02
8.886094391345977783e-02
1.340888738632202148e-01
1.716299951076507568e-01
1.739068925380706787e-01
1.543028652667999268e-01
1.667178571224212646e-01
2.225963026285171509e-01
2.609934508800506592e-01
2.606218755245208740e-01
2.122996896505355835e-01
1.218622848391532898e-01
4.853371530771255493e-02
-2.235841937363147736e-03
-2.134607639163732529e-03
2.473945263773202896e-03
1.936440356075763702e-02
3.729216009378433228e-02
7.215599715709686279e-02
9.180241823196411133e-02
6.679372489452362061e-02
3.505390137434005737e-02
2.224981784820556641e-02
6.807611137628555298e-02
1.134056299924850464e-01
1.574919670820236206e-01
1.733092069625854492e-01
1.756477355957031250e-01
1.650182306766510010e-01
1.453077048063278198e-01
1.220084056258201599e-01
9.266357123851776123e-02
7.673721760511398315e-02
8.510511368513107300e-02
9.011277556419372559e-02
7.929979264736175537e-02
3.876233100891113281e-02
3.563663922250270844e-04
-2.081960998475551605e-02
-2.777684293687343597e-02
-2.968033030629158020e-02
-3.582049906253814697e-02
-2.689090929925441742e-02
-2.030519582331180573e-02
-1.534338854253292084e-02
-2.948329970240592957e-02
-5.012292414903640747e-02
-6.626835465431213379e-02
-7.247357070446014404e-02
-5.929471552371978760e-02
-4.341595247387886047e-02
-3.728011250495910645e-02
-5.418666824698448181e-02
-7.722642272710800171e-02
-1.071997210383415222e-01
-1.447672843933105469e-01
-1.805531084537506104e-01
-2.171836793422698975e-01
-2.414539754390716553e-01
-2.440739572048187256e-01
-2.466900944709777832e-01
-2.546999752521514893e-01
-2.896113395690917969e-01
-3.371384441852569580e-01
-3.595475554466247559e-01
-3.975127339363098145e-01
-3.171300292015075684e-01
-1.388459503650665283e-01
5.641124024987220764e-02
1.453675627708435059e-01
1.409275829792022705e-01
1.811063289642333984e-01
2.010591030120849609e-01
1.964897960424423218e-01
1.682935506105422974e-01
1.779129058122634888e-01
2.238873243331909180e-01
2.516554892063140869e-01
2.606452703475952148e-01
2.012573182582855225e-01
9.613908827304840088e-02
3.094656392931938171e-03
-4.912978410720825195e-02
-4.214233905076980591e-02
-2.472122199833393097e-02
8.768802508711814880e-03
3.188090771436691284e-02
8.177673071622848511e-02
1.075338572263717651e-01
9.132257848978042603e-02
4.938253760337829590e-02
3.306502848863601685e-02
8.005574345588684082e-02
1.258243322372436523e-01
1.763550937175750732e-01
1.920157968997955322e-01
1.932259947061538696e-01
1.793215125799179077e-01
1.517636924982070923e-01
1.144326627254486084e-01
6.892077624797821045e-02
4.868530482053756714e-02
5.376377329230308533e-02
6.230629235506057739e-02
6.098040938377380371e-02
3.010718524456024170e-02
-2.372317248955368996e-03
-2.637999877333641052e-02
-3.306633979082107544e-02
-3.884564340114593506e-02
-4.297068342566490173e-02
-3.019457496702671051e-02
-1.425798702985048294e-02
-7.823130115866661072e-03
-1.481946464627981186e-02
-3.115820325911045074e-02
-6.040885299444198608e-02
-7.537870109081268311e-02
-6.014085933566093445e-02
-4.116486757993698120e-02
-4.265594109892845154e-02
-5.558126419782638550e-02
-6.870764493942260742e-02
-9.299871325492858887e-02
-1.378567814826965332e-01
-1.845768988132476807e-01
-2.254534065723419189e-01
-2.531667053699493408e-01
-2.500109076499938965e-01
-2.479266375303268433e-01
-2.614531219005584717e-01
-2.890301942825317383e-01
-3.247389793395996094e-01
-3.536798059940338135e-01
-4.055706262588500977e-01
-3.300662040710449219e-01
-1.421115249395370483e-01
6.284365803003311157e-02
1.758874058723449707e-01
1.910330355167388916e-01
2.220686972141265869e-01
2.342728674411773682e-01
2.266560792922973633e-01
1.876374483108520508e-01
1.692949533462524414e-01
1.953278779983520508e-01
2.314238995313644409e-01
2.480556815862655640e-01
1.952915787696838379e-01
9.267695248126983643e-02
-1.037879288196563721e-02
-8.714740723371505737e-02
-9.095527976751327515e-02
-6.898046284914016724e-02
-2.775632403790950775e-02
1.216171402484178543e-02
7.613345235586166382e-02
1.315933167934417725e-01
1.350499391555786133e-01
9.540542215108871460e-02
5.671385675668716431e-02
7.027686387300491333e-02
1.131018996238708496e-01
1.714168637990951538e-01
1.991755366325378418e-01
2.037317901849746704e-01
1.912612915039062500e-01
1.708235442638397217e-01
1.179088577628135681e-01
4.858689755201339722e-02
8.361393585801124573e-03
9.729342535138130188e-03
2.920722775161266327e-02
4.410120844841003418e-02
3.253515809774398804e-02
9.655578061938285828e-03
-1.936360076069831848e-02
-2.838524617254734039e-02
-3.575800731778144836e-02
-4.935199767351150513e-02
-3.826925903558731079e-02
-1.500830985605716705e-02
1.123976893723011017e-02
1.140049938112497330e-02
-2.749051665887236595e-03
-3.270559385418891907e-02
-6.324237585067749023e-02
-6.621056050062179565e-02
-5.108844861388206482e-02
-3.895704448223114014e-02
-3.984547778964042664e-02
-5.217039585113525391e-02
-7.223863899707794189e-02
-1.095325052738189697e-01
-1.605707406997680664e-01
-2.128956615924835205e-01
-2.576259970664978027e-01
-2.678923308849334717e-01
-2.514067590236663818e-01
-2.558462917804718018e-01
-2.678373456001281738e-01
-3.092576265335083008e-01
-3.440020084381103516e-01
-3.990950584411621094e-01
-3.818724453449249268e-01
-2.239730954170227051e-01
-9.089507162570953369e-03
1.662326753139495850e-01
2.179748415946960449e-01
2.510904073715209961e-01
2.704654335975646973e-01
2.603286504745483398e-01
2.133355736732482910e-01
1.654613912105560303e-01
1.595709621906280518e-01
1.849019378423690796e-01
2.110243588685989380e-01
2.060223221778869629e-01
1.333629786968231201e-01
2.296146377921104431e-02
-8.627404272556304932e-02
-1.320220530033111572e-01
-1.230150759220123291e-01
-8.509889245033264160e-02
-3.361632302403450012e-02
3.574057668447494507e-02
1.208157837390899658e-01
1.601394563913345337e-01
1.579833179712295532e-01
1.076447367668151855e-01
8.267723768949508667e-02
8.680577576160430908e-02
1.320250630378723145e-01
1.803675293922424316e-01
1.997015476226806641e-01
2.030184417963027954e-01
1.837474256753921509e-01
1.435091644525527954e-01
7.717254757881164551e-02
1.352284383028745651e-02
-2.269923686981201172e-02
-1.870573125779628754e-02
5.615338217467069626e-03
2.629759907722473145e-02
2.781983651220798492e-02
1.259424071758985519e-02
-4.836543928831815720e-03
-1.973478123545646667e-02
-2.966301888227462769e-02
-2.691911347210407257e-02
-1.957115903496742249e-02
-1.320247072726488113e-03
1.621217280626296997e-02
2.548747137188911438e-02
3.661769907921552658e-03
-3.205561637878417969e-02
-5.545716732740402222e-02
-6.425535678863525391e-02
-5.730324238538742065e-02
-5.083241313695907593e-02
-4.504102095961570740e-02
-5.557873472571372986e-02
-7.866407930850982666e-02
-1.114344671368598938e-01
-1.534177958965301514e-01
-2.096871435642242432e-01
-2.623125016689300537e-01
-2.741072773933410645e-01
-2.624132931232452393e-01
-2.668847441673278809e-01
-2.846093177795410156e-01
-3.175526261329650879e-01
-3.405114412307739258e-01
-3.795693814754486084e-01
-3.539836406707763672e-01
-1.916122734546661377e-01
2.502917125821113586e-02
1.904870569705963135e-01
2.295253276824951172e-01
2.542049884796142578e-01
2.844129204750061035e-01
2.772266268730163574e-01
2.327751964330673218e-01
1.715640276670455933e-01
1.501134335994720459e-01
1.526279598474502563e-01
1.672448664903640747e-01
1.725519001483917236e-01
1.041691899299621582e-01
-7.564729079604148865e-03
-1.163299232721328735e-01
-1.484066247940063477e-01
-1.331389099359512329e-01
-1.013090759515762329e-01
-5.025142058730125427e-02
1.879943162202835083e-02
1.076487749814987183e-01
1.563408523797988892e-01
1.763122081756591797e-01
1.489725559949874878e-01
1.159121841192245483e-01
1.007054299116134644e-01
1.246312260627746582e-01
1.728981733322143555e-01
1.931354999542236328e-01
1.943750381469726562e-01
1.723969727754592896e-01
1.402882784605026245e-01
8.835363388061523438e-02
2.128059044480323792e-02
-2.360850386321544647e-02
-4.672718793153762817e-02
-2.877446264028549194e-02
-2.792723011225461960e-03
2.062096074223518372e-02
3.019787929952144623e-02
1.613426953554153442e-02
6.706975866109132767e-03
-5.692821461707353592e-03
-2.661162987351417542e-03
-6.288995500653982162e-03
-2.991993911564350128e-03
1.326790172606706619e-02
2.591871842741966248e-02
2.306954935193061829e-02
2.379182260483503342e-03
-2.807725965976715088e-02
-5.116838589310646057e-02
-6.214199215173721313e-02
-6.137821078300476074e-02
-6.097247451543807983e-02
-7.718089967966079712e-02
-8.849763125181198120e-02
-1.028861254453659058e-01
-1.363067924976348877e-01
-1.899258047342300415e-01
-2.398854345083236694e-01
-2.630439996719360352e-01
-2.607807517051696777e-01
-2.746853828430175781e-01
-2.870381176471710205e-01
-3.088409900665283203e-01
-3.299689888954162598e-01
-3.630688190460205078e-01
-3.607242405414581299e-01
-2.267745435237884521e-01
-2.603319846093654633e-02
1.577385663986206055e-01
2.249156236648559570e-01
2.518218159675598145e-01
2.784451246261596680e-01
2.801221907138824463e-01
2.557745575904846191e-01
2.005648910999298096e-01
1.626905500888824463e-01
1.357876509428024292e-01
1.340114772319793701e-01
1.524634063243865967e-01
1.189559698104858398e-01
2.665553987026214600e-02
-9.666625410318374634e-02
-1.575068235397338867e-01
-1.493896543979644775e-01
-1.202486306428909302e-01
-7.474406063556671143e-02
-2.059566043317317963e-02
6.369233876466751099e-02
1.310344636440277100e-01
1.792135238647460938e-01
1.831462383270263672e-01
1.574995666742324829e-01
1.247560679912567139e-01
1.240720674395561218e-01
1.535168588161468506e-01
1.723994016647338867e-01
1.785083562135696411e-01
1.691999882459640503e-01
1.510031223297119141e-01
1.097368523478507996e-01
5.122733116149902344e-02
1.475256867706775665e-04
-4.472281783819198608e-02
-5.880520865321159363e-02
-4.107056185603141785e-02
-6.635937374085187912e-03
2.460747025907039642e-02
2.781756035983562469e-02
3.100108727812767029e-02
2.994396165013313293e-02
3.272363170981407166e-02
2.338828146457672119e-02
1.298275031149387360e-02
9.157625958323478699e-03
2.002629265189170837e-02
2.381107769906520844e-02
1.578907109797000885e-02
-3.307326463982462883e-03
-3.151711821556091309e-02
-4.768115282058715820e-02
-6.109571456909179688e-02
-6.454921513795852661e-02
-8.073332905769348145e-02
-1.015864908695220947e-01
-1.152463555335998535e-01
-1.264222264289855957e-01
-1.521267145872116089e-01
-1.950597614049911499e-01
-2.447355985641479492e-01
-2.699416279792785645e-01
-2.802019417285919189e-01
-2.929546535015106201e-01
-2.905740141868591309e-01
-2.985469102859497070e-01
-3.155733644962310791e-01
-3.537350296974182129e-01
-3.023744225502014160e-01
-1.175625473260879517e-01
8.564437180757522583e-02
2.091476768255233765e-01
2.357808649539947510e-01
2.711006999015808105e-01
2.956217527389526367e-01
2.860697209835052490e-01
2.463681101799011230e-01
1.882614493370056152e-01
1.350489258766174316e-01
9.131573140621185303e-02
9.853853285312652588e-02
1.070263981819152832e-01
6.328805536031723022e-02
-3.280543535947799683e-02
-1.285307109355926514e-01
-1.561705768108367920e-01
-1.443216204643249512e-01
-1.054720878601074219e-01
-6.276981532573699951e-02
-5.244674161076545715e-03
7.357512414455413818e-02
1.434081643819808960e-01
2.049864828586578369e-01
2.133441716432571411e-01
1.841193884611129761e-01
1.442722380161285400e-01
1.364239156246185303e-01
1.555681377649307251e-01
1.619245409965515137e-01
1.641333699226379395e-01
1.498204469680786133e-01
1.271683275699615479e-01
8.461762964725494385e-02
3.805841878056526184e-02
-8.175525814294815063e-03
-5.788677558302879333e-02
-7.650439441204071045e-02
-6.535463035106658936e-02
-2.413097396492958069e-02
2.243727445602416992e-02
4.884502664208412170e-02
5.651403591036796570e-02
4.354221001267433167e-02
4.310762137174606323e-02
4.015106707811355591e-02
2.318522520363330841e-02
1.185789238661527634e-02
8.169573731720447540e-03
1.394542306661605835e-02
1.033721491694450378e-02
5.619792500510811806e-04
-1.398774422705173492e-02
-4.477477073669433594e-02
-7.398657500743865967e-02
-9.075724333524703979e-02
-1.020336598157882690e-01
-1.117701604962348938e-01
-1.301769614219665527e-01
-1.433489173650741577e-01
-1.624222248792648315e-01
-1.865228414535522461e-01
-2.198014259338378906e-01
-2.484501600265502930e-01
-2.802277207374572754e-01
-3.047153353691101074e-01
-3.069139122962951660e-01
-3.053807318210601807e-01
-3.158450126647949219e-01
-3.443273901939392090e-01
-2.590049207210540771e-01
-6.282836198806762695e-02
1.482513397932052612e-01
2.514041066169738770e-01
2.650012969970703125e-01
2.828515470027923584e-01
2.828656733036041260e-01
2.663345336914062500e-01
2.209064066410064697e-01
1.722954064607620239e-01
1.183285340666770935e-01
7.607167959213256836e-02
7.965709269046783447e-02
8.978532254695892334e-02
5.057473108172416687e-02
-4.876613616943359375e-02
-1.488258987665176392e-01
-1.783854067325592041e-01
-1.546288877725601196e-01
-1.065993160009384155e-01
-6.143716350197792053e-02
5.589276552200317383e-04
8.004018664360046387e-02
1.560016721487045288e-01
2.132861018180847168e-01
2.254162132740020752e-01
2.025799006223678589e-01
1.589957773685455322e-01
1.419154107570648193e-01
1.500910222530364990e-01
1.655040085315704346e-01
1.636720895767211914e-01
1.385996639728546143e-01
1.119766533374786377e-01
8.215857297182083130e-02
4.560288786888122559e-02
-6.120778620243072510e-03
-5.819764733314514160e-02
-8.294133841991424561e-02
-7.792305201292037964e-02
-3.949191793799400330e-02
1.236563734710216522e-02
4.514040797948837280e-02
5.173164233565330505e-02
4.788954183459281921e-02
5.491535365581512451e-02
5.327685549855232239e-02
3.377818316221237183e-02
1.102387905120849609e-02
-2.482787240296602249e-03
-1.627811929211020470e-03
5.283050704747438431e-03
8.667184039950370789e-03
-6.402511149644851685e-03
-3.495979309082031250e-02
-6.719844043254852295e-02
-9.226174652576446533e-02
-1.128282248973846436e-01
-1.277047991752624512e-01
-1.413664221763610840e-01
-1.545747220516204834e-01
-1.646720468997955322e-01
-1.809256225824356079e-01
-2.070313245058059692e-01
-2.325446158647537231e-01
-2.646500170230865479e-01
-2.960160970687866211e-01
-3.122657537460327148e-01
-3.209532797336578369e-01
-3.329152762889862061e-01
-3.495332002639770508e-01
-2.475091516971588135e-01
-4.315329343080520630e-02
1.617608815431594849e-01
2.606604099273681641e-01
2.780243456363677979e-01
2.929694354534149170e-01
2.834486961364746094e-01
2.562703490257263184e-01
2.095974683761596680e-01
1.618860661983489990e-01
1.082842275500297546e-01
7.403837144374847412e-02
7.481638342142105103e-02
9.563375264406204224e-02
6.943684816360473633e-02
-1.484268251806497574e-02
-1.230093911290168762e-01
-1.693184077739715576e-01
-1.521160602569580078e-01
-1.133584529161453247e-01
-7.658521831035614014e-02
-2.632614225149154663e-02
5.757002905011177063e-02
1.303482651710510254e-01
1.976810246706008911e-01
2.267995774745941162e-01
2.149158418178558350e-01
1.582113802433013916e-01
1.154057234525680542e-01
1.227891594171524048e-01
1.495712697505950928e-01
1.552411764860153198e-01
1.320408284664154053e-01
1.056684851646423340e-01
9.153358638286590576e-02
7.299232482910156250e-02
3.073419257998466492e-02
-2.560131065547466278e-02
-7.456632703542709351e-02
-8.512904495000839233e-02
-6.656325608491897583e-02
-1.550944056361913681e-02
2.996900118887424469e-02
4.942325502634048462e-02
4.413507878780364990e-02
4.307901114225387573e-02
5.468566715717315674e-02
5.030225217342376709e-02
2.783726155757904053e-02
7.174485945142805576e-04
-8.324773982167243958e-03
-6.536900065839290619e-03
3.660403890535235405e-04
2.888567280024290085e-03
-1.072189863771200180e-02
-3.868585452437400818e-02
-7.584768533706665039e-02
-1.035367399454116821e-01
-1.192906200885772705e-01
-1.371510475873947144e-01
-1.631280332803726196e-01
-1.968361437320709229e-01
-2.173772156238555908e-01
-2.236360460519790649e-01
-2.300103306770324707e-01
-2.576021850109100342e-01
-2.805207967758178711e-01
-2.988520264625549316e-01
-3.179335594177246094e-01
-3.614561259746551514e-01
-3.608695864677429199e-01
-2.272856384515762329e-01
-1.846699416637420654e-02
1.678162813186645508e-01
2.523334026336669922e-01
3.037855923175811768e-01
3.380904197692871094e-01
3.266856968402862549e-01
2.682249248027801514e-01
1.947817653417587280e-01
1.339323818683624268e-01
7.945455610752105713e-02
4.987325519323348999e-02
6.782513856887817383e-02
1.006348133087158203e-01
8.279395848512649536e-02
-8.370261639356613159e-05
-9.453222900629043579e-02
-1.396791934967041016e-01
-1.460503786802291870e-01
-1.327019035816192627e-01
-1.098340526223182678e-01
-4.888267442584037781e-02
3.118874132633209229e-02
1.183409765362739563e-01
1.921551227569580078e-01
2.330030500888824463e-01
2.241388559341430664e-01
1.696797460317611694e-01
1.296648234128952026e-01
1.203031763434410095e-01
1.348553001880645752e-01
1.337411403656005859e-01
1.189235597848892212e-01
1.083537191152572632e-01
1.045421063899993896e-01
9.110818803310394287e-02
5.197343975305557251e-02
-3.280485980212688446e-03
-5.239184200763702393e-02
-8.605261147022247314e-02
-8.751314878463745117e-02
-5.310004577040672302e-02
-1.069388259202241898e-02
1.689380221068859100e-02
2.673624828457832336e-02
4.655990377068519592e-02
6.657633185386657715e-02
6.704814732074737549e-02
4.399213939905166626e-02
1.328028365969657898e-02
-7.500926963984966278e-03
-1.374755054712295532e-02
-8.137109689414501190e-03
-5.385748227126896381e-04
-2.358626108616590500e-03
-1.919019594788551331e-02
-4.849328100681304932e-02
-8.026948571205139160e-02
-1.060536652803421021e-01
-1.372395753860473633e-01
-1.765100657939910889e-01
-2.199659943580627441e-01
-2.448951154947280884e-01
-2.429877817630767822e-01
-2.327838838100433350e-01
-2.414066344499588013e-01
-2.657611966133117676e-01
-2.921043336391448975e-01
-3.113839030265808105e-01
-3.459776937961578369e-01
-3.429938554763793945e-01
-2.286918908357620239e-01
-3.614102303981781006e-02
1.396972686052322388e-01
2.282778024673461914e-01
2.911178469657897949e-01
3.387311100959777832e-01
3.384381830692291260e-01
2.804576754570007324e-01
2.115211933851242065e-01
1.525977551937103271e-01
9.703933447599411011e-02
5.318387970328330994e-02
5.309940129518508911e-02
9.147854149341583252e-02
9.557633846998214722e-02
4.258019477128982544e-02
-5.259084329009056091e-02
-1.120253130793571472e-01
-1.327409744262695312e-01
-1.393117606639862061e-01
-1.401897668838500977e-01
-1.092900559306144714e-01
-3.093182295560836792e-02
5.686002224683761597e-02
1.383178830146789551e-01
1.987735182046890259e-01
2.285628914833068848e-01
2.055629193782806396e-01
1.565008610486984253e-01
1.243318244814872742e-01
1.237362399697303772e-01
1.228632703423500061e-01
1.125263869762420654e-01
1.061345636844635010e-01
1.177432760596275330e-01
1.256728768348693848e-01
1.049212813377380371e-01
6.561556458473205566e-02
1.309087686240673065e-02
-3.543122857809066772e-02
-7.682065665721893311e-02
-8.099581301212310791e-02
-5.503388121724128723e-02
-2.031177654862403870e-02
6.132896523922681808e-04
1.543308980762958527e-02
3.913434594869613647e-02
5.919802933931350708e-02
5.875346809625625610e-02
3.297408297657966614e-02
8.588088676333427429e-04
-2.353334985673427582e-02
-3.414076939225196838e-02
-3.373284265398979187e-02
-2.287401631474494934e-02
-2.011249959468841553e-02
-3.504586219787597656e-02
-6.314121186733245850e-02
-9.102258831262588501e-02
-1.135703325271606445e-01
-1.444156914949417114e-01
-1.880913972854614258e-01
-2.315358966588973999e-01
-2.506010830402374268e-01
-2.494125068187713623e-01
-2.515457868576049805e-01
-2.611291408538818359e-01
-2.772328555583953857e-01
-2.990800440311431885e-01
-3.419094085693359375e-01
-3.329161107540130615e-01
-2.232196629047393799e-01
-5.592487752437591553e-02
8.373332768678665161e-02
1.592575013637542725e-01
2.362863123416900635e-01
3.022775948047637939e-01
3.277555108070373535e-01
2.961615622043609619e-01
2.389249503612518311e-01
1.785032600164413452e-01
1.145220324397087097e-01
6.736958026885986328e-02
5.916381627321243286e-02
8.627038449048995972e-02
9.581564366817474365e-02
6.117600947618484497e-02
-3.544266102835536003e-03
-4.796169325709342957e-02
-7.227072119712829590e-02
-9.807518124580383301e-02
-1.282490789890289307e-01
-1.275024116039276123e-01
-8.644878864288330078e-02
-2.121783420443534851e-02
5.241970345377922058e-02
1.239381581544876099e-01
1.784062087535858154e-01
1.842370331287384033e-01
1.599636673927307129e-01
1.304370909929275513e-01
1.200356855988502502e-01
1.091877520084381104e-01
9.599046409130096436e-02
8.993352204561233521e-02
1.043172478675842285e-01
1.307108998298645020e-01
1.406836360692977905e-01
1.300319582223892212e-01
9.164570271968841553e-02
4.552293568849563599e-02
-2.446939237415790558e-03
-3.500214591622352600e-02
-4.840243235230445862e-02
-4.892209917306900024e-02
-4.323116317391395569e-02
-3.180394321680068970e-02
-4.619598854333162308e-03
2.725106664001941681e-02
4.690783098340034485e-02
3.931973874568939209e-02
1.365879829972982407e-02
-1.676751673221588135e-02
-3.744625300168991089e-02
-4.583717882633209229e-02
-4.734702408313751221e-02
-5.298337340354919434e-02
-6.192590296268463135e-02
-6.804744899272918701e-02
-7.525198161602020264e-02
-8.659632503986358643e-02
-1.118695884943008423e-01
-1.510773301124572754e-01
-1.991088688373565674e-01
-2.388563454151153564e-01
-2.628777623176574707e-01
-2.716763019561767578e-01
-2.743096053600311279e-01
-2.843860387802124023e-01
-3.073884248733520508e-01
-3.250350654125213623e-01
-2.706280946731567383e-01
-1.540102958679199219e-01
-3.104941733181476593e-02
4.529228061437606812e-02
1.005680561065673828e-01
1.777866184711456299e-01
2.410730123519897461e-01
2.658204436302185059e-01
2.448722869157791138e-01
2.182110548019409180e-01
1.810085773468017578e-01
1.419482976198196411e-01
1.058954969048500061e-01
1.039277240633964539e-01
1.192196384072303772e-01
1.148965656757354736e-01
8.080916106700897217e-02
3.480970114469528198e-02
1.312807668000459671e-02
-9.741492569446563721e-03
-4.227653518319129944e-02
-8.158950507640838623e-02
-9.086911380290985107e-02
-7.748785614967346191e-02
-4.581408575177192688e-02
-6.576997227966785431e-03
4.529082030057907104e-02
8.885293453931808472e-02
1.034617051482200623e-01
9.632852673530578613e-02
9.051431715488433838e-02
9.490177035331726074e-02
9.050634503364562988e-02
7.707037776708602905e-02
6.901243329048156738e-02
8.901314437389373779e-02
1.168299093842506409e-01
1.400450468063354492e-01
1.477956026792526245e-01
1.441237926483154297e-01
1.255551278591156006e-01
9.004136174917221069e-02
4.725037515163421631e-02
8.541769348084926605e-03
-1.996277831494808197e-02
-4.223238676786422729e-02
-5.243022739887237549e-02
-4.493449255824089050e-02
-1.616897806525230408e-02
1.337609812617301941e-02
2.616716362535953522e-02
2.050155028700828552e-02
3.328674705699086189e-03
-1.665922068059444427e-02
-4.261427745223045349e-02
-6.973367929458618164e-02
-9.397794306278228760e-02
-1.104962304234504700e-01
-1.177816241979598999e-01
-1.214676722884178162e-01
-1.199832260608673096e-01
-1.193782612681388855e-01
-1.288027614355087280e-01
-1.497097611427307129e-01
-1.794320493936538696e-01
-2.058309614658355713e-01
-2.275177538394927979e-01
-2.460128515958786011e-01
-2.607945799827575684e-01
-2.800827324390411377e-01
-2.837703227996826172e-01
-2.393205910921096802e-01
-1.475785672664642334e-01
-4.486439004540443420e-02
2.434186264872550964e-02
7.390104234218597412e-02
1.221488416194915771e-01
1.627853512763977051e-01
1.784428358078002930e-01
1.702038198709487915e-01
1.542034149169921875e-01
1.350570917129516602e-01
1.147571727633476257e-01
1.012273877859115601e-01
1.107238382101058960e-01
1.344674527645111084e-01
1.479384303092956543e-01
1.366648375988006592e-01
1.109111905097961426e-01
8.853774517774581909e-02
6.845470517873764038e-02
3.682816028594970703e-02
3.160891123116016388e-03
-2.418906241655349731e-02
-3.389177471399307251e-02
-3.230849653482437134e-02
-2.096882462501525879e-02
1.230612862855195999e-03
2.806123346090316772e-02
4.373649507761001587e-02
4.139106720685958862e-02
3.028430975973606110e-02
2.523997612297534943e-02
2.528886869549751282e-02
1.931375265121459961e-02
1.065437868237495422e-02
1.230424083769321442e-02
3.092280402779579163e-02
5.790083110332489014e-02
8.511432260274887085e-02
1.017454862594604492e-01
1.135534495115280151e-01
1.131278797984123230e-01
1.043555960059165955e-01
8.715175092220306396e-02
6.984607875347137451e-02
5.599998682737350464e-02
3.918963670730590820e-02
2.054047025740146637e-02
1.014683675020933151e-02
9.137462824583053589e-03
1.012615300714969635e-02
3.286245744675397873e-03
-9.657051414251327515e-03
-2.252026274800300598e-02
-3.806422650814056396e-02
-5.355091392993927002e-02
-7.216850668191909790e-02
-8.790437877178192139e-02
-1.015809774398803711e-01
-1.144000738859176636e-01
-1.245493292808532715e-01
-1.284018754959106445e-01
-1.249489784240722656e-01
-1.191597282886505127e-01
-1.201153546571731567e-01
-1.190498545765876770e-01
-1.177406236529350281e-01
-1.158593744039535522e-01
-1.188447922468185425e-01
-1.268468797206878662e-01
-1.266216337680816650e-01
-1.143951490521430969e-01
-8.797295391559600830e-02
-5.910746380686759949e-02
-3.366449102759361267e-02
-1.055427640676498413e-02
1.107854489237070084e-02
2.606175094842910767e-02
3.436612337827682495e-02
3.618162125349044800e-02
3.337704762816429138e-02
2.408947981894016266e-02
1.332242228090763092e-02
4.623362328857183456e-03
3.931656014174222946e-03
1.108618453145027161e-02
2.264507301151752472e-02
3.555916994810104370e-02
4.484841227531433105e-02
5.823019891977310181e-02
7.026618719100952148e-02
7.728958874940872192e-02
7.800543308258056641e-02
7.343988120555877686e-02
6.725669652223587036e-02
5.889403074979782104e-02
5.060900002717971802e-02
4.519344121217727661e-02
4.051600024104118347e-02
3.666998445987701416e-02
3.484107553958892822e-02
3.616907447576522827e-02
4.011147096753120422e-02
4.469141364097595215e-02
4.582504928112030029e-02
4.487328231334686279e-02
4.400958865880966187e-02
4.235835373401641846e-02
4.152091220021247864e-02
3.932213410735130310e-02
3.815324977040290833e-02
3.816571831703186035e-02
3.807825595140457153e-02
4.074039310216903687e-02
4.362903535366058350e-02
4.628189653158187866e-02
4.886284470558166504e-02
4.914381355047225952e-02
4.753040149807929993e-02
4.460945352911949158e-02
4.222847521305084229e-02
4.008254036307334900e-02
3.413920477032661438e-02
2.528160624206066132e-02
1.776698790490627289e-02
1.232551131397485733e-02
7.404470816254615784e-03
-8.857480715960264206e-04
-8.423477411270141602e-03
-1.311806216835975647e-02
-1.575369015336036682e-02
-1.894157379865646362e-02
-2.261298149824142456e-02
-2.405371144413948059e-02
-2.514069154858589172e-02
-2.663746476173400879e-02
-2.806923910975456238e-02
-2.872608043253421783e-02
-3.024173155426979065e-02
-3.149964287877082825e-02
-3.488203883171081543e-02
-3.746477514505386353e-02
-4.167506098747253418e-02
-4.510008171200752258e-02
-4.837722331285476685e-02
-5.377349257469177246e-02
-5.742534250020980835e-02
-6.101962924003601074e-02
-6.333450227975845337e-02
-6.765820831060409546e-02
-7.194587588310241699e-02
-7.527226209640502930e-02
-7.651085406541824341e-02
-7.810343801975250244e-02
-7.993347197771072388e-02
-8.154098689556121826e-02
-8.005223423242568970e-02
-7.685117423534393311e-02
-7.208849489688873291e-02
-6.775014847517013550e-02
-6.148260086774826050e-02
-5.338290333747863770e-02
-4.504856839776039124e-02
-3.404733538627624512e-02
-2.596312388777732849e-02
-1.727480813860893250e-02
-1.115162484347820282e-02
-2.997043309733271599e-03
6.003632210195064545e-03
1.408173143863677979e-02
1.961830072104930878e-02
2.365409955382347107e-02
2.788613736629486084e-02
3.188117966055870056e-02
3.528060764074325562e-02
3.653600066900253296e-02
3.959191963076591492e-02
4.110904783010482788e-02
4.233238846063613892e-02
4.442540183663368225e-02
4.914525523781776428e-02
5.573543161153793335e-02
6.143158301711082458e-02
6.699890643358230591e-02
7.215305417776107788e-02
7.612652331590652466e-02
7.840330898761749268e-02
8.003573864698410034e-02
7.897641509771347046e-02
7.528230547904968262e-02
7.101131975650787354e-02
6.624917685985565186e-02
6.194623932242393494e-02
5.664235353469848633e-02
5.266073346138000488e-02
4.962650313973426819e-02
4.609454423189163208e-02
4.264644533395767212e-02
3.820763528347015381e-02
3.368091955780982971e-02
2.860641479492187500e-02
2.263181656599044800e-02
1.662800274789333344e-02
1.034772396087646484e-02
4.976694472134113312e-03
-1.027852762490510941e-03
-7.389239035546779633e-03
-1.242221519351005554e-02
-1.752453297376632690e-02
-2.240050397813320160e-02
-2.873940393328666687e-02
-3.458081930875778198e-02
-3.966771811246871948e-02
-4.481581598520278931e-02
-4.915840178728103638e-02
-5.390140414237976074e-02
-5.836747214198112488e-02
-6.221136078238487244e-02
-6.531628966331481934e-02
-6.689479947090148926e-02
-6.840161234140396118e-02
-6.949751079082489014e-02
-7.041071355342864990e-02
-7.136271893978118896e-02
-7.243206351995468140e-02
-7.465927302837371826e-02
-7.607425749301910400e-02
-7.745841145515441895e-02
-7.826509326696395874e-02
-7.920232415199279785e-02
-7.902131974697113037e-02
-7.678550481796264648e-02
-7.238977402448654175e-02
-6.595160067081451416e-02
-5.874231830239295959e-02
-5.140588432550430298e-02
-4.371750727295875549e-02
-3.516549989581108093e-02
-2.796492725610733032e-02
-2.096606418490409851e-02
-1.441561616957187653e-02
-6.406137719750404358e-03
3.746508155018091202e-04
6.363904103636741638e-03
1.250488311052322388e-02
1.869285851716995239e-02
2.486909925937652588e-02
2.951101213693618774e-02
3.370985388755798340e-02
3.699777275323867798e-02
4.084363952279090881e-02
4.484878480434417725e-02
4.847094416618347168e-02
5.124124884605407715e-02
5.403580144047737122e-02
5.728229135274887085e-02
6.086945533752441406e-02
6.400128453969955444e-02
6.691839545965194702e-02
6.856725364923477173e-02
6.927774101495742798e-02
6.958866864442825317e-02
6.917381286621093750e-02
6.826991587877273560e-02
6.648735702037811279e-02
6.527922302484512329e-02
6.398688256740570068e-02
6.182979419827461243e-02
5.939635634422302246e-02
5.643918737769126892e-02
5.360541492700576782e-02
4.960808157920837402e-02
4.507045075297355652e-02
4.071490839123725891e-02
3.613555058836936951e-02
3.168388828635215759e-02
2.662109583616256714e-02
2.235575392842292786e-02
1.795514300465583801e-02
1.283981464803218842e-02
7.681857794523239136e-03
3.128550946712493896e-03
-9.527811780571937561e-04
-6.018585059791803360e-03
-1.109681371599435806e-02
-1.498257368803024292e-02
-1.856015250086784363e-02
-2.226213738322257996e-02
-2.552575990557670593e-02
-2.857965417206287384e-02
-3.216079249978065491e-02
-3.698077797889709473e-02
-4.084178432822227478e-02
-4.432855546474456787e-02
-4.727950692176818848e-02
-4.917591065168380737e-02
-5.024265125393867493e-02
-5.036233365535736084e-02
-5.089080706238746643e-02
-5.065966024994850159e-02
-5.117904394865036011e-02
-5.220925062894821167e-02
-5.319799482822418213e-02
-5.370056256651878357e-02
-5.437394976615905762e-02
-5.483756959438323975e-02
-5.412643030285835266e-02
-5.169843882322311401e-02
-4.873751103878021240e-02
-4.488812386989593506e-02
-4.048917070031166077e-02
-3.587812185287475586e-02
-3.102341294288635254e-02
-2.649392001330852509e-02
-2.165523171424865723e-02
-1.769332773983478546e-02
-1.348531246185302734e-02
-9.430022910237312317e-03
-5.025958642363548279e-03
-4.430791886989027262e-04
4.158242605626583099e-03
8.007153868675231934e-03
1.134769711643457413e-02
1.420798245817422867e-02
1.747267320752143860e-02
2.040451578795909882e-02
2.338229678571224213e-02
2.590793184936046600e-02
2.826443314552307129e-02
3.140700608491897583e-02
3.469002619385719299e-02
3.835216164588928223e-02
4.089406132698059082e-02
4.345696419477462769e-02
4.515993967652320862e-02
4.654232412576675415e-02
4.762091860175132751e-02
4.898536205291748047e-02
5.001479759812355042e-02
5.046389997005462646e-02
5.021015182137489319e-02
4.988469928503036499e-02
4.955066740512847900e-02
4.907809942960739136e-02
4.844896495342254639e-02
4.669552296400070190e-02
4.482274129986763000e-02
4.219232499599456787e-02
3.991093859076499939e-02
3.697330132126808167e-02
3.402270004153251648e-02
3.093901276588439941e-02
2.781843952834606171e-02
2.470865100622177124e-02
2.078243345022201538e-02
1.707297377288341522e-02
1.391443237662315369e-02
1.131895743310451508e-02
7.688828278332948685e-03
3.389667486771941185e-03
-1.617173838894814253e-04
-2.630531555041670799e-03
-5.787689238786697388e-03
-9.985407814383506775e-03
-1.419316511601209641e-02
-1.761313900351524353e-02
-2.038739621639251709e-02
-2.308914251625537872e-02
-2.546544745564460754e-02
-2.789971604943275452e-02
-2.999761328101158142e-02
-3.218550980091094971e-02
-3.424826636910438538e-02
-3.612060099840164185e-02
-3.845798969268798828e-02
-4.083026945590972900e-02
-4.309634491801261902e-02
-4.405761882662773132e-02
-4.452448710799217224e-02
-4.455845803022384644e-02
-4.352368786931037903e-02
-4.177569225430488586e-02
-3.984643891453742981e-02
-3.823969140648841858e-02
-3.548296168446540833e-02
-3.268082439899444580e-02
-3.038407117128372192e-02
-2.867287769913673401e-02
-2.603880129754543304e-02
-2.335328981280326843e-02
-2.065608836710453033e-02
-1.769798621535301208e-02
-1.452178508043289185e-02
-1.178954076021909714e-02
-9.830059483647346497e-03
-7.153748534619808197e-03
-4.881618078798055649e-03
-2.135587390512228012e-03
-1.689627533778548241e-04
2.573809819296002388e-03
4.961316473782062531e-03
8.042739704251289368e-03
1.113292109221220016e-02
1.380356587469577789e-02
1.618156768381595612e-02
1.833249628543853760e-02
2.091816253960132599e-02
2.270023897290229797e-02
2.485265210270881653e-02
2.620244771242141724e-02
2.762243151664733887e-02
2.830313146114349365e-02
2.948454022407531738e-02
2.995103411376476288e-02
3.017905727028846741e-02
3.049377724528312683e-02
3.078873082995414734e-02
3.053776547312736511e-02
2.927858382463455200e-02
2.830678224563598633e-02
2.693871408700942993e-02
2.582729235291481018e-02
2.449732646346092224e-02
2.354103326797485352e-02
2.174806967377662659e-02
1.934205368161201477e-02
1.691152341663837433e-02
1.499984692782163620e-02
1.349205337464809418e-02
1.164811477065086365e-02
9.767444804310798645e-03
7.691471837460994720e-03
6.336034741252660751e-03
4.777203314006328583e-03
2.868216019123792648e-03
2.704167272895574570e-04
-2.113100141286849976e-03
-3.623876255005598068e-03
-4.791459534317255020e-03
-6.003243383020162582e-03
-8.171355351805686951e-03
-1.044619176536798477e-02
-1.261668652296066284e-02
-1.410532370209693909e-02
-1.585448533296585083e-02
-1.781581901013851166e-02
-1.981903612613677979e-02
-2.131233923137187958e-02
-2.190938591957092285e-02
-2.250247076153755188e-02
-2.289146184921264648e-02
-2.350960858166217804e-02
-2.303056977689266205e-02
-2.217908762395381927e-02
-2.099714055657386780e-02
-2.002858556807041168e-02
-1.915929839015007019e-02
-1.830041408538818359e-02
-1.794405840337276459e-02
-1.691200956702232361e-02
-1.602248474955558777e-02
-1.469951309263706207e-02
-1.399939134716987610e-02
-1.304094120860099792e-02
-1.241087634116411209e-02
-1.175878848880529404e-02
-1.126400381326675415e-02
-1.082588359713554382e-02
-1.005575247108936310e-02
-9.161115624010562897e-03
-7.776517421007156372e-03
-6.859092973172664642e-03
-5.538394674658775330e-03
-4.449299070984125137e-03
-2.653850242495536804e-03
-1.355001935735344887e-03
1.323207106906920671e-04
1.198624609969556332e-03
2.380128251388669014e-03
3.785544773563742638e-03
5.302387755364179611e-03
6.689541041851043701e-03
7.383184973150491714e-03
8.579891175031661987e-03
9.432880207896232605e-03
1.025750208646059036e-02
1.076555252075195312e-02
1.176550611853599548e-02
1.230078563094139099e-02
1.234133541584014893e-02
1.245610415935516357e-02
1.311055757105350494e-02
1.352267991751432419e-02
1.329418364912271500e-02
1.319341547787189484e-02
1.314795389771461487e-02
1.303835771977901459e-02
1.266207173466682434e-02
1.259037293493747711e-02
1.238485518842935562e-02
1.192622166126966476e-02
1.135071739554405212e-02
1.071133743971586227e-02
1.014379039406776428e-02
9.319396689534187317e-03
8.509615436196327209e-03
7.436175830662250519e-03
6.435425020754337311e-03
5.563839804381132126e-03
4.663619678467512131e-03
4.040526226162910461e-03
3.041452262550592422e-03
1.600627088919281960e-03
-1.252923539141193032e-04
-1.458945567719638348e-03
-2.489641308784484863e-03
-3.817121265456080437e-03
-5.637878552079200745e-03
-7.000742480158805847e-03
-7.722103036940097809e-03
-8.164884522557258606e-03
-8.598966524004936218e-03
-8.845515549182891846e-03
-8.786012418568134308e-03
-8.906066417694091797e-03
-8.821025490760803223e-03
-8.910968899726867676e-03
-8.795619942247867584e-03
-8.849784731864929199e-03
-8.910796605050563812e-03
-8.849298581480979919e-03
-8.865121752023696899e-03
-8.749201893806457520e-03
-8.820617571473121643e-03
-8.839080110192298889e-03
-8.986840024590492249e-03
-9.165813215076923370e-03
-9.368439204990863800e-03
-9.231587871909141541e-03
-9.026265703141689301e-03
-8.676452562212944031e-03
-8.298302069306373596e-03
-7.783347740769386292e-03
-7.355661131441593170e-03
-6.823905277997255325e-03
-5.993827246129512787e-03
-5.208747927099466324e-03
-4.429111257195472717e-03
-3.919676877558231354e-03
-3.109260229393839836e-03
-2.487624529749155045e-03
-1.767064211890101433e-03
-1.055141678079962730e-03
-4.715351096820086241e-04
2.859358210116624832e-05
4.968595458194613457e-04
9.498544968664646149e-04
1.504326239228248596e-03
1.913058804348111153e-03
2.245590090751647949e-03
2.533352235332131386e-03
2.848785836249589920e-03
3.301156684756278992e-03
3.646166995167732239e-03
3.967046737670898438e-03
4.052889067679643631e-03
4.312281031161546707e-03
4.362788982689380646e-03
4.574654623866081238e-03
4.700698424130678177e-03
4.622323438525199890e-03
4.494954831898212433e-03
4.551375284790992737e-03
4.618307575583457947e-03
4.439798649400472641e-03
4.072849638760089874e-03
3.736741840839385986e-03
3.500724676996469498e-03
3.207801608368754387e-03
3.023846307769417763e-03
2.793829888105392456e-03
2.474402310326695442e-03
2.070595975965261459e-03
1.731379190459847450e-03
1.118163578212261200e-03
3.799424157477915287e-04
-2.575991675257682800e-04
-9.192558936774730682e-04
-1.643177936784923077e-03
-2.346018096432089806e-03
-2.776842564344406128e-03
-2.993152011185884476e-03
-3.190928138792514801e-03
-3.198902821168303490e-03
-3.072951687499880791e-03
-2.810526173561811447e-03
-2.734751673415303230e-03
-2.635939978063106537e-03
-2.426630118861794472e-03
-2.269549295306205750e-03
-2.144856844097375870e-03
-2.030417555943131447e-03
-1.896789297461509705e-03
-1.805301522836089134e-03
-1.838780473917722702e-03
-1.897305482998490334e-03
-1.985177397727966309e-03
-2.190607367083430290e-03
-2.399129327386617661e-03
-2.587620168924331665e-03
-2.628582529723644257e-03
-2.661634003743529320e-03
-2.615745412185788155e-03
-2.418541815131902695e-03
-2.149147912859916687e-03
-1.966606825590133667e-03
-1.675585517659783363e-03
-1.393020618706941605e-03
-1.058904454112052917e-03
-6.718173972330987453e-04
-3.324557910673320293e-04
-8.830952720018103719e-05
2.345711109228432178e-04
5.473858327604830265e-04
7.368106162175536156e-04
1.067923032678663731e-03
1.222715829499065876e-03
1.311175408773124218e-03
1.407099538482725620e-03
1.547535182908177376e-03
1.626520417630672455e-03
1.656573032960295677e-03
1.710721990093588829e-03
1.817861804738640785e-03
1.955944579094648361e-03
2.026204485446214676e-03
2.117925323545932770e-03
2.092797309160232544e-03
2.103352453559637070e-03
1.965173054486513138e-03
1.788510591723024845e-03
1.740682986564934254e-03
1.643849071115255356e-03
1.588415703736245632e-03
1.451121410354971886e-03
1.385963521897792816e-03
1.266487641260027885e-03
1.124752685427665710e-03
1.054360298439860344e-03
9.416702669113874435e-04
8.792651351541280746e-04
8.317381725646555424e-04
8.764360100030899048e-04
9.139288449659943581e-04
8.435712661594152451e-04
7.393368287011981010e-04
5.879140226170420647e-04
3.874156973324716091e-04
9.362152195535600185e-05
-3.046113706659525633e-04
-6.472081295214593410e-04
-9.354488574899733067e-04
-1.140413573011755943e-03
-1.217826153151690960e-03
-1.180247287265956402e-03
-1.033637207001447678e-03
-7.887353422120213509e-04
-5.417449283413589001e-04
-3.035529516637325287e-04
-6.020189175615087152e-05
1.243268488906323910e-04
3.339877875987440348e-04
5.011456087231636047e-04
6.870714714750647545e-04
8.571179932914674282e-04
8.601219160482287407e-04
8.802792290225625038e-04
8.197580464184284210e-04
6.519097369164228439e-04
4.548034630715847015e-04
2.541279536671936512e-04
6.908503564773127437e-05
-1.257086260011419654e-04
-1.951617887243628502e-04
-1.894213201012462378e-04
-1.156765647465363145e-04
-3.644624666776508093e-05
1.360386377200484276e-04
3.404370509088039398e-04
4.925235407426953316e-04
6.240702932700514793e-04
7.983734831213951111e-04
1.000828808173537254e-03
1.128093921579420567e-03
1.288369065150618553e-03
1.453014556318521500e-03
1.594008412212133408e-03
1.666237832978367805e-03
1.611224142834544182e-03
1.632340950891375542e-03
1.621229224838316441e-03
1.514847273938357830e-03
1.467468682676553726e-03
1.488533220253884792e-03
1.486239721998572350e-03
1.417445950210094452e-03
1.356469118036329746e-03
1.305495621636509895e-03
1.322055817581713200e-03
1.291374908760190010e-03
1.204128144308924675e-03
1.040050759911537170e-03
9.538228041492402554e-04
9.231867734342813492e-04
9.451097575947642326e-04
8.873569313436746597e-04
7.371587562374770641e-04
5.986781907267868519e-04
5.205671186558902264e-04
3.888881765305995941e-04
2.322562941117212176e-04
1.415800652466714382e-04
6.011859295540489256e-05
7.578830991405993700e-05
2.080617014144081622e-05
1.789394809748046100e-05
-3.523707709973677993e-05
-5.048439197707921267e-05
-1.032731379382312298e-04
-2.519970003049820662e-04
-4.244128940626978874e-04
-5.635890993289649487e-04
-6.884763133712112904e-04
-8.019155357033014297e-04
-8.873282931745052338e-04
-9.532427648082375526e-04
-8.975854143500328064e-04
-7.986862910911440849e-04
-6.744986167177557945e-04
-5.855427589267492294e-04
-4.473318113014101982e-04
-3.018191782757639885e-04
-2.105189196299761534e-04
-1.057915651472285390e-04
-5.384962787502445281e-05
3.114281571470201015e-05
7.442816422553732991e-05
9.470782970311120152e-05
1.693729136604815722e-04
1.232649665325880051e-04
1.186435256386175752e-04
5.554404560825787485e-05
-3.966013537137769163e-05
-8.983410953078418970e-05
-1.466286921640858054e-04
-1.925937976920977235e-04
-1.853443245636299253e-04
-1.402931520715355873e-04
-7.512454612879082561e-05
4.795922723133116961e-05
1.153976336354389787e-04
2.050924813374876976e-04
3.460260340943932533e-04
4.473979352042078972e-04
5.362157244235277176e-04
6.849996862001717091e-04
7.947004050947725773e-04
8.164308965206146240e-04
8.290492696687579155e-04
8.756084134802222252e-04
9.591596899554133415e-04
1.013939734548330307e-03
1.014612847939133644e-03
9.676433401182293892e-04
9.228276903741061687e-04
9.010426001623272896e-04
9.107831865549087524e-04
9.257082128897309303e-04
9.693678584881126881e-04
9.743793634697794914e-04
9.096522699110209942e-04
8.503428543917834759e-04
8.280741749331355095e-04
8.385673863813281059e-04
7.246476016007363796e-04
6.250757141970098019e-04
5.391487502492964268e-04
4.479335912037640810e-04
3.931258688680827618e-04
3.283988335169851780e-04
2.650056558195501566e-04
2.346550318179652095e-04
1.562235702294856310e-04
1.301127485930919647e-04
5.639888331643305719e-05
-5.461392720462754369e-05
-4.543938848655670881e-05
-1.078278946806676686e-04
-1.531849411549046636e-04
-1.293008681386709213e-04
-1.703918969724327326e-04
-2.572858647909015417e-04
-3.202637017238885164e-04
-4.051669384352862835e-04
-4.914195742458105087e-04
-5.300011252984404564e-04
-5.436450010165572166e-04
-5.618380382657051086e-04
-5.284466315060853958e-04
-4.432021232787519693e-04
-3.263216349296271801e-04
-2.587384369689971209e-04
-1.555433700559660792e-04
-1.087722048396244645e-04
-2.135900103894528002e-05
2.805702570185530931e-05
1.028457991196773946e-04
1.502430532127618790e-04
1.263204321730881929e-04
2.058635582216084003e-04
2.424237027298659086e-04
2.560187422204762697e-04
2.022538828896358609e-04
1.954510516952723265e-04
1.537689386168494821e-04
9.344041609438136220e-05
3.294970883871428668e-05
2.213240077253431082e-05
8.811539373709820211e-06
3.843045487883500755e-05
8.918521052692085505e-05
1.554555201437324286e-04
2.623034815769642591e-04
3.388503100723028183e-04
4.338598810136318207e-04
4.830614780075848103e-04
5.483478307723999023e-04
5.880225216969847679e-04
6.619860650971531868e-04
7.023803191259503365e-04
7.410665275529026985e-04
7.698411354795098305e-04
7.441474008373916149e-04
7.138402434065937996e-04
6.903564790263772011e-04
7.060233037918806076e-04
6.751494365744292736e-04
6.502809701487421989e-04
5.565669271163642406e-04
4.477305628824979067e-04
4.260532732587307692e-04
4.020447959192097187e-04
3.514470008667558432e-04
3.011867520399391651e-04
2.019584935624152422e-04
1.205957451020367444e-04
2.405334635113831609e-05
-1.793769661162514240e-05
-1.206615052069537342e-04
-2.591478114482015371e-04
-3.525599313434213400e-04
-4.732027300633490086e-04
-5.464655114337801933e-04
-6.613925215788185596e-04
-6.930535892024636269e-04
-7.494071032851934433e-04
-8.617269922979176044e-04
-9.636055910959839821e-04
-1.008631894364953041e-03
-1.061537535861134529e-03
-1.110321958549320698e-03
-1.135223661549389362e-03
-1.180555904284119606e-03
-1.200116705149412155e-03
-1.239182194694876671e-03
-1.204210100695490837e-03
-1.176242949441075325e-03
-1.165967900305986404e-03
-1.093223458155989647e-03
-1.084691961295902729e-03
-1.100721536204218864e-03
-1.075780834071338177e-03
-9.932990651577711105e-04
-9.149916586466133595e-04
-8.238400332629680634e-04
-7.226389134302735329e-04
-5.914079956710338593e-04
-4.189623869024217129e-04
-2.961136633530259132e-04
-2.185611665481701493e-04
-1.479160273447632790e-04
-1.024026496452279389e-04
-8.339146734215319157e-05
-4.409625034895725548e-05
2.169129948015324771e-05
4.902656655758619308e-05
1.631561099202372134e-05
1.454708853998454288e-05
-3.100000321865081787e-05
-4.936676850775256753e-05
-9.114013664657250047e-05
-1.297942508244886994e-04
-1.727307972032576799e-04
-2.153433306375518441e-04
-2.173548855353146791e-04
-1.963685499504208565e-04
-1.430847041774541140e-04
-1.243249425897374749e-04
-1.132919205701909959e-04
-8.876816718839108944e-05
-1.000422853394411504e-04
-8.165715553332120180e-05
-5.163926107343286276e-05
-4.978431752533651888e-05
-2.723073339438997209e-05
-4.252589860698208213e-05
-5.877139483345672488e-05
-7.599726086482405663e-05
-8.643815817777067423e-05
-1.047025434672832489e-04
-1.313665416091680527e-04
-1.729778159642592072e-04
-1.662506256252527237e-04
-1.974819897441193461e-04
-2.883020788431167603e-04
-3.699014487210661173e-04
-4.229203332215547562e-04
-4.375027201604098082e-04
-4.556328640319406986e-04
-5.326495156623423100e-04
-5.929771577939391136e-04
-6.432552472688257694e-04
-7.110452279448509216e-04
-7.600727258250117302e-04
-7.789373630657792091e-04
-7.942672236822545528e-04
-8.530917111784219742e-04
-9.011194342747330666e-04
-9.321076795458793640e-04
-8.939740364439785480e-04
-8.843159885145723820e-04
-8.779126801528036594e-04
-9.208556730300188065e-04
-1.002489356324076653e-03
-1.018638722598552704e-03
-9.644941892474889755e-04
-9.428535122424364090e-04
-9.574198629707098007e-04
-9.688470163382589817e-04
-9.656237089075148106e-04
-9.839367121458053589e-04
-1.006514881737530231e-03
-9.685300174169242382e-04
-9.052430395968258381e-04
-8.442532271146774292e-04
-8.343092049472033978e-04
-7.722690934315323830e-04
-7.239045808091759682e-04
-6.501489551737904549e-04
-5.958065739832818508e-04
-5.241729668341577053e-04
-4.344527842476963997e-04
-3.816426033154129982e-04
-3.456528938841074705e-04
-3.400267451070249081e-04
-2.736985334195196629e-04
-2.235554857179522514e-04
-1.976784551516175270e-04
-1.706299080979079008e-04
-1.982315734494477510e-04
-2.020921965595334768e-04
-2.093697403324767947e-04
-2.079135156236588955e-04
-1.940760412253439426e-04
-2.258979657199233770e-04
-1.917730696732178330e-04
-1.534053299110382795e-04
-1.361279428238049150e-04
-1.470303104724735022e-04
-1.092875609174370766e-04
-9.081001917365938425e-05
-9.436133404960855842e-05
-3.001349068654235452e-05
3.531867696437984705e-05
8.029838500078767538e-05
6.002544250804930925e-05
5.551176582230255008e-05
9.141767804976552725e-05
1.036540343193337321e-04
1.253944501513615251e-04
1.455896708648651838e-04
1.435439480701461434e-04
1.463902590330690145e-04
1.181491825263947248e-04
7.600890239700675011e-05
9.623986261431127787e-05
1.249257475137710571e-04
9.332696208730340004e-05
4.388300294522196054e-05
-3.255406454627518542e-06
-1.322980006079887971e-05
-3.608046972658485174e-05
-6.069514347473159432e-05
-7.511604781029745936e-05
-9.741916437633335590e-05
-1.033562584780156612e-04
-1.399698667228221893e-04
-1.803590130293741822e-04
-2.225054049631580710e-04
-2.330192364752292633e-04
-1.931520091602578759e-04
-1.644982403377071023e-04
-1.848782849265262485e-04
-1.931187289301306009e-04
-1.775185519363731146e-04
-1.967827847693115473e-04
-2.170017687603831291e-04
-2.252974518341943622e-04
-1.918737252708524466e-04
-2.071605704259127378e-04
-2.256864245282486081e-04
-1.972788741113618016e-04
-1.901422656374052167e-04
-1.954992767423391342e-04
-1.808831584639847279e-04
-1.423842040821909904e-04
-1.153176199295558035e-04
-9.570490510668605566e-05
-7.632863707840442657e-05
-1.176157820736989379e-05
-5.931343821430345997e-06
1.275100657949224114e-05
8.025261922739446163e-05
1.024032098939642310e-04
1.217156241182237864e-04
1.563777332194149494e-04
1.495513424742966890e-04
1.814018469303846359e-04
2.507494937162846327e-04
2.538040862418711185e-04
2.635827404446899891e-04
2.358295896556228399e-04
2.374136820435523987e-04
2.362282684771344066e-04
2.112882793880999088e-04
2.355252654524520040e-04
2.450887695886194706e-04
2.394307812210172415e-04
2.592458622530102730e-04
2.760989882517606020e-04
2.674492425285279751e-04
2.501587150618433952e-04
2.759457565844058990e-04
2.705862862057983875e-04
2.521876012906432152e-04
2.834995975717902184e-04
2.820395166054368019e-04
2.939156256616115570e-04
2.791234292089939117e-04
2.677937736734747887e-04
2.450117899570614100e-04
2.679852768778800964e-04
3.006347687914967537e-04
2.987497719004750252e-04
3.101182519458234310e-04
3.220668295398354530e-04
3.153766156174242496e-04
2.912420895881950855e-04
2.781912335194647312e-04
2.421262179268524051e-04
2.197389840148389339e-04
1.662514114286750555e-04
1.398212043568491936e-04
1.133937621489167213e-04
1.239564007846638560e-04
1.317503629252314568e-04
8.431365131400525570e-05
7.252083742059767246e-05
7.158840162446722388e-05
9.571364353178068995e-05
6.464398757088929415e-05
6.081777974031865597e-05
7.773618563078343868e-05
6.253257743082940578e-05
1.043797237798571587e-04
9.317866351921111345e-05
5.955119195277802646e-05
4.306654227548278868e-05
2.512046739866491407e-05
1.476695160818053409e-05
-1.737497223075479269e-05
-2.372521157667506486e-05
-2.923434112744871527e-05
-7.390372047666460276e-05
-7.097578782122582197e-05
-9.532026524539105594e-06
4.384359999676235020e-05
3.694409679155796766e-05
-1.043145130097400397e-05
-5.433439218904823065e-05
-7.111454033292829990e-05
-9.968662197934463620e-05
-9.973181295208632946e-05
-8.215773414121940732e-05
-1.066198747139424086e-04
-6.147794192656874657e-05
-5.624716868624091148e-05
-2.613629476400092244e-05
2.754882734734565020e-05
1.215968677570344880e-05
-3.723247209563851357e-05
-6.391126225935295224e-05
-5.337927359505556524e-05
-4.036448444821871817e-05
-3.460120206000283360e-05
-3.879931318806484342e-05
-7.549297879450023174e-05
-7.020629709586501122e-05
-5.895226422580890357e-06
-1.595154571987222880e-05
-2.262766429339535534e-05
-4.455663656699471176e-05
-4.628731039701960981e-05
-8.543081639800220728e-05
-8.918414823710918427e-05
-6.257619679672643542e-05
-6.569941615452989936e-05
-6.661541556240990758e-05
-5.314363079378381371e-05
-1.962149326573126018e-05
-9.884204700938425958e-06
-6.023186870152130723e-06
-2.297071478096768260e-05
-1.233129114552866668e-05
-4.875976446783170104e-05
-7.463433576049283147e-05
-1.129926677094772458e-04
-8.807903213892132044e-05
-9.184307418763637543e-05
-1.315757399424910545e-04
-1.078020140994340181e-04
-1.473544689361006021e-04
-1.309392682742327452e-04
-1.057064364431425929e-04
-7.971480954438447952e-05
-1.001984419417567551e-04
-9.605978266336023808e-05
-8.757917385082691908e-05
-1.030275816447101533e-04
-5.917195085203275084e-05
-6.216768088052049279e-05
-4.540869849734008312e-05
-5.522362698684446514e-05
-7.514400931540876627e-05
-7.032920257188379765e-05
-9.477217099629342556e-05
-1.223720173584297299e-04
-8.881538815330713987e-05
-8.043144771363586187e-05
-1.056389664881862700e-04
-8.242146577686071396e-05
-7.856798765715211630e-05
-9.794875222723931074e-05
-1.223406870849430561e-04
-8.915380749385803938e-05
-8.646995411254465580e-05
-1.135027778218500316e-04
-1.194565411424264312e-04
-1.174959543277509511e-04
-1.357558940071612597e-04
-1.610885519767180085e-04
-1.272804220207035542e-04
-1.174313074443489313e-04
-1.371921098325401545e-04
-1.433742872904986143e-04
-1.384875649819150567e-04
-1.735626574372872710e-04
-1.790533278835937381e-04
-1.435998419765383005e-04
-1.508963468950241804e-04
-1.703613088466227055e-04
-1.726325426716357470e-04
-1.959207729669287801e-04
-2.125747560057789087e-04
-2.035627549048513174e-04
-2.156877599190920591e-04
-2.221718605142086744e-04
-2.093067159876227379e-04
-1.814628340071067214e-04
-1.978069776669144630e-04
-2.146718325093388557e-04
-2.017379156313836575e-04
-1.982310204766690731e-04
-1.808013767004013062e-04
-1.917340559884905815e-04
-2.098184777423739433e-04
-2.231830148957669735e-04
-2.097883989335969090e-04
-1.679412380326539278e-04
-1.756084675434976816e-04
-2.021258987952023745e-04
-1.851316483225673437e-04
-1.755886769387871027e-04
-1.507130946265533566e-04
-1.396975421812385321e-04
-1.570972090121358633e-04
-1.557729556225240231e-04
-1.527268323116004467e-04
-1.335479901172220707e-04
-1.182895430247299373e-04
-9.369694453198462725e-05
-1.110732409870252013e-04
-1.343578624073415995e-04
-1.513817260274663568e-04
-1.676194806350395083e-04
-1.671926293056458235e-04
-1.536752097308635712e-04
-1.470416900701820850e-04
-1.511692535132169724e-04
-1.567746803630143404e-04
-1.887474209070205688e-04
-1.807613880373537540e-04
-1.428664545528590679e-04
-1.222924620378762484e-04
-1.061166476574726403e-04
-1.016177920973859727e-04
-1.079229987226426601e-04
-1.177418453153222799e-04
-7.373158587142825127e-05
-4.264019298716448247e-05
-1.026623649522662163e-04
-1.116403436753898859e-04
-1.045153985614888370e-04
-8.774750313023105264e-05
-5.324181620380841196e-05
-7.865591032896190882e-05
-1.055842294590547681e-04
-1.159095991170033813e-04
-1.101764210034161806e-04
-1.351679093204438686e-04
-1.384828938171267509e-04
-1.107077769120223820e-04
-1.000733973341993988e-04
-7.745203038211911917e-05
-6.306902650976553559e-05
-3.280679084127768874e-05
-4.747384082293137908e-05
-6.689783185720443726e-05
-2.581012086011469364e-05
3.911399471689946949e-05
6.369633774738758802e-05
4.490656283451244235e-05
6.291139288805425167e-05
9.411755308974534273e-05
9.018002310767769814e-05
5.726014933316037059e-05
6.513910193461924791e-05
8.594183600507676601e-05
5.629826409858651459e-05
7.408790406771004200e-05
8.537850953871384263e-05
6.162099452922120690e-05
6.715319614158943295e-05
3.488485162961296737e-05
-2.823532668116968125e-06
-1.104973398469155654e-05
2.387142740190029144e-05
2.686545485630631447e-05
9.050685548572801054e-06
3.212918454664759338e-05
2.343818778172135353e-06
1.415235783497337252e-05
3.400659625185653567e-05
7.050965359667316079e-05
1.159810199169442058e-04
6.580585613846778870e-05
9.370177576784044504e-05
1.066790719050914049e-04
1.489460119046270847e-04
1.686053292360156775e-04
1.114911647164262831e-04
1.329925289610400796e-04
1.155621648649685085e-04
1.450132258469238877e-04
1.450216805096715689e-04
9.551200491841882467e-05
7.609619933646172285e-05
6.726293941028416157e-05
9.863440209301188588e-05
5.418343062046915293e-05
6.432060035876929760e-05
9.130265243584290147e-05
5.462573244585655630e-05
1.662258582655340433e-04
1.844815997174009681e-04
1.916341134347021580e-04
2.012753975577652454e-04
1.519334327895194292e-04
2.159426803700625896e-04
1.941406808327883482e-04
1.850622065830975771e-04
1.442175125703215599e-04
1.300371222896501422e-04
1.762834435794502497e-04
1.424331276211887598e-04
1.640345290070399642e-04
1.477456971770152450e-04
1.131302924477495253e-04
1.247328036697581410e-04
1.223112340085208416e-04
1.257932744920253754e-04
4.909031122224405408e-05
7.294403621926903725e-05
1.038247282849624753e-04
1.151623655459843576e-04
2.108829794451594353e-04
1.465840323362499475e-04
1.492074225097894669e-04
1.665910822339355946e-04
1.217392709804698825e-04
1.383991620969027281e-04
1.024726225296035409e-04
1.306559715885668993e-04
1.440895139239728451e-04
1.472006551921367645e-04
7.655989611521363258e-05
3.883259341819211841e-05
9.692013554740697145e-05
3.324365388834849000e-05
2.405450140940956771e-05
6.086196299293078482e-05
6.066155947337392718e-06
-7.738282147329300642e-05
-5.582428639172576368e-05
-5.916580994380638003e-05
-4.490279752644710243e-05
-7.982871466083452106e-05
-1.150389507529325783e-04
-1.360550231765955687e-04
-1.432072021998465061e-04
-1.112614263547584414e-04
-1.719732099445536733e-04
-2.019097155425697565e-04
-2.064115542452782393e-04
-1.669792982283979654e-04
-2.182449970860034227e-04
-2.510033664293587208e-04
-2.813313622027635574e-04
-3.137564635835587978e-04
-1.950554578797891736e-04
-2.069704059977084398e-04
-1.988717122003436089e-04
-1.944014511536806822e-04
-2.756607136689126492e-04
-2.060009137494489551e-04
-1.994376943912357092e-04
-2.728339168243110180e-04
-2.300455525983124971e-04
-2.040280087385326624e-04
-2.761259675025939941e-04
-2.701469929888844490e-04
-1.877764880191534758e-04
-1.701259898254647851e-04
-2.184374170610681176e-04
-2.124565653502941132e-04
-2.157906710635870695e-04
-2.083833096548914909e-04
-2.334264863748103380e-04
-1.938758941832929850e-04
-1.138920270022936165e-04
-1.199343096232041717e-04
-1.216286182170733809e-04
-1.325788616668432951e-04
-6.501718598883599043e-05
-4.599335807142779231e-05
1.520755904493853450e-05
5.902165139559656382e-05
6.889989890623837709e-05
8.518678805558010936e-05
4.165824793744832277e-05
5.016646173316985369e-05
8.891782636055722833e-05
9.624225640436634421e-05
1.444623776478692889e-04
2.033922646660357714e-04
1.590832252986729145e-04
1.888055121526122093e-04
1.890502608148381114e-04
2.115289971698075533e-04
2.533718652557581663e-04
2.140228752978146076e-04
2.247227239422500134e-04
2.848590374924242496e-04
2.823250833898782730e-04
3.005022881552577019e-04
2.815405314322561026e-04
2.880378160625696182e-04
3.527592925820499659e-04
3.212961601093411446e-04
3.989571705460548401e-04
4.816695000045001507e-04
5.331244319677352905e-04
5.237619043327867985e-04
5.702029448002576828e-04
5.966981407254934311e-04
6.546034128405153751e-04
6.986620137467980385e-04
6.982902414165437222e-04
7.886867970228195190e-04
7.888241088949143887e-04
7.896247552707791328e-04
7.499451749026775360e-04
6.861336296424269676e-04
6.531584076583385468e-04
6.163096986711025238e-04
6.631620344705879688e-04
6.356247467920184135e-04
5.982802249491214752e-04
5.981347057968378067e-04
6.483778124675154686e-04
6.019067368470132351e-04
6.102494662627577782e-04
6.893703248351812363e-04
6.059042643755674362e-04
6.884008180350065231e-04
6.078007863834500313e-04
6.189795676618814468e-04
6.429475033655762672e-04
5.234018899500370026e-04
4.977807402610778809e-04
3.780658589676022530e-04
3.243385290261358023e-04
2.570598153397440910e-04
2.416875577182509005e-05
-7.239598198793828487e-05
-2.708193205762654543e-04
-3.092707192990928888e-04
-4.247445031069219112e-04
-5.891084438189864159e-04
-6.528409430757164955e-04
-7.139618974179029465e-04
-7.037302129901945591e-04
-7.512409356422722340e-04
-6.833064835518598557e-04
-7.573734037578105927e-04
-6.119650788605213165e-04
-6.937177386134862900e-04
-7.394712883979082108e-04
-8.019240340217947960e-04
-7.075433968566358089e-04
-6.661840598098933697e-04
-5.780406063422560692e-04
-5.740955239161849022e-04
-6.613531149923801422e-04
-4.531570593826472759e-04
-6.003580056130886078e-04
-4.130622837692499161e-04
-4.957768833264708519e-04
-3.848416963592171669e-04
-2.331453724764287472e-04
-1.265879691345617175e-04
1.425230293534696102e-04
2.166290942113846540e-04
5.219576414674520493e-04
6.806305609643459320e-04
8.716693846508860588e-04
1.038537244312465191e-03
1.205093809403479099e-03
1.521728467196226120e-03
1.613110536709427834e-03
1.825240906327962875e-03
1.986438641324639320e-03
1.953195780515670776e-03
2.097653225064277649e-03
1.969974488019943237e-03
2.146924845874309540e-03
2.121300203725695610e-03
1.995026599615812302e-03
2.155588939785957336e-03
2.071190159767866135e-03
2.254499355331063271e-03
2.427726751193404198e-03
2.512628911063075066e-03
2.602816093713045120e-03
2.618567086756229401e-03
2.513437066227197647e-03
2.411310561001300812e-03
2.337433164939284325e-03
2.280007814988493919e-03
2.154367975890636444e-03
2.026411471888422966e-03
2.026873873546719551e-03
1.827965956181287766e-03
1.563301426358520985e-03
1.230852562002837658e-03
5.889166495762765408e-04
7.377350120805203915e-04
4.253440420143306255e-04
2.735189045779407024e-04
-2.295147423865273595e-04
-9.813943179324269295e-04
-8.553731022402644157e-04
-1.267776009626686573e-03
-1.667767763137817383e-03
-2.099854405969381332e-03
-2.260554581880569458e-03
-2.147420076653361320e-03
-2.066650893539190292e-03
-2.437315881252288818e-03
-2.356093842536211014e-03
-2.762250835075974464e-03
-2.970969770103693008e-03
-3.047930542379617691e-03
-2.337956102564930916e-03
-1.353228581137955189e-03
-4.348893417045474052e-04
-3.095852152910083532e-04
2.031353797065094113e-04
-9.568697714712470770e-05
1.320364070124924183e-03
3.664881456643342972e-03
6.645116023719310760e-03
1.014871429651975632e-02
7.539423648267984390e-03
5.509519018232822418e-03
1.604962628334760666e-03
-3.299765812698751688e-04
-8.542031864635646343e-04
-1.144345849752426147e-03
1.408452866598963737e-03
4.073470365256071091e-03
5.713135935366153717e-03
7.676457986235618591e-03
8.054197765886783600e-03
9.075471200048923492e-03
1.109640672802925110e-02
9.433570317924022675e-03
1.061250641942024231e-02
1.043174043297767639e-02
9.702494367957115173e-03
8.401203900575637817e-03
7.782171014696359634e-03
8.634191937744617462e-03
1.058072037994861603e-02
1.358830370008945465e-02
1.432546973228454590e-02
1.611520536243915558e-02
1.705791801214218140e-02
1.758761145174503326e-02
1.707933656871318817e-02
1.453561056405305862e-02
1.135714631527662277e-02
1.074774097651243210e-02
1.110633742064237595e-02
1.152161695063114166e-02
1.057478692382574081e-02
7.813125848770141602e-03
3.027364611625671387e-03
-3.274727845564484596e-03
-8.198259398341178894e-03
-1.403834763914346695e-02
-1.653825305402278900e-02
-2.011827751994132996e-02
-2.180238999426364899e-02
-2.380564622581005096e-02
-2.708258479833602905e-02
-2.767190337181091309e-02
-2.912877500057220459e-02
-3.032688423991203308e-02
-3.244461864233016968e-02
-3.533018752932548523e-02
-3.534206748008728027e-02
-3.611761331558227539e-02
-3.810261934995651245e-02
-3.905072808265686035e-02
-4.201024398207664490e-02
-4.451619088649749756e-02
-5.099809914827346802e-02
-5.741984769701957703e-02
-6.233828142285346985e-02
-6.527753919363021851e-02
-6.401753425598144531e-02
-6.399042904376983643e-02
-6.239077076315879822e-02
-6.309965252876281738e-02
-6.477028131484985352e-02
-6.529849022626876831e-02
-6.717544049024581909e-02
-6.662356853485107422e-02
-6.547443568706512451e-02
-6.144072860479354858e-02
-5.794947594404220581e-02
-5.370394885540008545e-02
-4.773001000285148621e-02
-4.011445119976997375e-02
-3.124230727553367615e-02
-2.328733168542385101e-02
-1.336977910250425339e-02
-3.087973222136497498e-03
8.781952783465385437e-03
1.985657773911952972e-02
2.755971811711788177e-02
3.521703183650970459e-02
4.160736128687858582e-02
4.809341579675674438e-02
5.462039262056350708e-02
5.921136215329170227e-02
6.457769125699996948e-02
7.012501358985900879e-02
7.489565014839172363e-02
7.952441275119781494e-02
8.224199712276458740e-02
8.448130637407302856e-02
8.544488251209259033e-02
8.394177258014678955e-02
8.362002670764923096e-02
8.057121932506561279e-02
7.871321588754653931e-02
7.379852235317230225e-02
6.841934472322463989e-02
6.354065239429473877e-02
5.697490647435188293e-02
5.249916017055511475e-02
4.528423771262168884e-02
3.839693590998649597e-02
3.185467049479484558e-02
2.691245824098587036e-02
2.343628183007240295e-02
1.962494850158691406e-02
1.438086293637752533e-02
9.666489437222480774e-03
5.252590868622064590e-03
-8.624091860838234425e-04
-7.375727407634258270e-03
-1.549941301345825195e-02
-2.192953042685985565e-02
-2.910844981670379639e-02
-3.631127625703811646e-02
-4.439254105091094971e-02
-5.260613933205604553e-02
-6.146389618515968323e-02
-7.247067987918853760e-02
-8.504527807235717773e-02
-9.770945459604263306e-02
-1.092522442340850830e-01
-1.170073226094245911e-01
-1.237574219703674316e-01
-1.294442117214202881e-01
-1.361332833766937256e-01
-1.427944302558898926e-01
-1.479548215866088867e-01
-1.541447043418884277e-01
-1.598487794399261475e-01
-1.678781211376190186e-01
-1.679609119892120361e-01
-1.590792536735534668e-01
-1.329502761363983154e-01
-9.502322971820831299e-02
-4.628115147352218628e-02
5.243002437055110931e-03
5.537084490060806274e-02
9.891939908266067505e-02
1.338685303926467896e-01
1.593452841043472290e-01
1.730723530054092407e-01
1.779954731464385986e-01
1.702559888362884521e-01
1.581812798976898193e-01
1.418957710266113281e-01
1.327164918184280396e-01
1.324529200792312622e-01
1.408587992191314697e-01
1.547306030988693237e-01
1.664409041404724121e-01
1.761289983987808228e-01
1.778046190738677979e-01
1.706724911928176880e-01
1.534301936626434326e-01
1.264405399560928345e-01
9.391854703426361084e-02
5.475299432873725891e-02
1.580779813230037689e-02
-2.007094770669937134e-02
-4.328855872154235840e-02
-5.481510981917381287e-02
-5.307641252875328064e-02
-4.450155049562454224e-02
-3.057201579213142395e-02
-1.592556573450565338e-02
-3.587904386222362518e-03
6.268092896789312363e-03
1.094883494079113007e-02
1.600573398172855377e-02
1.733612641692161560e-02
2.242807298898696899e-02
2.451597154140472412e-02
3.192887455224990845e-02
4.078090563416481018e-02
5.658087134361267090e-02
7.592696696519851685e-02
9.344565868377685547e-02
1.080124378204345703e-01
1.124355643987655640e-01
1.105431169271469116e-01
9.871277213096618652e-02
8.116181194782257080e-02
6.044211238622665405e-02
3.815662860870361328e-02
1.733552291989326477e-02
-2.849300159141421318e-03
-1.990216597914695740e-02
-3.317454829812049866e-02
-4.467502236366271973e-02
-5.462963879108428955e-02
-6.942250579595565796e-02
-8.710143715143203735e-02
-1.136044263839721680e-01
-1.410677582025527954e-01
-1.727643013000488281e-01
-2.009942233562469482e-01
-2.291629314422607422e-01
-2.506123781204223633e-01
-2.647418975830078125e-01
-2.680459618568420410e-01
-2.688019871711730957e-01
-2.643874287605285645e-01
-2.592654526233673096e-01
-2.384378910064697266e-01
-1.996519565582275391e-01
-1.457277536392211914e-01
-7.261869311332702637e-02
-9.190535172820091248e-03
6.442916393280029297e-02
1.104519218206405640e-01
1.560094952583312988e-01
1.787298768758773804e-01
1.951497346162796021e-01
2.101637423038482666e-01
2.128791362047195435e-01
2.205611318349838257e-01
2.110721468925476074e-01
2.080501616001129150e-01
2.050279527902603149e-01
2.094850689172744751e-01
2.182194590568542480e-01
2.183337956666946411e-01
2.104617655277252197e-01
1.861551403999328613e-01
1.469060331583023071e-01
9.902345389127731323e-02
4.554755240678787231e-02
2.398281358182430267e-03
-3.570621460676193237e-02
-6.189744174480438232e-02
-8.615403622388839722e-02
-1.029640138149261475e-01
-1.133435517549514771e-01
-1.141692399978637695e-01
-1.040878519415855408e-01
-9.108936786651611328e-02
-7.536269724369049072e-02
-6.593163311481475830e-02
-5.759672448039054871e-02
-5.051860958337783813e-02
-4.000291228294372559e-02
-2.098760381340980530e-02
6.811727769672870636e-03
4.523856937885284424e-02
8.492358773946762085e-02
1.202073618769645691e-01
1.459253579378128052e-01
1.626975834369659424e-01
1.731176078319549561e-01
1.743866950273513794e-01
1.664483994245529175e-01
1.456581205129623413e-01
1.184021607041358948e-01
8.791887015104293823e-02
6.183396652340888977e-02
4.115684702992439270e-02
2.684772387146949768e-02
1.587325148284435272e-02
6.169596221297979355e-03
-1.096554752439260483e-02
-3.481236472725868225e-02
-7.161539793014526367e-02
-1.104898378252983093e-01
-1.540041118860244751e-01
-1.952183246612548828e-01
-2.351653873920440674e-01
-2.696978151798248291e-01
-2.955696582794189453e-01
-3.113827705383300781e-01
-3.181831538677215576e-01
-3.152013719081878662e-01
-3.088855147361755371e-01
-3.037241101264953613e-01
-3.007865250110626221e-01
-2.997647523880004883e-01
-2.773981988430023193e-01
-2.378295660018920898e-01
-1.629489511251449585e-01
-7.845982909202575684e-02
1.776688545942306519e-02
1.019478812813758850e-01
1.738196015357971191e-01
2.248121798038482666e-01
2.576326131820678711e-01
2.718026936054229736e-01
2.729375958442687988e-01
2.611380815505981445e-01
2.431117743253707886e-01
2.223208546638488770e-01
2.049474865198135376e-01
2.008072435855865479e-01
2.034418582916259766e-01
2.165022343397140503e-01
2.171876579523086548e-01
2.086710035800933838e-01
1.742521971464157104e-01
1.267338693141937256e-01
6.404722481966018677e-02
2.164622768759727478e-03
-5.603840202093124390e-02
-1.027589514851570129e-01
-1.383523792028427124e-01
-1.614146828651428223e-01
-1.731213182210922241e-01
-1.731367111206054688e-01
-1.618758887052536011e-01
-1.403316557407379150e-01
-1.138212382793426514e-01
-9.005662053823471069e-02
-7.338051497936248779e-02
-6.261458247900009155e-02
-4.881355911493301392e-02
-2.731757983565330505e-02
6.685031577944755554e-03
4.859087988734245300e-02
9.654049575328826904e-02
1.417764127254486084e-01
1.802838444709777832e-01
2.054994702339172363e-01
2.176213562488555908e-01
2.158750444650650024e-01
2.038458585739135742e-01
1.810385435819625854e-01
1.508316099643707275e-01
1.139598563313484192e-01
7.734823226928710938e-02
4.681241512298583984e-02
2.398067899048328400e-02
9.488127194344997406e-03
-6.968539208173751831e-03
-2.432025596499443054e-02
-5.150477588176727295e-02
-8.450053632259368896e-02
-1.263557523488998413e-01
-1.727959513664245605e-01
-2.192238867282867432e-01
-2.628914713859558105e-01
-2.985103130340576172e-01
-3.256471753120422363e-01
-3.421285748481750488e-01
-3.486069440841674805e-01
-3.439475893974304199e-01
-3.342508077621459961e-01
-3.202011287212371826e-01
-3.149223923683166504e-01
-3.049353659152984619e-01
-2.883588671684265137e-01
-2.402144372463226318e-01
-1.673577725887298584e-01
-7.190401107072830200e-02
2.557986974716186523e-02
1.147291734814643860e-01
1.856339275836944580e-01
2.323190718889236450e-01
2.582896947860717773e-01
2.648833990097045898e-01
2.670387029647827148e-01
2.598159909248352051e-01
2.556117475032806396e-01
2.399102151393890381e-01
2.297261059284210205e-01
2.153052687644958496e-01
2.152852863073348999e-01
2.172402143478393555e-01
2.210234403610229492e-01
2.088620513677597046e-01
1.732057929039001465e-01
1.170317530632019043e-01
4.431856796145439148e-02
-2.289965003728866577e-02
-8.298195153474807739e-02
-1.198680400848388672e-01
-1.452108323574066162e-01
-1.558309793472290039e-01
-1.649530082941055298e-01
-1.681967526674270630e-01
-1.702253222465515137e-01
-1.605126708745956421e-01
-1.450202763080596924e-01
-1.173280701041221619e-01
-9.138771891593933105e-02
-6.584261357784271240e-02
-4.225613176822662354e-02
-1.729841157793998718e-02
2.267948724329471588e-02
6.724128872156143188e-02
1.233411431312561035e-01
1.696903407573699951e-01
2.055757492780685425e-01
2.208870947360992432e-01
2.159863710403442383e-01
1.963660269975662231e-01
1.699091196060180664e-01
1.424718052148818970e-01
1.247249543666839600e-01
1.055778264999389648e-01
9.228203445672988892e-02
7.119615375995635986e-02
5.025250464677810669e-02
2.802075445652008057e-02
5.497096572071313858e-04
-2.679492905735969543e-02
-6.597085297107696533e-02
-1.056728363037109375e-01
-1.535056680440902710e-01
-1.995142400264739990e-01
-2.425177544355392456e-01
-2.752919197082519531e-01
-2.949747145175933838e-01
-3.007514476776123047e-01
-3.000958263874053955e-01
-2.958239912986755371e-01
-2.989723682403564453e-01
-3.054282069206237793e-01
-3.168444037437438965e-01
-3.256145417690277100e-01
-3.240382373332977295e-01
-3.030215501785278320e-01
-2.504540085792541504e-01
-1.660538315773010254e-01
-6.401738524436950684e-02
4.237880930304527283e-02
1.263273656368255615e-01
1.909813433885574341e-01
2.241862565279006958e-01
2.364549934864044189e-01
2.381634712219238281e-01
2.289167940616607666e-01
2.360060065984725952e-01
2.344512939453125000e-01
2.492379397153854370e-01
2.519770860671997070e-01
2.575059533119201660e-01
2.597827911376953125e-01
2.559667229652404785e-01
2.545874118804931641e-01
2.338533550500869751e-01
1.972011029720306396e-01
1.366747915744781494e-01
6.043936684727668762e-02
-8.596862666308879852e-03
-6.667459011077880859e-02
-9.629285335540771484e-02
-1.035310626029968262e-01
-1.008089184761047363e-01
-9.162878990173339844e-02
-1.038350462913513184e-01
-1.189833581447601318e-01
-1.479585915803909302e-01
-1.631042212247848511e-01
-1.617633402347564697e-01
-1.396301835775375366e-01
-9.796693921089172363e-02
-5.630286782979965210e-02
-1.454432867467403412e-02
1.830311119556427002e-02
4.971382766962051392e-02
8.259649574756622314e-02
1.140030845999717712e-01
1.442056298255920410e-01
1.650962829589843750e-01
1.731059104204177856e-01
1.686111986637115479e-01
1.509470492601394653e-01
1.363533884286880493e-01
1.260794699192047119e-01
1.293274313211441040e-01
1.355342715978622437e-01
1.371148079633712769e-01
1.248823553323745728e-01
9.223423898220062256e-02
4.387768357992172241e-02
-1.555506885051727295e-02
-7.088253647089004517e-02
-1.148263514041900635e-01
-1.415351927280426025e-01
-1.561760753393173218e-01
-1.662363559007644653e-01
-1.773694157600402832e-01
-1.952498257160186768e-01
-2.152502238750457764e-01
-2.387523055076599121e-01
-2.590962648391723633e-01
-2.775837481021881104e-01
-2.941440939903259277e-01
-3.054848313331604004e-01
-3.141121566295623779e-01
-3.067277073860168457e-01
-2.836955785751342773e-01
-2.285099327564239502e-01
-1.503451764583587646e-01
-5.198817700147628784e-02
3.818039968609809875e-02
1.085311919450759888e-01
1.442556977272033691e-01
1.518064439296722412e-01
1.432648599147796631e-01
1.312625110149383545e-01
1.383192986249923706e-01
1.605134755373001099e-01
2.058916687965393066e-01
2.500443160533905029e-01
2.906913161277770996e-01
3.100465536117553711e-01
3.107603192329406738e-01
2.903408408164978027e-01
2.593862116336822510e-01
2.204784601926803589e-01
1.828137636184692383e-01
1.423812657594680786e-01
1.066458225250244141e-01
7.263334095478057861e-02
4.436264559626579285e-02
1.886930130422115326e-02
-3.565122373402118683e-03
-2.026791498064994812e-02
-3.537209331989288330e-02
-4.792125895619392395e-02
-7.003007084131240845e-02
-9.246982634067535400e-02
-1.216282993555068970e-01
-1.367803066968917847e-01
-1.412341892719268799e-01
-1.209615245461463928e-01
-8.617673814296722412e-02
-4.227475821971893311e-02
-2.083160448819398880e-03
2.748771756887435913e-02
4.229914769530296326e-02
4.496789723634719849e-02
3.865419328212738037e-02
3.569021448493003845e-02
4.348550364375114441e-02
6.244238093495368958e-02
9.057212620973587036e-02
1.118384301662445068e-01
1.290228217840194702e-01
1.302852779626846313e-01
1.242619752883911133e-01
1.068808659911155701e-01
8.528865873813629150e-02
6.123926490545272827e-02
3.656566515564918518e-02
1.237834617495536804e-02
-1.141306012868881226e-02
-3.513570874929428101e-02
-5.651023983955383301e-02
-7.710232585668563843e-02
-9.194716811180114746e-02
-1.038804873824119568e-01
-1.129875183105468750e-01
-1.227120757102966309e-01
-1.395092308521270752e-01
-1.566289961338043213e-01
-1.806077957153320312e-01
-1.967073678970336914e-01
-2.084781229496002197e-01
-2.084788084030151367e-01
-1.940900981426239014e-01
-1.734323948621749878e-01
-1.369016468524932861e-01
-9.928233921527862549e-02
-5.561032146215438843e-02
-1.626548543572425842e-02
1.156332343816757202e-02
3.262988477945327759e-02
3.856649249792098999e-02
3.936129435896873474e-02
3.484693542122840881e-02
2.886289730668067932e-02
3.356552124023437500e-02
4.687505960464477539e-02
7.410756498575210571e-02
1.111964434385299683e-01
1.438763439655303955e-01
1.740865111351013184e-01
1.815100610256195068e-01
1.772115528583526611e-01
1.570937335491180420e-01
1.312087774276733398e-01
1.081556081771850586e-01
8.837409317493438721e-02
8.116257190704345703e-02
8.049397170543670654e-02
8.375442028045654297e-02
8.240877091884613037e-02
7.300192862749099731e-02
5.541450530290603638e-02
3.514088317751884460e-02
1.403709873557090759e-02
-5.049901083111763000e-04
-8.383166044950485229e-03
-8.025011979043483734e-03
-2.892072778195142746e-03
3.683496965095400810e-03
7.821844890713691711e-03
9.286226704716682434e-03
4.825562704354524612e-03
1.660176320001482964e-03
-9.233739110641181469e-04
3.851467976346611977e-03
9.735564701259136200e-03
1.689465157687664032e-02
1.914225332438945770e-02
2.060016430914402008e-02
1.822050847113132477e-02
1.803856715559959412e-02
1.881872490048408508e-02
2.159274928271770477e-02
2.736903727054595947e-02
2.647927775979042053e-02
2.615621872246265411e-02
1.396260689944028854e-02
4.184780642390251160e-03
-1.108487322926521301e-02
-1.766733825206756592e-02
-2.041341923177242279e-02
-1.597226783633232117e-02
-1.233739033341407776e-02
-1.255340408533811569e-02
-1.892117597162723541e-02
-3.151360154151916504e-02
-4.624361544847488403e-02
-6.393173336982727051e-02
-7.579170167446136475e-02
-8.470190316438674927e-02
-8.281455188989639282e-02
-7.884898036718368530e-02
-7.194358855485916138e-02
-7.116925716400146484e-02
-7.646657526493072510e-02
-8.723905682563781738e-02
-9.759344160556793213e-02
-1.005726903676986694e-01
-9.296021610498428345e-02
-7.511796057224273682e-02
-5.302388221025466919e-02
-3.345278650522232056e-02
-2.564667910337448120e-02
-3.246346116065979004e-02
-5.417268723249435425e-02
-8.008278906345367432e-02
-9.914778172969818115e-02
-1.000757068395614624e-01
-7.825817912817001343e-02
-3.834680467844009399e-02
1.047917269170284271e-02
5.368489027023315430e-02
8.084024488925933838e-02
8.661235868930816650e-02
7.359164953231811523e-02
5.019640922546386719e-02
2.884529344737529755e-02
1.880278624594211578e-02
2.645850181579589844e-02
4.733691364526748657e-02
7.316860556602478027e-02
9.391019493341445923e-02
1.018999069929122925e-01
9.699844568967819214e-02
8.228313922882080078e-02
6.413184106349945068e-02
5.103346705436706543e-02
4.490248486399650574e-02
4.769479110836982727e-02
5.545038357377052307e-02
6.140140444040298462e-02
6.535583734512329102e-02
5.950947478413581848e-02
5.113441124558448792e-02
3.934708610177040100e-02
3.197293728590011597e-02
3.264227136969566345e-02
3.957564383745193481e-02
5.142593383789062500e-02
5.971733480691909790e-02
5.957339704036712646e-02
5.066033825278282166e-02
3.373881056904792786e-02
1.690815202891826630e-02
4.760067909955978394e-03
-7.778629660606384277e-04
2.891234587877988815e-03
7.100892253220081329e-03
1.171044539660215378e-02
8.109855465590953827e-03
-1.506211003288626671e-03
-1.597012765705585480e-02
-2.993029356002807617e-02
-3.936123102903366089e-02
-4.068137705326080322e-02
-3.685577958822250366e-02
-2.928574942052364349e-02
-2.636145427823066711e-02
-3.137056529521942139e-02
-4.508341103792190552e-02
-6.672938168048858643e-02
-8.691795170307159424e-02
-1.041485816240310669e-01
-1.104383319616317749e-01
-1.086170524358749390e-01
-9.905565530061721802e-02
-8.927804231643676758e-02
-8.186309039592742920e-02
-8.222873508930206299e-02
-8.573607355356216431e-02
-9.187513589859008789e-02
-9.363186359405517578e-02
-8.991904556751251221e-02
-8.201026916503906250e-02
-7.251884788274765015e-02
-6.785911321640014648e-02
-6.918700039386749268e-02
-7.672683894634246826e-02
-8.643609285354614258e-02
-9.226834774017333984e-02
-8.788420259952545166e-02
-7.180477678775787354e-02
-4.275300726294517517e-02
-1.132059097290039062e-02
1.944746822118759155e-02
3.697798773646354675e-02
4.389948025345802307e-02
3.794941678643226624e-02
2.944735437631607056e-02
2.338802441954612732e-02
2.606915123760700226e-02
3.943924978375434875e-02
5.846933647990226746e-02
8.099514245986938477e-02
9.637457132339477539e-02
1.042075380682945251e-01
1.004409790039062500e-01
8.987390995025634766e-02
7.579471170902252197e-02
6.333036720752716064e-02
5.503160879015922546e-02
5.402327328920364380e-02
5.617177113890647888e-02
6.277946382761001587e-02
6.743939220905303955e-02
7.222518324851989746e-02
7.411063462495803833e-02
7.242669910192489624e-02
6.863529980182647705e-02
6.048009544610977173e-02
5.235708504915237427e-02
4.169011861085891724e-02
3.231227025389671326e-02
2.426019310951232910e-02
1.959234476089477539e-02
1.828470826148986816e-02
1.984403096139431000e-02
2.291798405349254608e-02
2.733785845339298248e-02
2.931211702525615692e-02
2.821441181004047394e-02
2.138955146074295044e-02
9.284893050789833069e-03
-4.232863895595073700e-03
-1.952913030982017517e-02
-2.957187406718730927e-02
-3.827321529388427734e-02
-4.191922396421432495e-02
-4.335404559969902039e-02
-4.426943510770797729e-02
-4.393547773361206055e-02
-4.981650412082672119e-02
-5.625153705477714539e-02
-6.819589436054229736e-02
-7.793449610471725464e-02
-8.920559287071228027e-02
-9.837628155946731567e-02
-1.053125858306884766e-01
-1.079076305031776428e-01
-1.051084399223327637e-01
-9.950092434883117676e-02
-9.034937620162963867e-02
-8.127400279045104980e-02
-7.080279290676116943e-02
-6.548392027616500854e-02
-6.250639259815216064e-02
-6.786432862281799316e-02
-7.446531206369400024e-02
-8.512663096189498901e-02
-9.058459848165512085e-02
-8.993463218212127686e-02
-7.819727063179016113e-02
-5.676193535327911377e-02
-2.885323204100131989e-02
6.825821474194526672e-04
2.427070960402488708e-02
3.720376268029212952e-02
3.602213412523269653e-02
2.658703550696372986e-02
1.385154575109481812e-02
8.760113269090652466e-03
1.319586019963026047e-02
3.044926002621650696e-02
5.419407039880752563e-02
8.012126386165618896e-02
9.823430329561233521e-02
1.079535707831382751e-01
1.031907349824905396e-01
9.278491139411926270e-02
7.594883441925048828e-02
6.289067119359970093e-02
5.450737476348876953e-02
5.251144617795944214e-02
5.693521723151206970e-02
6.355066597461700439e-02
7.165535539388656616e-02
7.718606293201446533e-02
7.945729047060012817e-02
7.622949779033660889e-02
6.980448216199874878e-02
5.735902115702629089e-02
4.449798166751861572e-02
2.849101833999156952e-02
1.568240858614444733e-02
6.176436319947242737e-03
3.677382599562406540e-03
8.416559547185897827e-03
2.013982832431793213e-02
3.307596594095230103e-02
4.566048085689544678e-02
4.819926992058753967e-02
4.225481301546096802e-02
2.374645695090293884e-02
-5.742567591369152069e-04
-2.470913901925086975e-02
-4.154602438211441040e-02
-4.451926052570343018e-02
-3.548687696456909180e-02
-1.668011583387851715e-02
9.741296526044607162e-04
1.302788127213716507e-02
1.016141008585691452e-02
-4.663143306970596313e-03
-3.275852650403976440e-02
-6.317454576492309570e-02
-9.119445085525512695e-02
-1.087619364261627197e-01
-1.161944419145584106e-01
-1.163739711046218872e-01
-1.121331229805946350e-01
-1.103844866156578064e-01
-1.092023551464080811e-01
-1.123105436563491821e-01
-1.113772541284561157e-01
-1.059700995683670044e-01
-9.466122090816497803e-02
-8.014963567256927490e-02
-7.020837813615798950e-02
-6.341557204723358154e-02
-6.594565510749816895e-02
-7.040867954492568970e-02
-7.806777209043502808e-02
-7.761776447296142578e-02
-6.973991543054580688e-02
-4.715962707996368408e-02
-1.645649783313274384e-02
1.994656771421432495e-02
5.278137698769569397e-02
7.382982969284057617e-02
8.519029617309570312e-02
8.487407118082046509e-02
8.536824584007263184e-02
8.402454853057861328e-02
8.902357518672943115e-02
9.419436007738113403e-02
1.038289591670036316e-01
1.097591295838356018e-01
1.162015944719314575e-01
1.162019148468971252e-01
1.164644584059715271e-01
1.120932698249816895e-01
1.076738312840461731e-01
9.892963618040084839e-02
8.612745255231857300e-02
6.833031773567199707e-02
4.754878580570220947e-02
3.086035884916782379e-02
1.899033412337303162e-02
1.817839965224266052e-02
1.995111629366874695e-02
2.974580973386764526e-02
3.388838097453117371e-02
3.915455192327499390e-02
3.266066312789916992e-02
2.475714124739170074e-02
1.027409173548221588e-02
-1.776372781023383141e-03
-1.017476711422204971e-02
-1.188612729310989380e-02
-4.410425201058387756e-03
6.864171009510755539e-03
2.137040719389915466e-02
3.316514939069747925e-02
4.309580102562904358e-02
4.496394842863082886e-02
4.204054921865463257e-02
2.856018953025341034e-02
1.566014066338539124e-02
-1.107443240471184254e-03
-1.268593687564134598e-02
-2.308371663093566895e-02
-2.927277795970439911e-02
-3.287471085786819458e-02
-3.706279769539833069e-02
-4.495950788259506226e-02
-5.957440286874771118e-02
-7.968058437108993530e-02
-1.047659665346145630e-01
-1.279866099357604980e-01
-1.522134095430374146e-01
-1.697833836078643799e-01
-1.841823756694793701e-01
-1.934706419706344604e-01
-1.978509128093719482e-01
-2.023777663707733154e-01
-2.003479599952697754e-01
-1.897760033607482910e-01
-1.691823303699493408e-01
-1.358788013458251953e-01
-1.043647229671478271e-01
-7.129478454589843750e-02
-4.480773210525512695e-02
-2.265869453549385071e-02
-2.746067009866237640e-03
1.419215090572834015e-02
3.149285912513732910e-02
5.570915713906288147e-02
7.905624806880950928e-02
1.125508397817611694e-01
1.413069069385528564e-01
1.671446859836578369e-01
1.907542198896408081e-01
1.992853134870529175e-01
2.164234369993209839e-01
2.152042090892791748e-01
2.187765091657638550e-01
2.051222324371337891e-01
1.879379600286483765e-01
1.655852794647216797e-01
1.421622782945632935e-01
1.210820749402046204e-01
1.046732813119888306e-01
8.808656036853790283e-02
7.511104643344879150e-02
5.931558832526206970e-02
3.754270821809768677e-02
1.787622645497322083e-02
-1.569965481758117676e-02
-3.582311421632766724e-02
-6.188930198550224304e-02
-6.892514973878860474e-02
-7.366839051246643066e-02
-7.067994773387908936e-02
-6.557078659534454346e-02
-5.835378915071487427e-02
-5.105058848857879639e-02
-3.808794170618057251e-02
-2.836646884679794312e-02
-1.288695633411407471e-02
4.520465154200792313e-04
1.281531620770692825e-02
2.953543886542320251e-02
3.850318118929862976e-02
5.439693480730056763e-02
6.303273141384124756e-02
7.680513709783554077e-02
8.936381340026855469e-02
9.910133481025695801e-02
1.034251451492309570e-01
9.860469400882720947e-02
8.447162806987762451e-02
6.657991558313369751e-02
3.893898427486419678e-02
1.119744591414928436e-02
-2.300608158111572266e-02
-5.386165529489517212e-02
-8.369490504264831543e-02
-1.109021976590156555e-01
-1.374160200357437134e-01
-1.624176949262619019e-01
-1.885018050670623779e-01
-2.091175913810729980e-01
-2.345831096172332764e-01
-2.520394921302795410e-01
-2.738598287105560303e-01
-2.884320318698883057e-01
-3.028976917266845703e-01
-3.123713135719299316e-01
-3.029977977275848389e-01
-2.782666385173797607e-01
-2.239279001951217651e-01
-1.661119461059570312e-01
-9.968856722116470337e-02
-4.719359427690505981e-02
4.788312129676342010e-03
4.108900204300880432e-02
7.821556925773620605e-02
1.026568859815597534e-01
1.328697800636291504e-01
1.617339402437210083e-01
1.954566389322280884e-01
2.311715930700302124e-01
2.588204443454742432e-01
2.847486734390258789e-01
3.022939264774322510e-01
3.187080621719360352e-01
3.268650770187377930e-01
3.190720081329345703e-01
2.909839153289794922e-01
2.485381811857223511e-01
1.979376673698425293e-01
1.555938720703125000e-01
1.138759180903434753e-01
8.145293593406677246e-02
4.748893529176712036e-02
2.024023979902267456e-02
-6.198531016707420349e-03
-2.896267734467983246e-02
-5.721998214721679688e-02
-8.540421724319458008e-02
-1.145469844341278076e-01
-1.347672045230865479e-01
-1.462689191102981567e-01
-1.540790796279907227e-01
-1.547189801931381226e-01
-1.514728516340255737e-01
-1.336659789085388184e-01
-1.052728146314620972e-01
-6.999822705984115601e-02
-3.395964950323104858e-02
-3.258775686845183372e-03
2.240533195436000824e-02
4.414916783571243286e-02
6.326510012149810791e-02
8.014985918998718262e-02
9.710842370986938477e-02
1.110540330410003662e-01
1.297931969165802002e-01
1.447176188230514526e-01
1.552891284227371216e-01
1.557464897632598877e-01
1.437448710203170776e-01
1.276484131813049316e-01
1.021071001887321472e-01
7.107941806316375732e-02
3.059640526771545410e-02
-1.415227260440587997e-02
-6.223057210445404053e-02
-1.050554811954498291e-01
-1.502441763877868652e-01
-1.835111975669860840e-01
-2.185931354761123657e-01
-2.440113276243209839e-01
-2.720332741737365723e-01
-2.949126362800598145e-01
-3.189842402935028076e-01
-3.368233442306518555e-01
-3.608478307723999023e-01
-3.744020164012908936e-01
-3.819896578788757324e-01
-3.645175695419311523e-01
-3.161246776580810547e-01
-2.533285915851593018e-01
-1.649174243211746216e-01
-9.331722557544708252e-02
-1.154957711696624756e-02
4.543228819966316223e-02
1.062950938940048218e-01
1.442242562770843506e-01
1.854580938816070557e-01
2.118210792541503906e-01
2.471889108419418335e-01
2.777290642261505127e-01
3.063119649887084961e-01
3.366022109985351562e-01
3.509227335453033447e-01
3.768928647041320801e-01
3.829408586025238037e-01
3.863406181335449219e-01
3.585975766181945801e-01
3.107675313949584961e-01
2.457116842269897461e-01
1.826555132865905762e-01
1.198297217488288879e-01
7.045225054025650024e-02
1.724970899522304535e-02
-2.273716032505035400e-02
-5.787592753767967224e-02
-8.661805093288421631e-02
-1.107248067855834961e-01
-1.395984739065170288e-01
-1.603714823722839355e-01
-1.785300523042678833e-01
-1.892137080430984497e-01
-1.982232034206390381e-01
-2.031226456165313721e-01
-1.996210813522338867e-01
-1.823854744434356689e-01
-1.484761834144592285e-01
-1.039296239614486694e-01
-5.400807410478591919e-02
-5.016175564378499985e-03
3.767536580562591553e-02
8.087217807769775391e-02
1.113367676734924316e-01
1.407172977924346924e-01
1.584833264350891113e-01
1.742523908615112305e-01
1.894215345382690430e-01
1.973306834697723389e-01
1.999369114637374878e-01
1.921114325523376465e-01
1.763162314891815186e-01
1.618186235427856445e-01
1.375775486230850220e-01
1.088233739137649536e-01
6.779332458972930908e-02
1.811022125184535980e-02
-3.251082077622413635e-02
-8.790901303291320801e-02
-1.403232514858245850e-01
-1.925635784864425659e-01
-2.389256954193115234e-01
-2.795920670032501221e-01
-3.110293149948120117e-01
-3.426845669746398926e-01
-3.628590703010559082e-01
-3.842569589614868164e-01
-3.906513452529907227e-01
-4.007896184921264648e-01
-4.044464826583862305e-01
-4.038861989974975586e-01
-3.810199797153472900e-01
-3.294691741466522217e-01
-2.545816600322723389e-01
-1.660805344581604004e-01
-8.415670692920684814e-02
2.251462079584598541e-03
7.214246690273284912e-02
1.513204574584960938e-01
1.995788067579269409e-01
2.546682655811309814e-01
2.829020619392395020e-01
3.192820549011230469e-01
3.421815931797027588e-01
3.568844795227050781e-01
3.762035369873046875e-01
3.800165653228759766e-01
4.020324945449829102e-01
3.973671197891235352e-01
3.942286372184753418e-01
3.566282391548156738e-01
3.086568117141723633e-01
2.434752285480499268e-01
1.774591505527496338e-01
1.125454753637313843e-01
5.058034509420394897e-02
-8.401748724281787872e-03
-6.400369107723236084e-02
-1.104405000805854797e-01
-1.466762423515319824e-01
-1.719605475664138794e-01
-1.879911273717880249e-01
-2.004930973052978516e-01
-2.075744271278381348e-01
-2.150543332099914551e-01
-2.189473509788513184e-01
-2.148282527923583984e-01
-2.038609683513641357e-01
-1.756851673126220703e-01
-1.419215947389602661e-01
-9.277719259262084961e-02
-4.660952091217041016e-02
5.476133897900581360e-03
4.912611097097396851e-02
9.824520349502563477e-02
1.395126581192016602e-01
1.788626611232757568e-01
2.069654464721679688e-01
2.261235713958740234e-01
2.365546673536300659e-01
2.363553494215011597e-01
2.281239479780197144e-01
2.146501690149307251e-01
1.960732340812683105e-01
1.727842539548873901e-01
1.413293927907943726e-01
9.919024258852005005e-02
5.278986319899559021e-02
-1.217768527567386627e-03
-5.230889469385147095e-02
-1.063817590475082397e-01
-1.564306169748306274e-01
-2.127347588539123535e-01
-2.621392309665679932e-01
-3.159301578998565674e-01
-3.504305481910705566e-01
-3.866761326789855957e-01
-4.020013809204101562e-01
-4.156367182731628418e-01
-4.144132435321807861e-01
-4.174225330352783203e-01
-4.182831346988677979e-01
-4.103109240531921387e-01
-3.776649832725524902e-01
-3.089789152145385742e-01
-2.325406223535537720e-01
-1.365127712488174438e-01
-6.255213916301727295e-02
3.270747140049934387e-02
1.048945188522338867e-01
1.840023696422576904e-01
2.400110065937042236e-01
2.898248434066772461e-01
3.286573588848114014e-01
3.563034534454345703e-01
3.701636195182800293e-01
3.783761858940124512e-01
3.830878138542175293e-01
3.917230367660522461e-01
3.999079465866088867e-01
3.902488648891448975e-01
3.735403120517730713e-01
3.275023102760314941e-01
2.819301187992095947e-01
2.190371155738830566e-01
1.594592928886413574e-01
9.276656806468963623e-02
2.883989550173282623e-02
-3.669496625661849976e-02
-9.191621840000152588e-02
-1.436469703912734985e-01
-1.753992885351181030e-01
-2.010656446218490601e-01
-2.110893875360488892e-01
-2.197960764169692993e-01
-2.232570350170135498e-01
-2.238302081823348999e-01
-2.168322056531906128e-01
-2.004492878913879395e-01
-1.765946745872497559e-01
-1.436994820833206177e-01
-1.079034432768821716e-01
-6.066532060503959656e-02
-1.527984440326690674e-02
3.995351493358612061e-02
8.990848064422607422e-02
1.432213038206100464e-01
1.864176094532012939e-01
2.195796817541122437e-01
2.400641143321990967e-01
2.522714734077453613e-01
2.569032311439514160e-01
2.545355558395385742e-01
2.375045865774154663e-01
2.117768079042434692e-01
1.776648163795471191e-01
1.435742080211639404e-01
1.060924381017684937e-01
6.606549024581909180e-02
1.822924241423606873e-02
-2.946055494248867035e-02
-8.370216190814971924e-02
-1.326713562011718750e-01
-1.882092654705047607e-01
-2.393841743469238281e-01
-2.920083403587341309e-01
-3.346891999244689941e-01
-3.706938624382019043e-01
-3.984331488609313965e-01
-4.160978496074676514e-01
-4.246315360069274902e-01
-4.164064526557922363e-01
-4.175773859024047852e-01
-4.059912562370300293e-01
-4.002456665039062500e-01
-3.492848575115203857e-01
-2.851021885871887207e-01
-1.913018524646759033e-01
-1.073161587119102478e-01
-2.068552561104297638e-02
6.273698061704635620e-02
1.427087187767028809e-01
2.179795354604721069e-01
2.726235091686248779e-01
3.237715959548950195e-01
3.522166609764099121e-01
3.771998286247253418e-01
3.782768249511718750e-01
3.793333768844604492e-01
3.769208490848541260e-01
3.815979957580566406e-01
3.811146318912506104e-01
3.720316290855407715e-01
3.416311144828796387e-01
3.028127253055572510e-01
2.501147985458374023e-01
1.952801197767257690e-01
1.346091330051422119e-01
6.536824256181716919e-02
1.750539522618055344e-04
-6.971535086631774902e-02
-1.280128210783004761e-01
-1.742021441459655762e-01
-2.007653117179870605e-01
-2.079845964908599854e-01
-2.123148143291473389e-01
-2.163780331611633301e-01
-2.182026803493499756e-01
-2.118275463581085205e-01
-1.933068633079528809e-01
-1.684209704399108887e-01
-1.426226645708084106e-01
-1.123089939355850220e-01
-7.873078435659408569e-02
-3.785248845815658569e-02
1.080483384430408478e-02
6.184795498847961426e-02
1.199551522731781006e-01
1.725804656744003296e-01
2.148622870445251465e-01
2.422887384891510010e-01
2.575397193431854248e-01
2.670986652374267578e-01
2.705215513706207275e-01
2.582303285598754883e-01
2.343538403511047363e-01
1.961542069911956787e-01
1.566458642482757568e-01
1.189893931150436401e-01
7.984258234500885010e-02
4.076232761144638062e-02
-4.385269246995449066e-03
-5.103883892297744751e-02
-9.989865124225616455e-02
-1.529289186000823975e-01
-2.052374184131622314e-01
-2.566108107566833496e-01
-3.035128116607666016e-01
-3.450805544853210449e-01
-3.796676397323608398e-01
-4.047164320945739746e-01
-4.168744683265686035e-01
-4.159258604049682617e-01
-4.039836525917053223e-01
-3.929319381713867188e-01
-3.857077360153198242e-01
-3.722742497920989990e-01
-3.341795206069946289e-01
-2.666645348072052002e-01
-1.845142692327499390e-01
-9.854546934366226196e-02
-2.118944935500621796e-02
6.596031039953231812e-02
1.461521089076995850e-01
2.311788499355316162e-01
2.917970418930053711e-01
3.378082811832427979e-01
3.646093904972076416e-01
3.722043633460998535e-01
3.733946681022644043e-01
3.566841781139373779e-01
3.530787825584411621e-01
3.446433544158935547e-01
3.445628881454467773e-01
3.283151090145111084e-01
3.040752112865447998e-01
2.709529995918273926e-01
2.346210926771163940e-01
1.945579051971435547e-01
1.410229951143264771e-01
7.560458779335021973e-02
2.350621856749057770e-03
-6.614169478416442871e-02
-1.242161542177200317e-01
-1.697517186403274536e-01
-2.011574208736419678e-01
-2.154451459646224976e-01
-2.228825688362121582e-01
-2.187569588422775269e-01
-2.133312225341796875e-01
-1.910013705492019653e-01
-1.660262644290924072e-01
-1.370036005973815918e-01
-1.124569475650787354e-01
-9.033747017383575439e-02
-6.276058405637741089e-02
-2.850098721683025360e-02
1.599968411028385162e-02
6.410201638936996460e-02
1.136048585176467896e-01
1.593187898397445679e-01
2.047554850578308105e-01
2.362484037876129150e-01
2.654366791248321533e-01
2.758432924747467041e-01
2.814155817031860352e-01
2.641005516052246094e-01
2.343996763229370117e-01
1.923109292984008789e-01
1.464842557907104492e-01
1.026771217584609985e-01
5.744959414005279541e-02
1.504391990602016449e-02
-3.313578292727470398e-02
-7.367436587810516357e-02
-1.189631372690200806e-01
-1.541112512350082397e-01
-2.007741332054138184e-01
-2.417128980159759521e-01
-2.916835844516754150e-01
-3.348121345043182373e-01
-3.771430253982543945e-01
-4.035018682479858398e-01
-4.187242686748504639e-01
-4.158142805099487305e-01
-4.081871807575225830e-01
-3.977171182632446289e-01
-3.861526250839233398e-01
-3.699055314064025879e-01
-3.197074532508850098e-01
-2.567549049854278564e-01
-1.686013489961624146e-01
-9.858517348766326904e-02
-1.884086988866329193e-02
5.547375977039337158e-02
1.399119198322296143e-01
2.155681252479553223e-01
2.786040902137756348e-01
3.229962587356567383e-01
3.485988378524780273e-01
3.578622639179229736e-01
3.535836338996887207e-01
3.478698134422302246e-01
3.402419686317443848e-01
3.418608903884887695e-01
3.282784521579742432e-01
3.118305802345275879e-01
2.776909768581390381e-01
2.522206902503967285e-01
2.204020023345947266e-01
1.834732592105865479e-01
1.311139166355133057e-01
6.493712216615676880e-02
-1.093720551580190659e-03
-6.622269749641418457e-02
-1.153461039066314697e-01
-1.586389541625976562e-01
-1.848317831754684448e-01
-2.045362144708633423e-01
-2.101882100105285645e-01
-2.127562910318374634e-01
-2.031337618827819824e-01
-1.822031587362289429e-01
-1.541533917188644409e-01
-1.260246485471725464e-01
-1.061367541551589966e-01
-8.119834959506988525e-02
-5.458968132734298706e-02
-1.665319688618183136e-02
2.317938767373561859e-02
6.848129630088806152e-02
1.102420389652252197e-01
1.527621597051620483e-01
1.912623047828674316e-01
2.279133796691894531e-01
2.554845809936523438e-01
2.740905284881591797e-01
2.797856032848358154e-01
2.650667428970336914e-01
2.348235100507736206e-01
1.915912926197052002e-01
1.495691090822219849e-01
1.040402501821517944e-01
5.685968324542045593e-02
6.199322640895843506e-03
-4.255787283182144165e-02
-8.545312285423278809e-02
-1.220029294490814209e-01
-1.549964696168899536e-01
-1.930800676345825195e-01
-2.318723052740097046e-01
-2.773575186729431152e-01
-3.148173689842224121e-01
-3.541406691074371338e-01
-3.781656622886657715e-01
-3.935056328773498535e-01
-3.988819718360900879e-01
-3.924314379692077637e-01
-3.914927542209625244e-01
-3.760558664798736572e-01
-3.685358762741088867e-01
-3.249426484107971191e-01
-2.678884267807006836e-01
-1.841565668582916260e-01
-1.116588860750198364e-01
-4.115552082657814026e-02
3.461797162890434265e-02
1.155082210898399353e-01
1.992614269256591797e-01
2.580810785293579102e-01
3.043622374534606934e-01
3.225552439689636230e-01
3.354339897632598877e-01
3.315969705581665039e-01
3.295733332633972168e-01
3.221698999404907227e-01
3.189551830291748047e-01
3.105306029319763184e-01
2.980255484580993652e-01
2.786180675029754639e-01
2.609600126743316650e-01
2.387600243091583252e-01
2.068601250648498535e-01
1.561453938484191895e-01
9.377601742744445801e-02
2.718583308160305023e-02
-3.539639338850975037e-02
-9.158557653427124023e-02
-1.383669674396514893e-01
-1.741772890090942383e-01
-1.980928033590316772e-01
-2.070553302764892578e-01
-2.081887722015380859e-01
-1.913063228130340576e-01
-1.708075404167175293e-01
-1.383359730243682861e-01
-1.178057342767715454e-01
-9.791304171085357666e-02
-7.977969199419021606e-02
-5.355956405401229858e-02
-2.290543168783187866e-02
7.231566123664379120e-03
3.967176005244255066e-02
7.743768393993377686e-02
1.208215802907943726e-01
1.664215624332427979e-01
2.107595950365066528e-01
2.444991171360015869e-01
2.704005837440490723e-01
2.755569219589233398e-01
2.688236534595489502e-01
2.423614710569381714e-01
2.094796001911163330e-01
1.685426235198974609e-01
1.224699392914772034e-01
6.844269484281539917e-02
1.542499847710132599e-02
-3.152691200375556946e-02
-6.785607337951660156e-02
-9.987655282020568848e-02
-1.346200257539749146e-01
-1.705438792705535889e-01
-2.129902243614196777e-01
-2.507054507732391357e-01
-2.888449728488922119e-01
-3.223387598991394043e-01
-3.546087145805358887e-01
-3.787762522697448730e-01
-3.945788145065307617e-01
-3.944501280784606934e-01
-3.906937837600708008e-01
-3.751217126846313477e-01
-3.658294677734375000e-01
-3.438682556152343750e-01
-3.028479516506195068e-01
-2.347027212381362915e-01
-1.507182121276855469e-01
-7.636815309524536133e-02
7.431665435433387756e-04
7.602677494287490845e-02
1.601749509572982788e-01
2.290453910827636719e-01
2.866179943084716797e-01
3.183479309082031250e-01
3.372496962547302246e-01
3.324502110481262207e-01
3.257693052291870117e-01
3.132244646549224854e-01
3.081378340721130371e-01
3.039424121379852295e-01
2.918876409530639648e-01
2.764717936515808105e-01
2.531319856643676758e-01
2.419593334197998047e-01
2.187841236591339111e-01
1.839782744646072388e-01
1.244886368513107300e-01
5.987415462732315063e-02
-6.822299212217330933e-03
-6.803767383098602295e-02
-1.222417205572128296e-01
-1.624812781810760498e-01
-1.904632747173309326e-01
-2.053272873163223267e-01
-2.085276693105697632e-01
-1.978884637355804443e-01
-1.697257161140441895e-01
-1.361521035432815552e-01
-1.029681265354156494e-01
-8.463793992996215820e-02
-6.916692852973937988e-02
-4.986685886979103088e-02
-2.394498698413372040e-02
4.628640133887529373e-03
3.214253485202789307e-02
6.372843682765960693e-02
1.030635759234428406e-01
1.489865630865097046e-01
1.980469971895217896e-01
2.425531148910522461e-01
2.751753032207489014e-01
2.928958833217620850e-01
2.883237600326538086e-01
2.640950381755828857e-01
2.258036285638809204e-01
1.800840795040130615e-01
1.307027041912078857e-01
7.393820583820343018e-02
1.507525984197854996e-02
-3.457903116941452026e-02
-7.370206713676452637e-02
-9.811772406101226807e-02
-1.232041567564010620e-01
-1.499816775321960449e-01
-1.824461072683334351e-01
-2.187903225421905518e-01
-2.535961270332336426e-01
-2.937040328979492188e-01
-3.299208879470825195e-01
-3.659909367561340332e-01
-3.893125653266906738e-01
-4.057610929012298584e-01
-4.030079841613769531e-01
-3.908753991127014160e-01
-3.676212430000305176e-01
-3.450662195682525635e-01
-3.131671249866485596e-01
-2.571522295475006104e-01
-1.870376616716384888e-01
-1.043175086379051208e-01
-3.816742822527885437e-02
3.797924518585205078e-02
1.069080904126167297e-01
1.827125996351242065e-01
2.412561476230621338e-01
2.869416773319244385e-01
3.185187876224517822e-01
3.284394741058349609e-01
3.324117660522460938e-01
3.210653960704803467e-01
3.190509080886840820e-01
3.117523193359375000e-01
3.076911866664886475e-01
2.899095416069030762e-01
2.666917741298675537e-01
2.401562333106994629e-01
2.197144925594329834e-01
1.901728212833404541e-01
1.465574204921722412e-01
8.790294826030731201e-02
2.488303929567337036e-02
-3.146317228674888611e-02
-8.492489159107208252e-02
-1.243951097130775452e-01
-1.568939983844757080e-01
-1.775682866573333740e-01
-1.893266439437866211e-01
-1.895455271005630493e-01
-1.770653426647186279e-01
-1.520179510116577148e-01
-1.262187659740447998e-01
-1.004488393664360046e-01
-8.649054169654846191e-02
-6.684838235378265381e-02
-3.960942476987838745e-02
-5.572777707129716873e-03
2.900219708681106567e-02
5.946265161037445068e-02
9.503047168254852295e-02
1.358170062303543091e-01
1.770705580711364746e-01
2.155218571424484253e-01
2.455783933401107788e-01
2.623076438903808594e-01
2.683603167533874512e-01
2.541706860065460205e-01
2.332083880901336670e-01
1.986764073371887207e-01
1.601588726043701172e-01
1.142056062817573547e-01
6.149603426456451416e-02
1.208309270441532135e-02
-3.211428225040435791e-02
-6.761960685253143311e-02
-1.007278710603713989e-01
-1.338853687047958374e-01
-1.700610220432281494e-01
-2.056532204151153564e-01
-2.439574897289276123e-01
-2.761613726615905762e-01
-3.106886148452758789e-01
-3.408690690994262695e-01
-3.659967184066772461e-01
-3.811687827110290527e-01
-3.832928538322448730e-01
-3.737683296203613281e-01
-3.542465567588806152e-01
-3.336999416351318359e-01
-3.188312649726867676e-01
-2.937880754470825195e-01
-2.431980967521667480e-01
-1.716054975986480713e-01
-9.276993572711944580e-02
-2.792438864707946777e-02
4.205461964011192322e-02
1.094358116388320923e-01
1.866591125726699829e-01
2.535660266876220703e-01
3.049964606761932373e-01
3.330719172954559326e-01
3.358572125434875488e-01
3.306895792484283447e-01
3.166050910949707031e-01
3.094484806060791016e-01
2.989872395992279053e-01
2.844825387001037598e-01
2.584970891475677490e-01
2.313840389251708984e-01
2.125326395034790039e-01
1.966762691736221313e-01
1.709532737731933594e-01
1.299439668655395508e-01
7.633090019226074219e-02
1.651416532695293427e-02
-4.296279326081275940e-02
-9.216161072254180908e-02
-1.289995014667510986e-01
-1.568153649568557739e-01
-1.794527024030685425e-01
-1.918468922376632690e-01
-1.896012574434280396e-01
-1.709824651479721069e-01
-1.395460516214370728e-01
-1.091806292533874512e-01
-8.510981500148773193e-02
-6.906508654356002808e-02
-4.882509261369705200e-02
-1.871426217257976532e-02
1.414507534354925156e-02
4.909605905413627625e-02
7.891593873500823975e-02
1.128288954496383667e-01
1.498866975307464600e-01
1.880808323621749878e-01
2.259525507688522339e-01
2.522610723972320557e-01
2.670214772224426270e-01
2.591936588287353516e-01
2.374121397733688354e-01
2.046003937721252441e-01
1.711261570453643799e-01
1.307763159275054932e-01
8.489466458559036255e-02
3.187283128499984741e-02
-1.604929566383361816e-02
-5.243887007236480713e-02
-8.131665736436843872e-02
-1.083431914448738098e-01
-1.435428559780120850e-01
-1.797535866498947144e-01
-2.201114743947982788e-01
-2.572852671146392822e-01
-2.927055954933166504e-01
-3.186088502407073975e-01
-3.436151146888732910e-01
-3.593428730964660645e-01
-3.702559471130371094e-01
-3.634091019630432129e-01
-3.478531241416931152e-01
-3.272689878940582275e-01
-3.120841681957244873e-01
-3.059830665588378906e-01
-2.836295962333679199e-01
-2.364052534103393555e-01
-1.586573272943496704e-01
-8.272539079189300537e-02
-8.991926908493041992e-03
6.215029209852218628e-02
1.377442628145217896e-01
2.112019062042236328e-01
2.743714153766632080e-01
3.202317953109741211e-01
3.375231325626373291e-01
3.278862237930297852e-01
3.074669241905212402e-01
2.874251306056976318e-01
2.773501276969909668e-01
2.696544528007507324e-01
2.566201388835906982e-01
2.355402410030364990e-01
2.113755643367767334e-01
2.003910243511199951e-01
1.874184906482696533e-01
1.617919504642486572e-01
1.150990501046180725e-01
5.441205576062202454e-02
-1.129820011556148529e-02
-7.467731833457946777e-02
-1.217407435178756714e-01
-1.530650854110717773e-01
-1.731422990560531616e-01
-1.839590072631835938e-01
-1.813361942768096924e-01
-1.652355790138244629e-01
-1.352101117372512817e-01
-9.704421460628509521e-02
-6.576251983642578125e-02
-5.076592788100242615e-02
-4.776681214570999146e-02
-3.593192994594573975e-02
-1.399938203394412994e-02
1.396967656910419464e-02
4.512361437082290649e-02
8.001057803630828857e-02
1.203532293438911438e-01
1.655700802803039551e-01
2.102145999670028687e-01
2.513046264648437500e-01
2.743040621280670166e-01
2.774073779582977295e-01
2.558680772781372070e-01
2.164466977119445801e-01
1.749803572893142700e-01
1.327427476644515991e-01
8.992779254913330078e-02
4.155847430229187012e-02
-4.105461761355400085e-03
-3.831773996353149414e-02
-6.268689036369323730e-02
-8.364947140216827393e-02
-1.075208634138107300e-01
-1.429204344749450684e-01
-1.820245385169982910e-01
-2.282206416130065918e-01
-2.702258825302124023e-01
-3.076862692832946777e-01
-3.321342170238494873e-01
-3.496524393558502197e-01
-3.576061725616455078e-01
-3.574592173099517822e-01
-3.426725864410400391e-01
-3.223074376583099365e-01
-3.044280111789703369e-01
-2.938959002494812012e-01
-2.961157560348510742e-01
-2.787130773067474365e-01
-2.345073223114013672e-01
-1.535029709339141846e-01
-7.489835470914840698e-02
1.935429871082305908e-03
8.000570535659790039e-02
1.639735996723175049e-01
2.400975674390792847e-01
2.957152724266052246e-01
3.302938938140869141e-01
3.353757262229919434e-01
3.157930076122283936e-01
2.829869091510772705e-01
2.592577934265136719e-01
2.505095005035400391e-01
2.509964108467102051e-01
2.487410604953765869e-01
2.354031801223754883e-01
2.201315462589263916e-01
2.087344229221343994e-01
1.929455250501632690e-01
1.592974066734313965e-01
9.996148198843002319e-02
3.148499503731727600e-02
-4.123591631650924683e-02
-1.008939146995544434e-01
-1.431545317173004150e-01
-1.614288687705993652e-01
-1.663835048675537109e-01
-1.618156135082244873e-01
-1.518512070178985596e-01
-1.312932372093200684e-01
-1.031600236892700195e-01
-7.404187321662902832e-02
-5.886641517281532288e-02
-6.222148239612579346e-02
-6.649548560380935669e-02
-5.903393402695655823e-02
-3.204325959086418152e-02
3.456665435805916786e-03
5.025290697813034058e-02
1.001475751399993896e-01
1.537275314331054688e-01
2.018517553806304932e-01
2.432687431573867798e-01
2.684510350227355957e-01
2.717409729957580566e-01
2.524057328701019287e-01
2.137152403593063354e-01
1.701221764087677002e-01
1.313130855560302734e-01
1.018544137477874756e-01
7.591530680656433105e-02
4.880768805742263794e-02
2.149021252989768982e-02
-3.791771596297621727e-03
-2.865674719214439392e-02
-5.780778825283050537e-02
-1.009518206119537354e-01
-1.549357175827026367e-01
-2.142446339130401611e-01
-2.682489752769470215e-01
-3.092032968997955322e-01
-3.324892222881317139e-01
-3.390112519264221191e-01
-3.406533598899841309e-01
-3.351245820522308350e-01
-3.263869285583496094e-01
-3.100725710391998291e-01
-2.975981235504150391e-01
-2.898263335227966309e-01
-2.964220643043518066e-01
-3.113334178924560547e-01
-2.972923517227172852e-01
-2.374507337808609009e-01
-1.380039900541305542e-01
-4.809330776333808899e-02
3.434585034847259521e-02
1.143905222415924072e-01
1.980925202369689941e-01
2.698759436607360840e-01
3.153476715087890625e-01
3.358506262302398682e-01
3.217844963073730469e-01
2.904939055442810059e-01
2.536330223083496094e-01
2.377031147480010986e-01
2.425390481948852539e-01
2.531261742115020752e-01
2.521484494209289551e-01
2.327346950769424438e-01
2.146767377853393555e-01
1.981762200593948364e-01
1.714622229337692261e-01
1.226783096790313721e-01
5.128573998808860779e-02
-1.949118450284004211e-02
-8.444364368915557861e-02
-1.282658427953720093e-01
-1.485192775726318359e-01
-1.489625275135040283e-01
-1.371423453092575073e-01
-1.334715187549591064e-01
-1.262604743242263794e-01
-1.154190078377723694e-01
-9.353426843881607056e-02
-7.784097641706466675e-02
-7.439230382442474365e-02
-7.489104568958282471e-02
-6.535229831933975220e-02
-3.319160640239715576e-02
1.362081989645957947e-02
6.706523895263671875e-02
1.181001365184783936e-01
1.624430418014526367e-01
1.965460181236267090e-01
2.200382351875305176e-01
2.358393520116806030e-01
2.428966760635375977e-01
2.295098006725311279e-01
2.017556577920913696e-01
1.684925407171249390e-01
1.473940908908843994e-01
1.338307410478591919e-01
1.191617473959922791e-01
9.572442620992660522e-02
6.329358369112014771e-02
2.441574633121490479e-02
-1.788622885942459106e-02
-6.392981112003326416e-02
-1.094129830598831177e-01
-1.552478671073913574e-01
-2.039779722690582275e-01
-2.447457909584045410e-01
-2.728217244148254395e-01
-2.781527042388916016e-01
-2.764156758785247803e-01
-2.756648063659667969e-01
-2.812536656856536865e-01
-2.884247004985809326e-01
-2.967157363891601562e-01
-3.043942153453826904e-01
-3.134537339210510254e-01
-3.192215263843536377e-01
-3.268460631370544434e-01
-3.312143385410308838e-01
-2.955836057662963867e-01
-2.113844752311706543e-01
-9.175771474838256836e-02
6.904181558638811111e-03
8.009123802185058594e-02
1.433333456516265869e-01
1.973454058170318604e-01
2.398534864187240601e-01
2.568597793579101562e-01
2.614534199237823486e-01
2.512205839157104492e-01
2.371937334537506104e-01
2.306551635265350342e-01
2.423646450042724609e-01
2.713460922241210938e-01
2.968495786190032959e-01
2.951353192329406738e-01
2.585844695568084717e-01
2.141239494085311890e-01
1.724475622177124023e-01
1.265254467725753784e-01
6.653381884098052979e-02
-2.327477559447288513e-03
-5.701329559087753296e-02
-9.495495259761810303e-02
-1.094889640808105469e-01
-1.054590642452239990e-01
-9.639438986778259277e-02
-8.424616605043411255e-02
-9.046433866024017334e-02
-1.047106459736824036e-01
-1.173776090145111084e-01
-1.149955764412879944e-01
-1.043962240219116211e-01
-1.013192087411880493e-01
-8.695873618125915527e-02
-5.194629356265068054e-02
4.815039224922657013e-03
6.371689587831497192e-02
1.181369721889495850e-01
1.592140644788742065e-01
1.860612928867340088e-01
1.978608816862106323e-01
1.990641355514526367e-01
1.982775032520294189e-01
1.971660256385803223e-01
1.950272470712661743e-01
1.835232079029083252e-01
1.698886752128601074e-01
1.665933281183242798e-01
1.636686325073242188e-01
1.428334265947341919e-01
1.031525135040283203e-01
4.981395602226257324e-02
-2.872796729207038879e-03
-6.227924302220344543e-02
-1.125380396842956543e-01
-1.509824991226196289e-01
-1.802443265914916992e-01
-2.012839466333389282e-01
-2.199547886848449707e-01
-2.264793217182159424e-01
-2.244077622890472412e-01
-2.263910472393035889e-01
-2.415824830532073975e-01
-2.726615369319915771e-01
-2.964566946029663086e-01
-3.096108436584472656e-01
-3.210944533348083496e-01
-3.215906023979187012e-01
-3.168099224567413330e-01
-2.983128726482391357e-01
-2.933621406555175781e-01
-2.629306316375732422e-01
-1.901554167270660400e-01
-8.418859541416168213e-02
8.707337081432342529e-03
5.864012986421585083e-02
1.039347946643829346e-01
1.445359587669372559e-01
1.925431787967681885e-01
2.176496386528015137e-01
2.329441457986831665e-01
2.413507699966430664e-01
2.439810633659362793e-01
2.489669770002365112e-01
2.529951930046081543e-01
2.733653187751770020e-01
2.832883894443511963e-01
2.700299322605133057e-01
2.210772931575775146e-01
1.654088050127029419e-01
1.271274983882904053e-01
9.317907691001892090e-02
5.883137881755828857e-02
8.715987205505371094e-03
-2.573161944746971130e-02
-4.978304356336593628e-02
-6.292176991701126099e-02
-7.328709959983825684e-02
-8.397617191076278687e-02
-8.917127549648284912e-02
-1.063720881938934326e-01
-1.270936876535415649e-01
-1.381690502166748047e-01
-1.245809048414230347e-01
-9.834091365337371826e-02
-7.064417749643325806e-02
-4.525125026702880859e-02
-7.061158306896686554e-03
3.866258263587951660e-02
8.595102280378341675e-02
1.203564703464508057e-01
1.394442766904830933e-01
1.517620682716369629e-01
1.624963283538818359e-01
1.691825538873672485e-01
1.811629533767700195e-01
1.964444965124130249e-01
2.088779807090759277e-01
2.060284912586212158e-01
1.894572824239730835e-01
1.812606304883956909e-01
1.596626341342926025e-01
1.274851262569427490e-01
7.589775323867797852e-02
2.633635140955448151e-02
-1.945585198700428009e-02
-5.904377996921539307e-02
-9.112903475761413574e-02
-1.157821267843246460e-01
-1.348162591457366943e-01
-1.552987098693847656e-01
-1.817714571952819824e-01
-2.112032622098922729e-01
-2.267430722713470459e-01
-2.389964163303375244e-01
-2.574851810932159424e-01
-2.799098491668701172e-01
-2.918260097503662109e-01
-2.841691970825195312e-01
-2.757653594017028809e-01
-2.698914706707000732e-01
-2.628989219665527344e-01
-2.637235820293426514e-01
-2.641620635986328125e-01
-2.799787521362304688e-01
-2.541769444942474365e-01
-1.839522570371627808e-01
-7.074636965990066528e-02
1.644815318286418915e-02
6.929975003004074097e-02
1.191096752882003784e-01
1.659289002418518066e-01
2.111321240663528442e-01
2.144317328929901123e-01
2.235188484191894531e-01
2.153745293617248535e-01
2.182307541370391846e-01
2.179506421089172363e-01
2.336392402648925781e-01
2.644621133804321289e-01
2.740916013717651367e-01
2.588762342929840088e-01
1.985274404287338257e-01
1.446775197982788086e-01
1.008845865726470947e-01
6.648021936416625977e-02
2.415516786277294159e-02
-2.032179012894630432e-02
-3.906458616256713867e-02
-4.978580027818679810e-02
-5.028831213712692261e-02
-5.837356299161911011e-02
-6.486576795578002930e-02
-8.047651499509811401e-02
-1.104372441768646240e-01
-1.315169036388397217e-01
-1.367181986570358276e-01
-1.079222112894058228e-01
-7.402348518371582031e-02
-3.662526607513427734e-02
6.725760176777839661e-04
4.404499381780624390e-02
9.025867283344268799e-02
1.190929114818572998e-01
1.315725743770599365e-01
1.306039839982986450e-01
1.345742791891098022e-01
1.457461118698120117e-01
1.608635634183883667e-01
1.815848946571350098e-01
2.019408941268920898e-01
2.135045826435089111e-01
2.062826752662658691e-01
1.867247819900512695e-01
1.627429127693176270e-01
1.274621486663818359e-01
7.971839606761932373e-02
2.826210856437683105e-02
-1.332981325685977936e-02
-3.969421237707138062e-02
-6.149309128522872925e-02
-8.154021948575973511e-02
-1.037008166313171387e-01
-1.271890699863433838e-01
-1.541088819503784180e-01
-1.899301111698150635e-01
-2.222455888986587524e-01
-2.428649365901947021e-01
-2.523168623447418213e-01
-2.605155706405639648e-01
-2.641918659210205078e-01
-2.600487470626831055e-01
-2.414809018373489380e-01
-2.398947179317474365e-01
-2.426172643899917603e-01
-2.568915486335754395e-01
-2.665385007858276367e-01
-2.812929749488830566e-01
-3.006300926208496094e-01
-2.586690783500671387e-01
-1.643624007701873779e-01
-3.249965980648994446e-02
4.988251626491546631e-02
9.966196119785308838e-02
1.376392841339111328e-01
1.660766005516052246e-01
1.793819069862365723e-01
1.730011999607086182e-01
1.807278394699096680e-01
1.880266666412353516e-01
2.042063772678375244e-01
2.223369181156158447e-01
2.605589926242828369e-01
2.957243919372558594e-01
2.940132915973663330e-01
2.430647164583206177e-01
1.582400798797607422e-01
9.351267665624618530e-02
4.788823425769805908e-02
2.003892511129379272e-02
-4.545104224234819412e-03
-1.616911590099334717e-02
-1.561714522540569305e-02
-2.237948030233383179e-02
-3.404361754655838013e-02
-5.565232411026954651e-02
-7.679281383752822876e-02
-1.132645234465599060e-01
-1.429785043001174927e-01
-1.506459712982177734e-01
-1.220994591712951660e-01
-7.080110907554626465e-02
-2.542904578149318695e-02
1.791298389434814453e-02
5.236009880900382996e-02
8.771607279777526855e-02
1.031629219651222229e-01
1.031384468078613281e-01
1.042374521493911743e-01
1.143302097916603088e-01
1.363635361194610596e-01
1.638743579387664795e-01
1.992385983467102051e-01
2.235782593488693237e-01
2.296887338161468506e-01
2.160270810127258301e-01
1.866743564605712891e-01
1.521497070789337158e-01
1.132262125611305237e-01
7.801440358161926270e-02
3.992407023906707764e-02
1.046481449156999588e-02
-6.889033131301403046e-03
-2.232762426137924194e-02
-4.065632820129394531e-02
-6.762640923261642456e-02
-1.067467778921127319e-01
-1.551849097013473511e-01
-1.966703534126281738e-01
-2.207908630371093750e-01
-2.235225439071655273e-01
-2.208015471696853638e-01
-2.177139967679977417e-01
-2.207929342985153198e-01
-2.252276241779327393e-01
-2.226977646350860596e-01
-2.238378077745437622e-01
-2.410407215356826782e-01
-2.594148218631744385e-01
-2.781096398830413818e-01
-2.742821574211120605e-01
-2.777534127235412598e-01
-2.780758142471313477e-01
-2.253041863441467285e-01
-1.281470656394958496e-01
-6.696427240967750549e-03
5.034764111042022705e-02
7.923950254917144775e-02
9.804289788007736206e-02
1.132652908563613892e-01
1.296765804290771484e-01
1.394407898187637329e-01
1.701922267675399780e-01
1.976078450679779053e-01
2.269048094749450684e-01
2.460761368274688721e-01
2.686068415641784668e-01
2.812880277633666992e-01
2.611644566059112549e-01
1.964260339736938477e-01
1.166628077626228333e-01
7.581200450658798218e-02
5.394794791936874390e-02
4.682017117738723755e-02
2.838215604424476624e-02
2.324336580932140350e-02
7.709763944149017334e-03
-2.710623666644096375e-02
-6.009529531002044678e-02
-9.327982366085052490e-02
-1.091231107711791992e-01
-1.371238976716995239e-01
-1.428123712539672852e-01
-1.199693754315376282e-01
-7.012723386287689209e-02
-2.038791030645370483e-02
8.108295500278472900e-03
2.487927675247192383e-02
4.074411839246749878e-02
5.530203133821487427e-02
6.847074627876281738e-02
8.739532530307769775e-02
1.115587279200553894e-01
1.457131057977676392e-01
1.738246083259582520e-01
2.030127644538879395e-01
2.239787131547927856e-01
2.227988988161087036e-01
2.023930698633193970e-01
1.682818681001663208e-01
1.401296705007553101e-01
1.273476481437683105e-01
1.116938069462776184e-01
9.227816015481948853e-02
6.752884387969970703e-02
4.246766865253448486e-02
1.258935965597629547e-02
-2.850884012877941132e-02
-6.968165189027786255e-02
-1.010581031441688538e-01
-1.376467198133468628e-01
-1.644868254661560059e-01
-1.787561178207397461e-01
-1.819041967391967773e-01
-1.774110347032546997e-01
-1.862807422876358032e-01
-1.971413493156433105e-01
-2.150982022285461426e-01
-2.271735221147537231e-01
-2.367304414510726929e-01
-2.358034253120422363e-01
-2.466426342725753784e-01
-2.468952238559722900e-01
-2.551246881484985352e-01
-2.535415887832641602e-01
-2.536975741386413574e-01
-2.774367332458496094e-01
-2.398559600114822388e-01
-1.510344743728637695e-01
-2.184267155826091766e-02
4.497133940458297729e-02
5.610125884413719177e-02
7.588841021060943604e-02
9.763821959495544434e-02
1.196079999208450317e-01
1.290833353996276855e-01
1.551446020603179932e-01
1.894804984331130981e-01
2.222319990396499634e-01
2.418034225702285767e-01
2.611331641674041748e-01
2.705367803573608398e-01
2.453797757625579834e-01
1.838699430227279663e-01
1.043870821595191956e-01
7.007145881652832031e-02
6.343093514442443848e-02
6.204970553517341614e-02
4.593026638031005859e-02
2.965611964464187622e-02
3.610024228692054749e-03
-3.664837777614593506e-02
-7.997992634773254395e-02
-1.120567917823791504e-01
-1.201674416661262512e-01
-1.331371217966079712e-01
-1.203435361385345459e-01
-9.619650244712829590e-02
-4.428390413522720337e-02
-2.965694759041070938e-03
1.268196105957031250e-02
1.587109267711639404e-02
2.406516298651695251e-02
4.780531674623489380e-02
6.762921810150146484e-02
9.859184920787811279e-02
1.333590447902679443e-01
1.784312427043914795e-01
1.968878805637359619e-01
2.078422904014587402e-01
2.100332081317901611e-01
1.968427598476409912e-01
1.720147579908370972e-01
1.429441571235656738e-01
1.357578337192535400e-01
1.331932693719863892e-01
1.283409893512725830e-01
1.041530519723892212e-01
7.385563850402832031e-02
3.302281722426414490e-02
-4.828524775803089142e-03
-4.522245749831199646e-02
-7.892258465290069580e-02
-1.015399098396301270e-01
-1.241734325885772705e-01
-1.386569440364837646e-01
-1.427354514598846436e-01
-1.468939036130905151e-01
-1.612431108951568604e-01
-1.782259345054626465e-01
-2.010011672973632812e-01
-2.142198830842971802e-01
-2.260432690382003784e-01
-2.199849188327789307e-01
-2.095883190631866455e-01
-2.127321362495422363e-01
-2.202323526144027710e-01
-2.326475679874420166e-01
-2.477537989616394043e-01
-2.585929632186889648e-01
-2.945650815963745117e-01
-2.756119966506958008e-01
-1.786820292472839355e-01
-4.264058545231819153e-02
4.918198660016059875e-02
4.899773746728897095e-02
5.262544751167297363e-02
5.530030280351638794e-02
7.736109197139739990e-02
1.058506369590759277e-01
1.450461298227310181e-01
1.920356750488281250e-01
2.236241698265075684e-01
2.414780557155609131e-01
2.586959600448608398e-01
2.626397609710693359e-01
2.387718558311462402e-01
1.652833074331283569e-01
9.802587330341339111e-02
7.634217292070388794e-02
8.404387533664703369e-02
9.649987518787384033e-02
7.571123540401458740e-02
5.578022822737693787e-02
1.652773469686508179e-03
-4.895751923322677612e-02
-1.010906100273132324e-01
-1.241178065538406372e-01
-1.198241487145423889e-01
-1.187193244695663452e-01
-1.003984585404396057e-01
-7.380643486976623535e-02
-3.180819377303123474e-02
-1.712788641452789307e-02
-1.495229266583919525e-02
-1.379143912345170975e-02
9.475306607782840729e-03
4.408025369048118591e-02
8.645445853471755981e-02
1.281148791313171387e-01
1.568471193313598633e-01
1.851310729980468750e-01
1.863756775856018066e-01
1.856202334165573120e-01
1.810816526412963867e-01
1.801422536373138428e-01
1.700580865144729614e-01
1.564001441001892090e-01
1.601703464984893799e-01
1.546633392572402954e-01
1.387500315904617310e-01
9.976852685213088989e-02
5.730315297842025757e-02
1.590795814990997314e-02
-1.326694246381521225e-02
-3.122802823781967163e-02
-5.335427075624465942e-02
-7.332520931959152222e-02
-9.975614398717880249e-02
-1.248032972216606140e-01
-1.478680521249771118e-01
-1.585314869880676270e-01
-1.648636758327484131e-01
-1.763762831687927246e-01
-1.831030845642089844e-01
-1.866277307271957397e-01
-1.842721402645111084e-01
-1.841732263565063477e-01
-1.955587267875671387e-01
-2.042065709829330444e-01
-2.291958481073379517e-01
-2.454035580158233643e-01
-2.469118535518646240e-01
-2.497969865798950195e-01
-2.500328719615936279e-01
-2.853435873985290527e-01
-2.370484173297882080e-01
-1.224548518657684326e-01
4.281890112906694412e-03
5.011396110057830811e-02
1.326722092926502228e-02
1.323943678289651871e-02
2.738530561327934265e-02
8.085833489894866943e-02
1.339444220066070557e-01
1.953917294740676880e-01
2.207731008529663086e-01
2.227642685174942017e-01
2.233034968376159668e-01
2.335480451583862305e-01
2.285058796405792236e-01
1.933629512786865234e-01
1.456983983516693115e-01
1.029323190450668335e-01
1.007368192076683044e-01
1.142714768648147583e-01
1.085578650236129761e-01
6.633284687995910645e-02
1.481180451810359955e-02
-5.196954309940338135e-02
-9.202246367931365967e-02
-1.157830059528350830e-01
-9.882833063602447510e-02
-8.871964365243911743e-02
-8.572057634592056274e-02
-7.106696069240570068e-02
-6.134975701570510864e-02
-4.948101937770843506e-02
-4.843155667185783386e-02
-3.841216489672660828e-02
-9.487224742770195007e-03
3.020353615283966064e-02
7.434360682964324951e-02
1.215684711933135986e-01
1.495447307825088501e-01
1.657078564167022705e-01
1.593472063541412354e-01
1.629810929298400879e-01
1.739400625228881836e-01
1.845577210187911987e-01
1.857791244983673096e-01
1.813699603080749512e-01
1.772151887416839600e-01
1.691993474960327148e-01
1.440671533346176147e-01
1.109677851200103760e-01
7.837875932455062866e-02
4.282410070300102234e-02
1.214466616511344910e-02
-7.790530100464820862e-03
-1.862056553363800049e-02
-3.963048756122589111e-02
-7.546735554933547974e-02
-1.165573149919509888e-01
-1.471073776483535767e-01
-1.607768088579177856e-01
-1.538373082876205444e-01
-1.569555550813674927e-01
-1.575558781623840332e-01
-1.621026545763015747e-01
-1.621738374233245850e-01
-1.745822429656982422e-01
-1.897065043449401855e-01
-2.091446220874786377e-01
-2.185021787881851196e-01
-2.215571701526641846e-01
-2.264012694358825684e-01
-2.241410017013549805e-01
-2.327789962291717529e-01
-2.396832406520843506e-01
-2.896903753280639648e-01
-2.581164240837097168e-01
-1.343489885330200195e-01
4.565779119729995728e-03
4.687684774398803711e-02
-4.445668309926986694e-06
-7.172816898673772812e-03
1.510703563690185547e-02
6.900507211685180664e-02
1.321490406990051270e-01
1.935369670391082764e-01
2.239068448543548584e-01
2.223851531744003296e-01
2.078082561492919922e-01
2.136243283748626709e-01
2.115496695041656494e-01
1.894400715827941895e-01
1.504654288291931152e-01
1.162840723991394043e-01
1.175910234451293945e-01
1.253438293933868408e-01
1.097633391618728638e-01
6.357410550117492676e-02
-9.403158910572528839e-03
-6.938309222459793091e-02
-9.785789996385574341e-02
-1.033902317285537720e-01
-7.930994033813476562e-02
-7.231871783733367920e-02
-7.146736979484558105e-02
-8.403263986110687256e-02
-8.634191751480102539e-02
-7.814526557922363281e-02
-5.983271449804306030e-02
-2.997409924864768982e-02
7.845373824238777161e-03
4.798704013228416443e-02
8.235698193311691284e-02
1.174349486827850342e-01
1.292918324470520020e-01
1.402840316295623779e-01
1.476655006408691406e-01
1.616339832544326782e-01
1.841636747121810913e-01
1.996775418519973755e-01
2.010458707809448242e-01
1.933001279830932617e-01
1.778750866651535034e-01
1.625822782516479492e-01
1.375469863414764404e-01
1.106213331222534180e-01
8.883352577686309814e-02
5.765128880739212036e-02
3.505292907357215881e-02
1.005146838724613190e-02
-1.953736133873462677e-02
-4.801685363054275513e-02
-8.028931915760040283e-02
-1.141551584005355835e-01
-1.360795348882675171e-01
-1.360639035701751709e-01
-1.326790750026702881e-01
-1.380193084478378296e-01
-1.526424884796142578e-01
-1.566758453845977783e-01
-1.656548082828521729e-01
-1.741978377103805542e-01
-1.756339073181152344e-01
-1.830273419618606567e-01
-1.939996182918548584e-01
-2.029023468494415283e-01
-2.186646908521652222e-01
-2.295420914888381958e-01
-2.353183925151824951e-01
-2.423028051853179932e-01
-2.573221325874328613e-01
-2.872782945632934570e-01
-2.108891308307647705e-01
-6.550085544586181641e-02
3.941828012466430664e-02
1.324452646076679230e-02
-5.128626525402069092e-02
-3.643916547298431396e-02
2.763793617486953735e-02
9.600913524627685547e-02
1.673109531402587891e-01
2.240002900362014771e-01
2.235915660858154297e-01
2.045972496271133423e-01
1.846351027488708496e-01
2.007117867469787598e-01
1.978587806224822998e-01
1.785783469676971436e-01
1.493568867444992065e-01
1.380113959312438965e-01
1.409893035888671875e-01
1.279434412717819214e-01
6.559666991233825684e-02
3.189551644027233124e-03
-4.823926091194152832e-02
-7.489241659641265869e-02
-6.424163281917572021e-02
-6.497064232826232910e-02
-5.061949044466018677e-02
-8.058036863803863525e-02
-9.919180721044540405e-02
-1.095634698867797852e-01
-9.314792603254318237e-02
-6.155640631914138794e-02
-3.522542864084243774e-02
3.015381749719381332e-03
3.846287354826927185e-02
6.738217175006866455e-02
8.139304071664810181e-02
9.965495765209197998e-02
1.087783575057983398e-01
1.323519200086593628e-01
1.586219519376754761e-01
1.901864558458328247e-01
2.079335153102874756e-01
2.089596092700958252e-01
1.958687007427215576e-01
1.741443723440170288e-01
1.694435924291610718e-01
1.593144237995147705e-01
1.501856148242950439e-01
1.215857490897178650e-01
9.736658632755279541e-02
6.075089424848556519e-02
2.350278571248054504e-02
-5.108909681439399719e-05
-3.281676024198532104e-02
-5.341715738177299500e-02
-8.283005654811859131e-02
-1.038999259471893311e-01
-1.209427192807197571e-01
-1.299567967653274536e-01
-1.415386348962783813e-01
-1.559937894344329834e-01
-1.696472316980361938e-01
-1.609475165605545044e-01
-1.569838076829910278e-01
-1.655898988246917725e-01
-1.771154701709747314e-01
-1.956823766231536865e-01
-2.000217735767364502e-01
-2.098993510007858276e-01
-2.214522659778594971e-01
-2.298107147216796875e-01
-2.352477312088012695e-01
-2.343138456344604492e-01
-2.521353065967559814e-01
-2.819714844226837158e-01
-2.131577283143997192e-01
-6.473340094089508057e-02
5.131855607032775879e-02
2.403079345822334290e-02
-4.795603454113006592e-02
-3.786109015345573425e-02
2.734815515577793121e-02
1.017725989222526550e-01
1.755909025669097900e-01
2.323789000511169434e-01
2.298721373081207275e-01
1.943110525608062744e-01
1.693452000617980957e-01
1.845993697643280029e-01
1.846311986446380615e-01
1.704963594675064087e-01
1.463939398527145386e-01
1.427315175533294678e-01
1.374592036008834839e-01
1.085202246904373169e-01
4.507027566432952881e-02
-1.783347129821777344e-02
-4.721368104219436646e-02
-5.922803282737731934e-02
-4.775641858577728271e-02
-5.599486082792282104e-02
-6.002649664878845215e-02
-8.574076741933822632e-02
-1.100414544343948364e-01
-1.040590777993202209e-01
-7.134497910737991333e-02
-3.440932929515838623e-02
-7.797845639288425446e-03
1.539925485849380493e-02
4.445341229438781738e-02
6.508789211511611938e-02
7.801756262779235840e-02
9.769039601087570190e-02
1.172411739826202393e-01
1.524497568607330322e-01
1.777867078781127930e-01
1.964249759912490845e-01
2.040223181247711182e-01
2.021088749170303345e-01
1.792936027050018311e-01
1.643116176128387451e-01
1.716625690460205078e-01
1.758192777633666992e-01
1.630505621433258057e-01
1.278265714645385742e-01
9.561014175415039062e-02
5.197912454605102539e-02
1.535943336784839630e-02
-1.453234581276774406e-03
-2.057601138949394226e-02
-3.936076164245605469e-02
-6.954640150070190430e-02
-9.993983060121536255e-02
-1.255645155906677246e-01
-1.431104987859725952e-01
-1.520128548145294189e-01
-1.556560695171356201e-01
-1.508163809776306152e-01
-1.438020169734954834e-01
-1.448929905891418457e-01
-1.589348018169403076e-01
-1.728260815143585205e-01
-1.955295205116271973e-01
-2.003545761108398438e-01
-1.982943713665008545e-01
-1.942601501941680908e-01
-2.087627202272415161e-01
-2.224204987287521362e-01
-2.285428196191787720e-01
-2.457363009452819824e-01
-2.734217643737792969e-01
-2.794705033302307129e-01
-1.753419637680053711e-01
-2.609522081911563873e-02
5.960409715771675110e-02
5.178160965442657471e-03
-6.040593236684799194e-02
-3.981107100844383240e-02
3.758675977587699890e-02
1.301820874214172363e-01
2.022905945777893066e-01
2.383781373500823975e-01
2.072643935680389404e-01
1.664612293243408203e-01
1.507399827241897583e-01
1.618131250143051147e-01
1.756505072116851807e-01
1.820566356182098389e-01
1.616346240043640137e-01
1.435473561286926270e-01
1.253572255373001099e-01
8.110471069812774658e-02
5.876633338630199432e-03
-3.638545796275138855e-02
-2.535720914602279663e-02
-2.118612453341484070e-02
-2.125109732151031494e-02
-4.340127855539321899e-02
-6.534324586391448975e-02
-1.002715453505516052e-01
-1.090640053153038025e-01
-8.770310133695602417e-02
-5.336778610944747925e-02
-1.260706968605518341e-02
6.620769854635000229e-03
1.680507697165012360e-02
3.480340540409088135e-02
6.589685380458831787e-02
8.672692626714706421e-02
1.032501459121704102e-01
1.287582516670227051e-01
1.716078072786331177e-01
1.986449360847473145e-01
2.030056864023208618e-01
1.895503848791122437e-01
1.797427982091903687e-01
1.712832003831863403e-01
1.689917743206024170e-01
1.775590181350708008e-01
1.760232597589492798e-01
1.545478552579879761e-01
1.078280657529830933e-01
6.870085000991821289e-02
3.573609143495559692e-02
2.053504996001720428e-02
6.261672824621200562e-03
-2.588147111237049103e-02
-5.378431081771850586e-02
-8.086089044809341431e-02
-1.068697720766067505e-01
-1.372391283512115479e-01
-1.461186259984970093e-01
-1.432937085628509521e-01
-1.442652493715286255e-01
-1.352746635675430298e-01
-1.338898539543151855e-01
-1.442358344793319702e-01
-1.607791781425476074e-01
-1.694269627332687378e-01
-1.806695461273193359e-01
-1.888167411088943481e-01
-1.816840767860412598e-01
-1.730473637580871582e-01
-1.963155567646026611e-01
-2.164933532476425171e-01
-2.391367256641387939e-01
-2.501741051673889160e-01
-2.801054716110229492e-01
-2.894709110260009766e-01
-1.818446964025497437e-01
-3.045688383281230927e-02
4.971022903919219971e-02
-2.167501673102378845e-02
-7.903966307640075684e-02
-4.934539645910263062e-02
3.564162552356719971e-02
1.239260062575340271e-01
2.001887559890747070e-01
2.272080928087234497e-01
2.056688070297241211e-01
1.695409715175628662e-01
1.453334093093872070e-01
1.583165079355239868e-01
1.755014508962631226e-01
1.961382627487182617e-01
1.733483821153640747e-01
1.645307540893554688e-01
1.384184062480926514e-01
8.621963113546371460e-02
1.615188643336296082e-02
-2.186024188995361328e-02
-1.870622858405113220e-02
-1.136260293424129486e-02
-9.519818238914012909e-03
-3.527645766735076904e-02
-6.187623366713523865e-02
-9.758831560611724854e-02
-1.112733334302902222e-01
-9.549451619386672974e-02
-5.171348527073860168e-02
-1.608786173164844513e-02
3.372672945261001587e-03
1.395372487604618073e-02
2.667011879384517670e-02
3.796319663524627686e-02
5.810866504907608032e-02
8.955232799053192139e-02
1.206920892000198364e-01
1.649322509765625000e-01
1.891312003135681152e-01
1.922612190246582031e-01
1.781683862209320068e-01
1.667341291904449463e-01
1.670426130294799805e-01
1.739045083522796631e-01
1.911980062723159790e-01
1.853813827037811279e-01
1.565040647983551025e-01
1.176727265119552612e-01
7.767675071954727173e-02
4.900721460580825806e-02
3.188814967870712280e-02
2.418478764593601227e-02
1.774346921592950821e-03
-3.371235355734825134e-02
-6.854610145092010498e-02
-1.108174920082092285e-01
-1.341626942157745361e-01
-1.429556161165237427e-01
-1.399629116058349609e-01
-1.319905519485473633e-01
-1.287961602210998535e-01
-1.205092370510101318e-01
-1.445024311542510986e-01
-1.710207462310791016e-01
-1.764181256294250488e-01
-1.681845933198928833e-01
-1.573084145784378052e-01
-1.659611463546752930e-01
-1.752267926931381226e-01
-1.834103465080261230e-01
-2.092976868152618408e-01
-2.277157157659530640e-01
-2.493755221366882324e-01
-2.613830566406250000e-01
-2.731948196887969971e-01
-2.656226158142089844e-01
-1.576557010412216187e-01
-1.784512959420681000e-02
4.292270541191101074e-02
-3.267516940832138062e-02
-9.609076380729675293e-02
-4.162767529487609863e-02
6.447289884090423584e-02
1.566214114427566528e-01
2.079458236694335938e-01
2.208684384822845459e-01
1.900940984487533569e-01
1.508702933788299561e-01
1.384438574314117432e-01
1.635299324989318848e-01
2.005113065242767334e-01
2.106591463088989258e-01
1.776350140571594238e-01
1.514932513236999512e-01
1.264973431825637817e-01
6.709553301334381104e-02
5.720849148929119110e-04
-1.779155619442462921e-02
1.141301356256008148e-02
2.051237225532531738e-02
4.967812448740005493e-03
-3.431005030870437622e-02
-6.877365708351135254e-02
-8.760207146406173706e-02
-9.124825894832611084e-02
-7.187178730964660645e-02
-4.139397293329238892e-02
-4.373460076749324799e-03
5.679200403392314911e-04
4.123891703784465790e-03
1.617543399333953857e-02
2.797472663223743439e-02
4.164637252688407898e-02
7.138571143150329590e-02
1.211401820182800293e-01
1.654705703258514404e-01
1.869887113571166992e-01
1.825694143772125244e-01
1.648470163345336914e-01
1.556144952774047852e-01
1.724320799112319946e-01
1.849010139703750610e-01
1.989921927452087402e-01
1.902386695146560669e-01
1.603260040283203125e-01
1.154566854238510132e-01
7.832401990890502930e-02
5.879225581884384155e-02
3.860536962747573853e-02
1.611773669719696045e-02
-1.236495748162269592e-02
-4.362347722053527832e-02
-7.335955649614334106e-02
-1.058896034955978394e-01
-1.355437040328979492e-01
-1.502660214900970459e-01
-1.489923298358917236e-01
-1.349169164896011353e-01
-1.252451092004776001e-01
-1.152840852737426758e-01
-1.445503383874893188e-01
-1.740516722202301025e-01
-1.833146810531616211e-01
-1.628806293010711670e-01
-1.436420828104019165e-01
-1.517056226730346680e-01
-1.694025397300720215e-01
-1.827521026134490967e-01
-2.042641341686248779e-01
-2.245966792106628418e-01
-2.419768124818801880e-01
-2.467367351055145264e-01
-2.592260539531707764e-01
-2.874364852905273438e-01
-1.907611191272735596e-01
-3.953327611088752747e-02
4.206480085849761963e-02
-2.865584753453731537e-02
-9.902229905128479004e-02
-4.866600036621093750e-02
4.690413549542427063e-02
1.312549710273742676e-01
1.941608935594558716e-01
2.187361717224121094e-01
1.989654153585433960e-01
1.650033891201019287e-01
1.449459493160247803e-01
1.660003215074539185e-01
1.799981892108917236e-01
1.941922605037689209e-01
1.692038774490356445e-01
1.559610962867736816e-01
1.394879221916198730e-01
8.196576684713363647e-02
8.052166551351547241e-03
-1.427877321839332581e-02
1.629990153014659882e-02
2.091348171234130859e-02
7.106287870556116104e-03
-2.493994869291782379e-02
-5.305395647883415222e-02
-8.473151922225952148e-02
-9.094357490539550781e-02
-6.621702015399932861e-02
-3.614806756377220154e-02
-1.400243211537599564e-02
-6.021499168127775192e-03
7.016423624008893967e-04
2.080594561994075775e-02
2.541490830481052399e-02
2.585580199956893921e-02
5.422172695398330688e-02
9.805896133184432983e-02
1.462862193584442139e-01
1.636037677526473999e-01
1.602130234241485596e-01
1.527217626571655273e-01
1.558791846036911011e-01
1.711274236440658569e-01
1.834179461002349854e-01
1.951106637716293335e-01
1.899945586919784546e-01
1.602362096309661865e-01
1.195893660187721252e-01
9.104584157466888428e-02
6.715718656778335571e-02
4.799126833677291870e-02
3.306595981121063232e-02
6.137177348136901855e-03
-2.677211351692676544e-02
-6.432747095823287964e-02
-1.012214794754981995e-01
-1.222456842660903931e-01
-1.348636746406555176e-01
-1.345932036638259888e-01
-1.308134645223617554e-01
-1.266997903585433960e-01
-1.311139464378356934e-01
-1.485673487186431885e-01
-1.619976460933685303e-01
-1.591309905052185059e-01
-1.449556499719619751e-01
-1.344842761754989624e-01
-1.384314000606536865e-01
-1.653057783842086792e-01
-1.791359186172485352e-01
-1.854114532470703125e-01
-1.955690830945968628e-01
-2.162728905677795410e-01
-2.407267689704895020e-01
-2.497871071100234985e-01
-2.600150704383850098e-01
-2.759651839733123779e-01
-2.027346938848495483e-01
-7.419870048761367798e-02
6.199621129781007767e-03
-2.919687889516353607e-02
-8.503471314907073975e-02
-4.037077352404594421e-02
2.809959277510643005e-02
1.109748706221580505e-01
1.779423505067825317e-01
2.048001885414123535e-01
1.889452636241912842e-01
1.633646786212921143e-01
1.552751213312149048e-01
1.637429594993591309e-01
1.749339997768402100e-01
1.942528784275054932e-01
1.831523180007934570e-01
1.709604412317276001e-01
1.573843806982040405e-01
9.390357136726379395e-02
2.339084446430206299e-02
-1.807800959795713425e-03
3.443386778235435486e-02
3.985118493437767029e-02
2.760307863354682922e-02
-7.734314538538455963e-03
-4.690222442150115967e-02
-7.759480178356170654e-02
-8.320933580398559570e-02
-5.609115585684776306e-02
-3.652485087513923645e-02
-1.140763424336910248e-02
-5.847921594977378845e-03
-4.891891963779926300e-03
6.335003301501274109e-03
1.128548756241798401e-02
1.625568419694900513e-02
4.663628339767456055e-02
8.520223200321197510e-02
1.254733204841613770e-01
1.462945789098739624e-01
1.529816240072250366e-01
1.444017291069030762e-01
1.353484243154525757e-01
1.581180095672607422e-01
1.788945645093917847e-01
1.994391977787017822e-01
1.962962299585342407e-01
1.659227311611175537e-01
1.300264596939086914e-01
1.033648103475570679e-01
8.503334224224090576e-02
6.170152127742767334e-02
5.315877124667167664e-02
2.786388061940670013e-02
-1.199298352003097534e-02
-5.324838310480117798e-02
-8.579055964946746826e-02
-1.071248427033424377e-01
-1.292781233787536621e-01
-1.280588209629058838e-01
-1.297906041145324707e-01
-1.202791184186935425e-01
-1.247728466987609863e-01
-1.454518735408782959e-01
-1.608875393867492676e-01
-1.655395925045013428e-01
-1.536282449960708618e-01
-1.379566639661788940e-01
-1.316347122192382812e-01
-1.481666564941406250e-01
-1.735313981771469116e-01
-1.845173537731170654e-01
-1.817237734794616699e-01
-2.005262821912765503e-01
-2.118956446647644043e-01
-2.386949956417083740e-01
-2.420016229152679443e-01
-2.572166919708251953e-01
-2.577446699142456055e-01
-1.731831729412078857e-01
-5.333161354064941406e-02
2.063854597508907318e-02
-2.857039123773574829e-02
-5.793415382504463196e-02
-1.504570711404085159e-02
5.286978557705879211e-02
1.212255135178565979e-01
1.821847856044769287e-01
2.152735888957977295e-01
2.026456296443939209e-01
1.632136404514312744e-01
1.462946534156799316e-01
1.561161577701568604e-01
1.746357232332229614e-01
1.844388842582702637e-01
1.627777814865112305e-01
1.581919342279434204e-01
1.390579640865325928e-01
8.915967494249343872e-02
3.636494278907775879e-02
2.243389375507831573e-02
3.797188401222229004e-02
3.209361433982849121e-02
2.153000980615615845e-02
-9.979410097002983093e-04
-3.000861406326293945e-02
-6.581194698810577393e-02
-7.303034514188766479e-02
-4.949741065502166748e-02
-2.242367155849933624e-02
-5.256732925772666931e-03
-1.008605863898992538e-02
-1.751612173393368721e-03
9.403483942151069641e-03
1.300287712365388870e-02
2.160500362515449524e-02
5.525046586990356445e-02
9.510095417499542236e-02
1.284666806459426880e-01
1.413286030292510986e-01
1.488578468561172485e-01
1.486966907978057861e-01
1.485469490289688110e-01
1.597994714975357056e-01
1.719281375408172607e-01
2.006749212741851807e-01
1.990078985691070557e-01
1.691941171884536743e-01
1.327000707387924194e-01
1.044481843709945679e-01
7.986435294151306152e-02
6.498007476329803467e-02
5.569479614496231079e-02
2.308911643922328949e-02
-1.681382209062576294e-02
-5.434812605381011963e-02
-8.823110163211822510e-02
-1.187265366315841675e-01
-1.263246387243270874e-01
-1.249371320009231567e-01
-1.222447007894515991e-01
-1.215152591466903687e-01
-1.256127059459686279e-01
-1.537213623523712158e-01
-1.700257509946823120e-01
-1.650466322898864746e-01
-1.581519246101379395e-01
-1.333241313695907593e-01
-1.366506218910217285e-01
-1.439263373613357544e-01
-1.678155064582824707e-01
-1.807392686605453491e-01
-1.807806938886642456e-01
-1.872064173221588135e-01
-1.989794075489044189e-01
-2.177802920341491699e-01
-2.326548099517822266e-01
-2.323391139507293701e-01
-2.564241290092468262e-01
-2.452144473791122437e-01
-1.398542821407318115e-01
-2.510702610015869141e-02
3.440147265791893005e-02
-5.238055717200040817e-03
-2.117495238780975342e-02
5.516746896319091320e-04
5.464617535471916199e-02
1.253275722265243530e-01
1.821236610412597656e-01
2.125684767961502075e-01
2.077921926975250244e-01
1.774029135704040527e-01
1.536615788936614990e-01
1.543460935354232788e-01
1.671669781208038330e-01
1.730066984891891479e-01
1.507876515388488770e-01
1.565188616514205933e-01
1.422652453184127808e-01
1.028025150299072266e-01
4.423366487026214600e-02
2.078913897275924683e-02
1.793568208813667297e-02
1.163931190967559814e-02
1.596900075674057007e-02
8.751944638788700104e-03
-1.017276570200920105e-02
-5.039069429039955139e-02
-7.092266529798507690e-02
-6.544588506221771240e-02
-3.570198267698287964e-02
-1.570018567144870758e-02
-5.267436616122722626e-03
-1.004300080239772797e-03
1.123781129717826843e-02
1.465262845158576965e-02
2.363633364439010620e-02
5.081824958324432373e-02
7.840245962142944336e-02
1.146890670061111450e-01
1.326982229948043823e-01
1.496760249137878418e-01
1.515878438949584961e-01
1.508350819349288940e-01
1.524292230606079102e-01
1.634943187236785889e-01
1.762954592704772949e-01
1.756236255168914795e-01
1.609925031661987305e-01
1.338942795991897583e-01
1.023981645703315735e-01
6.513226032257080078e-02
4.803817346692085266e-02
3.122685290873050690e-02
1.069182530045509338e-02
-1.942135766148567200e-02
-5.588957667350769043e-02
-9.006000310182571411e-02
-1.181112378835678101e-01
-1.290676295757293701e-01
-1.303590834140777588e-01
-1.272086948156356812e-01
-1.294192373752593994e-01
-1.355888843536376953e-01
-1.476819217205047607e-01
-1.533398479223251343e-01
-1.526996344327926636e-01
-1.594232022762298584e-01
-1.505565792322158813e-01
-1.365591734647750854e-01
-1.326968669891357422e-01
-1.527924537658691406e-01
-1.696521341800689697e-01
-1.713047325611114502e-01
-1.752142161130905151e-01
-1.905282139778137207e-01
-2.041819691658020020e-01
-2.147425264120101929e-01
-2.204062640666961670e-01
-2.250095009803771973e-01
-2.455059587955474854e-01
-1.859919726848602295e-01
-7.325571030378341675e-02
2.315122261643409729e-02
3.119464218616485596e-02
4.541761241853237152e-03
1.424067094922065735e-02
3.829930350184440613e-02
8.575978130102157593e-02
1.437736749649047852e-01
1.926210671663284302e-01
2.134439051151275635e-01
2.016375660896301270e-01
1.660169512033462524e-01
1.610867083072662354e-01
1.589819937944412231e-01
1.589995622634887695e-01
1.458534300327301025e-01
1.442949175834655762e-01
1.522893607616424561e-01
1.263427138328552246e-01
8.549367636442184448e-02
3.758076578378677368e-02
1.572531834244728088e-02
1.344056217931210995e-03
-2.474482171237468719e-03
2.321341540664434433e-03
8.843293413519859314e-03
-1.590272784233093262e-02
-5.267141759395599365e-02
-5.863601714372634888e-02
-5.210613459348678589e-02
-3.391896560788154602e-02
-2.290298044681549072e-02
-6.990520283579826355e-03
8.215142413973808289e-03
2.412058599293231964e-02
3.847725689411163330e-02
4.855028539896011353e-02
5.872797966003417969e-02
8.568912744522094727e-02
1.104977950453758240e-01
1.346603184938430786e-01
1.587436199188232422e-01
1.615094542503356934e-01
1.622874587774276733e-01
1.532986164093017578e-01
1.619878858327865601e-01
1.667183041572570801e-01
1.557108908891677856e-01
1.442753672599792480e-01
1.206241995096206665e-01
8.675037324428558350e-02
5.165552720427513123e-02
3.047128766775131226e-02
1.284506730735301971e-02
-1.573298498988151550e-02
-4.723660275340080261e-02
-7.741083949804306030e-02
-1.034970581531524658e-01
-1.190007179975509644e-01
-1.265180855989456177e-01
-1.401984691619873047e-01
-1.465257406234741211e-01
-1.422594487667083740e-01
-1.399447023868560791e-01
-1.410241425037384033e-01
-1.464942991733551025e-01
-1.475832462310791016e-01
-1.456367373466491699e-01
-1.416442990303039551e-01
-1.370988190174102783e-01
-1.413713842630386353e-01
-1.522620320320129395e-01
-1.535422503948211670e-01
-1.588866859674453735e-01
-1.651387810707092285e-01
-1.790861487388610840e-01
-1.882221400737762451e-01
-1.930528432130813599e-01
-2.058408260345458984e-01
-2.062481939792633057e-01
-2.195460498332977295e-01
-1.978504657745361328e-01
-1.059248894453048706e-01
1.361368782818317413e-02
7.194140553474426270e-02
4.712340980768203735e-02
2.335383184254169464e-02
2.900010161101818085e-02
6.597365438938140869e-02
1.295589208602905273e-01
1.831726580858230591e-01
2.068030238151550293e-01
2.078918516635894775e-01
1.945217102766036987e-01
1.835880875587463379e-01
1.637716442346572876e-01
1.541518270969390869e-01
1.381813287734985352e-01
1.244835853576660156e-01
1.394493281841278076e-01
1.401643455028533936e-01
1.201008260250091553e-01
6.954371929168701172e-02
2.871026098728179932e-02
-1.395444385707378387e-03
-2.562905102968215942e-02
-2.171481028199195862e-02
-7.345931604504585266e-03
-1.046236231923103333e-02
-3.214930742979049683e-02
-4.957910254597663879e-02
-4.942379519343376160e-02
-4.251580685377120972e-02
-3.725591301918029785e-02
-2.864573150873184204e-02
-2.173316106200218201e-02
7.597796153277158737e-03
4.285292327404022217e-02
6.687616556882858276e-02
7.553805410861968994e-02
8.247409760951995850e-02
9.371179342269897461e-02
1.099224835634231567e-01
1.397383213043212891e-01
1.690772175788879395e-01
1.798135489225387573e-01
1.694673597812652588e-01
1.672562360763549805e-01
1.694052517414093018e-01
1.632189601659774780e-01
1.439908146858215332e-01
1.210543364286422729e-01
9.624245762825012207e-02
6.519107520580291748e-02
4.257191345095634460e-02
2.037182077765464783e-02
-1.126463897526264191e-02
-4.604037851095199585e-02
-7.654608786106109619e-02
-1.016996130347251892e-01
-1.157244816422462463e-01
-1.245159655809402466e-01
-1.315604299306869507e-01
-1.482787877321243286e-01
-1.537670046091079712e-01
-1.551214456558227539e-01
-1.542177945375442505e-01
-1.458674371242523193e-01
-1.447075605392456055e-01
-1.383905410766601562e-01
-1.401080936193466187e-01
-1.350572705268859863e-01
-1.327244639396667480e-01
-1.336724609136581421e-01
-1.409518718719482422e-01
-1.466107666492462158e-01
-1.484624743461608887e-01
-1.501696854829788208e-01
-1.602078527212142944e-01
-1.632291078567504883e-01
-1.678341627120971680e-01
-1.771867871284484863e-01
-1.854572892189025879e-01
-2.080187648534774780e-01
-1.967860609292984009e-01
-1.197341233491897583e-01
-4.231426864862442017e-04
6.422664225101470947e-02
6.588382273912429810e-02
5.251331999897956848e-02
4.600618779659271240e-02
5.780333653092384338e-02
1.002750545740127563e-01
1.516203582286834717e-01
1.785607933998107910e-01
1.923723667860031128e-01
1.985697448253631592e-01
1.978600025177001953e-01
1.911718696355819702e-01
1.785787194967269897e-01
1.484383642673492432e-01
1.157297268509864807e-01
1.181051135063171387e-01
1.343645304441452026e-01
1.352492868900299072e-01
1.163605079054832458e-01
8.614265173673629761e-02
3.860835358500480652e-02
-1.207804679870605469e-02
-3.521282225847244263e-02
-3.350610658526420593e-02
-2.896222099661827087e-02
-3.088408708572387695e-02
-3.494939580559730530e-02
-3.733176365494728088e-02
-3.133939951658248901e-02
-3.395326435565948486e-02
-3.823650255799293518e-02
-4.053122550249099731e-02
-2.147073857486248016e-02
8.922228589653968811e-03
4.358048737049102783e-02
7.373404502868652344e-02
8.601967990398406982e-02
9.528544545173645020e-02
1.007857024669647217e-01
1.106086596846580505e-01
1.325125843286514282e-01
1.570471972227096558e-01
1.671934276819229126e-01
1.638837307691574097e-01
1.670197248458862305e-01
1.656554341316223145e-01
1.468752324581146240e-01
1.185738071799278259e-01
8.351981639862060547e-02
5.240683257579803467e-02
2.996608801186084747e-02
1.888282597064971924e-02
1.594944857060909271e-03
-2.413243055343627930e-02
-5.815896391868591309e-02
-9.726689755916595459e-02
-1.277424395084381104e-01
-1.441770493984222412e-01
-1.510137021541595459e-01
-1.520372778177261353e-01
-1.543925851583480835e-01
-1.513087600469589233e-01
-1.473604440689086914e-01
-1.473872959613800049e-01
-1.463485509157180786e-01
-1.499952226877212524e-01
-1.490744501352310181e-01
-1.490665972232818604e-01
-1.373985111713409424e-01
-1.193108111619949341e-01
-1.132570952177047729e-01
-1.152190268039703369e-01
-1.280756443738937378e-01
-1.382435709238052368e-01
-1.408298611640930176e-01
-1.353693902492523193e-01
-1.355869024991989136e-01
-1.421629935503005981e-01
-1.487583518028259277e-01
-1.538229733705520630e-01
-1.651764363050460815e-01
-1.678201258182525635e-01
-1.180786341428756714e-01
-3.035571798682212830e-02
4.529074952006340027e-02
7.322803884744644165e-02
7.311119139194488525e-02
6.731280684471130371e-02
6.235112994909286499e-02
7.523471117019653320e-02
1.094712466001510620e-01
1.378108263015747070e-01
1.653935462236404419e-01
1.860382258892059326e-01
1.981020569801330566e-01
2.015311419963836670e-01
1.910761296749114990e-01
1.698692739009857178e-01
1.290926486253738403e-01
1.044267117977142334e-01
1.111927255988121033e-01
1.231761425733566284e-01
1.258837282657623291e-01
1.108216345310211182e-01
8.701930195093154907e-02
4.656274616718292236e-02
4.084380343556404114e-04
-2.620375901460647583e-02
-4.271682724356651306e-02
-4.725863784551620483e-02
-4.651930183172225952e-02
-3.770959377288818359e-02
-2.936063520610332489e-02
-2.146298065781593323e-02
-2.127654477953910828e-02
-3.106705285608768463e-02
-3.441978991031646729e-02
-2.281256765127182007e-02
-5.091756582260131836e-03
2.328430861234664917e-02
5.529611557722091675e-02
8.452655375003814697e-02
1.022441834211349487e-01
1.092167720198631287e-01
1.139404475688934326e-01
1.159238517284393311e-01
1.245563402771949768e-01
1.268847584724426270e-01
1.355935335159301758e-01
1.454001069068908691e-01
1.444711238145828247e-01
1.291744560003280640e-01
1.025530546903610229e-01
6.892462819814682007e-02
3.448023647069931030e-02
6.003587041050195694e-03
-1.568725705146789551e-02
-3.461228311061859131e-02
-4.916784539818763733e-02
-7.074139267206192017e-02
-9.409876167774200439e-02
-1.149598360061645508e-01
-1.354735493659973145e-01
-1.558702588081359863e-01
-1.671054810285568237e-01
-1.650625765323638916e-01
-1.607948839664459229e-01
-1.499520540237426758e-01
-1.406070888042449951e-01
-1.355582326650619507e-01
-1.372767388820648193e-01
-1.411021947860717773e-01
-1.416592001914978027e-01
-1.375918388366699219e-01
-1.303999125957489014e-01
-1.195820495486259460e-01
-1.128034517168998718e-01
-1.079096794128417969e-01
-1.086144372820854187e-01
-1.075383871793746948e-01
-1.071227937936782837e-01
-1.145192086696624756e-01
-1.240372434258460999e-01
-1.376941502094268799e-01
-1.458497047424316406e-01
-1.474619507789611816e-01
-1.314282119274139404e-01
-7.576332986354827881e-02
9.671738371253013611e-04
6.185602396726608276e-02
8.045037835836410522e-02
7.678823173046112061e-02
7.009579986333847046e-02
6.458349525928497314e-02
7.298627495765686035e-02
9.012521803379058838e-02
1.156738847494125366e-01
1.432892084121704102e-01
1.679630428552627563e-01
1.884371489286422729e-01
2.073415219783782959e-01
2.080155611038208008e-01
1.798421740531921387e-01
1.337636113166809082e-01
1.045154407620429993e-01
9.584776312112808228e-02
1.006861776113510132e-01
1.081028580665588379e-01
1.084571853280067444e-01
9.985787421464920044e-02
7.360155135393142700e-02
4.037964716553688049e-02
8.751574903726577759e-03
-1.939386874437332153e-02
-4.745486006140708923e-02
-6.703431904315948486e-02
-7.303985208272933960e-02
-6.073766201734542847e-02
-3.718398511409759521e-02
-1.373326033353805542e-02
-5.782598629593849182e-03
-7.142808288335800171e-03
-8.689133450388908386e-03
-1.226471923291683197e-02
-8.273756131529808044e-03
8.150234818458557129e-03
3.262957930564880371e-02
5.724804475903511047e-02
8.149398863315582275e-02
1.065684482455253601e-01
1.277415156364440918e-01
1.365969181060791016e-01
1.343938410282135010e-01
1.227274462580680847e-01
1.112809032201766968e-01
9.908206760883331299e-02
8.900397270917892456e-02
7.880991697311401367e-02
6.248576194047927856e-02
4.759112000465393066e-02
3.046202100813388824e-02
1.091816276311874390e-02
-1.539384294301271439e-02
-4.395190253853797913e-02
-7.540231198072433472e-02
-1.047176420688629150e-01
-1.255055814981460571e-01
-1.370447278022766113e-01
-1.407230049371719360e-01
-1.384928226470947266e-01
-1.364025920629501343e-01
-1.384924650192260742e-01
-1.392321884632110596e-01
-1.400764584541320801e-01
-1.400802731513977051e-01
-1.421487629413604736e-01
-1.394340544939041138e-01
-1.325008273124694824e-01
-1.217306926846504211e-01
-1.107453480362892151e-01
-1.010471582412719727e-01
-9.364467114210128784e-02
-9.231212735176086426e-02
-9.382933378219604492e-02
-9.866473078727722168e-02
-9.878610819578170776e-02
-9.691770374774932861e-02
-9.485756605863571167e-02
-9.662348031997680664e-02
-9.971632063388824463e-02
-9.971286356449127197e-02
-1.000060662627220154e-01
-8.112609386444091797e-02
-3.974585235118865967e-02
1.311169005930423737e-02
4.955168813467025757e-02
6.369346380233764648e-02
6.761571764945983887e-02
7.131420820951461792e-02
7.594004273414611816e-02
7.760058343410491943e-02
8.083306998014450073e-02
9.071138501167297363e-02
1.054473072290420532e-01
1.213517263531684875e-01
1.453485488891601562e-01
1.684961318969726562e-01
1.850390434265136719e-01
1.752910912036895752e-01
1.505400538444519043e-01
1.241651624441146851e-01
1.084409505128860474e-01
1.003778651356697083e-01
9.127787500619888306e-02
8.666334301233291626e-02
8.055268228054046631e-02
7.240643352270126343e-02
6.049994379281997681e-02
4.656669497489929199e-02
3.216297924518585205e-02
1.285839453339576721e-02
-1.439053751528263092e-02
-3.993372991681098938e-02
-5.132615938782691956e-02
-4.319836199283599854e-02
-3.083486109972000122e-02
-2.047727443277835846e-02
-1.165430247783660889e-02
-3.398059634491801262e-03
1.089620287530124187e-03
3.325795289129018784e-03
9.034797549247741699e-03
1.825460046529769897e-02
2.456675842404365540e-02
3.021050244569778442e-02
4.008901119232177734e-02
5.785145610570907593e-02
7.988628745079040527e-02
9.749351441860198975e-02
1.034282594919204712e-01
9.600892663002014160e-02
8.288379013538360596e-02
6.353332102298736572e-02
4.434246197342872620e-02
2.807183004915714264e-02
1.945454999804496765e-02
8.695135824382305145e-03
-7.745677605271339417e-03
-2.224170416593551636e-02
-3.134857118129730225e-02
-4.083010926842689514e-02
-6.080438941717147827e-02
-8.259715139865875244e-02
-1.016509979963302612e-01
-1.142160147428512573e-01
-1.192917823791503906e-01
-1.161423474550247192e-01
-1.104480400681495667e-01
-1.026689633727073669e-01
-9.373606741428375244e-02
-8.849963545799255371e-02
-8.802080154418945312e-02
-8.703384548425674438e-02
-8.589380979537963867e-02
-8.786185085773468018e-02
-8.721794188022613525e-02
-8.150281012058258057e-02
-7.090489566326141357e-02
-6.176959723234176636e-02
-5.482001602649688721e-02
-5.082082748413085938e-02
-4.897755756974220276e-02
-4.606038331985473633e-02
-4.525951668620109558e-02
-4.704742133617401123e-02
-5.256267264485359192e-02
-5.689824372529983521e-02
-5.981126427650451660e-02
-6.285785138607025146e-02
-5.491415411233901978e-02
-3.321325033903121948e-02
-5.300642922520637512e-03
1.285932771861553192e-02
2.311584912240505219e-02
2.507629618048667908e-02
2.379664592444896698e-02
2.086869254708290100e-02
1.898072287440299988e-02
1.645852252840995789e-02
1.722968555986881256e-02
2.363749593496322632e-02
3.379473835229873657e-02
5.091501772403717041e-02
7.450850307941436768e-02
9.856377542018890381e-02
1.082081496715545654e-01
1.074149161577224731e-01
9.978947043418884277e-02
9.604538977146148682e-02
9.095642715692520142e-02
8.928914368152618408e-02
8.709750324487686157e-02
8.491490781307220459e-02
8.232191205024719238e-02
8.096412569284439087e-02
8.245718479156494141e-02
8.155155926942825317e-02
7.750148326158523560e-02
6.368583440780639648e-02
4.530418291687965393e-02
2.841121703386306763e-02
1.949858292937278748e-02
1.413816399872303009e-02
1.068531256169080734e-02
7.430925033986568451e-03
5.724139511585235596e-03
3.956135362386703491e-03
4.362545907497406006e-03
7.592978421598672867e-03
1.042369939386844635e-02
1.133118197321891785e-02
9.051073342561721802e-03
7.806445471942424774e-03
8.131377398967742920e-03
1.206987537443637848e-02
1.710263267159461975e-02
1.909286156296730042e-02
2.011855877935886383e-02
2.110129408538341522e-02
1.980774849653244019e-02
1.423204690217971802e-02
9.126232005655765533e-03
2.233544830232858658e-03
-7.010418456047773361e-03
-1.684129238128662109e-02
-2.393984235823154449e-02
-2.925845980644226074e-02
-3.330438956618309021e-02
-3.419595211744308472e-02
-3.635009378194808960e-02
-3.989947214722633362e-02
-4.280211031436920166e-02
-4.266817495226860046e-02
-4.163473099470138550e-02
-4.123368859291076660e-02
-4.238471016287803650e-02
-4.323045164346694946e-02
-4.494106024503707886e-02
-4.508391767740249634e-02
-4.194929823279380798e-02
-3.834518417716026306e-02
-3.580851852893829346e-02
-3.414083644747734070e-02
-3.190764039754867554e-02
-3.093600273132324219e-02
-3.275673091411590576e-02
-3.478679805994033813e-02
-3.761935979127883911e-02
-3.954553976655006409e-02
-3.885047137737274170e-02
-3.703496232628822327e-02
-3.632613271474838257e-02
-3.649595752358436584e-02
-3.540785610675811768e-02
-3.655940294265747070e-02
-4.243686422705650330e-02
-5.000871047377586365e-02
-5.364211276173591614e-02
-5.392145738005638123e-02
-5.159113556146621704e-02
-4.888003319501876831e-02
-4.474486410617828369e-02
-4.042062535881996155e-02
-3.557186573743820190e-02
-3.155057504773139954e-02
-2.713929675519466400e-02
-2.268422394990921021e-02
-2.139953523874282837e-02
-1.941515691578388214e-02
-1.561549399048089981e-02
-6.722874008119106293e-03
5.593075416982173920e-03
2.110785245895385742e-02
3.531379997730255127e-02
4.590431228280067444e-02
5.579982697963714600e-02
6.387728452682495117e-02
6.942442804574966431e-02
7.274724543094635010e-02
7.365525513887405396e-02
7.112346589565277100e-02
6.774000823497772217e-02
6.485681235790252686e-02
6.443143635988235474e-02
6.533461809158325195e-02
6.444987654685974121e-02
6.041347980499267578e-02
5.445091426372528076e-02
4.980377852916717529e-02
4.433089494705200195e-02
3.997594490647315979e-02
3.574435040354728699e-02
3.136503323912620544e-02
2.819429710507392883e-02
2.704768441617488861e-02
2.871021628379821777e-02
3.261759132146835327e-02
3.817426413297653198e-02
4.029305279254913330e-02
3.905222564935684204e-02
3.639853000640869141e-02
3.521095961332321167e-02
3.329877555370330811e-02
3.061701357364654541e-02
2.648052573204040527e-02
2.270863950252532959e-02
1.986987516283988953e-02
1.768774166703224182e-02
1.820293255150318146e-02
1.787899434566497803e-02
1.554390229284763336e-02
8.901873603463172913e-03
5.295716691762208939e-04
-9.244198910892009735e-03
-1.950597390532493591e-02
-2.972771599888801575e-02
-3.882233053445816040e-02
-4.478464648127555847e-02
-4.658567905426025391e-02
-4.579478502273559570e-02
-4.493591189384460449e-02
-4.369256272912025452e-02
-4.323837906122207642e-02
-4.376961290836334229e-02
-4.573862627148628235e-02
-4.765925556421279907e-02
-4.810115322470664978e-02
-4.811266809701919556e-02
-4.714031890034675598e-02
-4.367659613490104675e-02
-3.965048491954803467e-02
-3.622636944055557251e-02
-3.436466678977012634e-02
-3.405927121639251709e-02
-3.486452996730804443e-02
-3.616229444742202759e-02
-3.720832616090774536e-02
-3.854591026902198792e-02
-3.879188746213912964e-02
-3.765753284096717834e-02
-3.697163239121437073e-02
-3.566925972700119019e-02
-3.297767043113708496e-02
-3.189108148217201233e-02
-3.362027555704116821e-02
-3.609640896320343018e-02
-3.712200745940208435e-02
-3.491956740617752075e-02
-3.184852376580238342e-02
-3.031091950833797455e-02
-3.037060238420963287e-02
-2.977674826979637146e-02
-2.770331688225269318e-02
-2.535280399024486542e-02
-2.336373925209045410e-02
-2.137605845928192139e-02
-1.995878852903842926e-02
-1.805080100893974304e-02
-1.430324092507362366e-02
-8.028967306017875671e-03
1.959107350558042526e-03
1.207561325281858444e-02
2.064466848969459534e-02
2.757855504751205444e-02
3.410922735929489136e-02
3.981142491102218628e-02
4.407742246985435486e-02
4.567896202206611633e-02
4.605460539460182190e-02
4.577600955963134766e-02
4.616028070449829102e-02
4.765014350414276123e-02
4.928814619779586792e-02
5.238464847207069397e-02
5.445132777094841003e-02
5.460555851459503174e-02
5.316734686493873596e-02
5.035125464200973511e-02
4.728249832987785339e-02
4.294958710670471191e-02
3.837813064455986023e-02
3.462197631597518921e-02
3.206324949860572815e-02
3.169170394539833069e-02
3.198418766260147095e-02
3.275862708687782288e-02
3.244999796152114868e-02
3.068079985678195953e-02
2.822325751185417175e-02
2.567829191684722900e-02
2.348518371582031250e-02
2.164774015545845032e-02
2.040010876953601837e-02
1.810821890830993652e-02
1.527884136885404587e-02
1.456691510975360870e-02
1.403789594769477844e-02
1.272820401936769485e-02
9.857038035988807678e-03
6.742235738784074783e-03
2.538796979933977127e-03
-2.016943413764238358e-03
-5.572043824940919876e-03
-9.492330253124237061e-03
-1.301832497119903564e-02
-1.615801826119422913e-02
-1.907996088266372681e-02
-2.138474211096763611e-02
-2.218259871006011963e-02
-2.203723974525928497e-02
-2.263665199279785156e-02
-2.365650422871112823e-02
-2.452939189970493317e-02
-2.571848779916763306e-02
-2.598564885556697845e-02
-2.656600996851921082e-02
-2.646945789456367493e-02
-2.686028927564620972e-02
-2.649417705833911896e-02
-2.608237043023109436e-02
-2.535062842071056366e-02
-2.401713281869888306e-02
-2.288733236491680145e-02
-2.223680913448333740e-02
-2.247541397809982300e-02
-2.335692197084426880e-02
-2.468153089284896851e-02
-2.539114281535148621e-02
-2.593161165714263916e-02
-2.589631639420986176e-02
-2.552256919443607330e-02
-2.488291077315807343e-02
-2.500590495765209198e-02
-2.515905722975730896e-02
-2.572959102690219879e-02
-2.579184621572494507e-02
-2.729952707886695862e-02
-2.764202095568180084e-02
-2.682549692690372467e-02
-2.443119511008262634e-02
-2.177323214709758759e-02
-2.070361003279685974e-02
-1.945787295699119568e-02
-1.767684519290924072e-02
-1.602098532021045685e-02
-1.601043902337551117e-02
-1.767996326088905334e-02
-1.979969814419746399e-02
-2.051099576056003571e-02
-2.094236016273498535e-02
-1.864838227629661560e-02
-1.439992710947990417e-02
-7.372905500233173370e-03
-9.264165419153869152e-04
3.889582119882106781e-03
8.595848456025123596e-03
1.419240981340408325e-02
1.906872168183326721e-02
2.224718779325485229e-02
2.385864965617656708e-02
2.503526955842971802e-02
2.748635411262512207e-02
3.009888529777526855e-02
3.346930071711540222e-02
3.679172694683074951e-02
4.049322381615638733e-02
4.302421957254409790e-02
4.330102354288101196e-02
4.241316393017768860e-02
4.218811541795730591e-02
4.109093919396400452e-02
3.963036462664604187e-02
3.729512169957160950e-02
3.605126589536666870e-02
3.634529560804367065e-02
3.668326139450073242e-02
3.702756389975547791e-02
3.624191507697105408e-02
3.488275036215782166e-02
3.250498324632644653e-02
2.904097922146320343e-02
2.565327659249305725e-02
2.272939123213291168e-02
1.996734179556369781e-02
1.832089200615882874e-02
1.692151650786399841e-02
1.615298539400100708e-02
1.569991558790206909e-02
1.523525081574916840e-02
1.361200213432312012e-02
1.108691282570362091e-02
8.781157433986663818e-03
6.156543269753456116e-03
3.677067114040255547e-03
1.679777051322162151e-03
-1.708941417746245861e-04
-2.350307535380125046e-03
-4.023196175694465637e-03
-4.918782506138086319e-03
-5.803958512842655182e-03
-6.526183336973190308e-03
-7.535314187407493591e-03
-9.423790499567985535e-03
-1.049885712563991547e-02
-1.148306578397750854e-02
-1.219809800386428833e-02
-1.351840514689683914e-02
-1.462803967297077179e-02
-1.508967764675617218e-02
-1.542729791253805161e-02
-1.532430388033390045e-02
-1.625673845410346985e-02
-1.626759953796863556e-02
-1.708726957440376282e-02
-1.802259311079978943e-02
-1.889191381633281708e-02
-1.897520199418067932e-02
-1.856485940515995026e-02
-1.901862956583499908e-02
-1.917346380650997162e-02
-1.988359168171882629e-02
-1.943345367908477783e-02
-1.915187761187553406e-02
-1.994353160262107849e-02
-2.054835669696331024e-02
-2.069132402539253235e-02
-2.177883125841617584e-02
-2.375614270567893982e-02
-2.580193988978862762e-02
-2.710575796663761139e-02
-2.786704897880554199e-02
-2.669746242463588715e-02
-2.494143694639205933e-02
-2.337463200092315674e-02
-2.229916676878929138e-02
-2.193553186953067780e-02
-2.155677974224090576e-02
-2.167853899300098419e-02
-2.175188995897769928e-02
-2.355291321873664856e-02
-2.486900426447391510e-02
-2.575065568089485168e-02
-2.439120598137378693e-02
-2.097123488783836365e-02
-1.627443730831146240e-02
-1.071931980550289154e-02
-4.743969067931175232e-03
5.124640301801264286e-04
4.565339535474777222e-03
8.652271702885627747e-03
1.221660710871219635e-02
1.523050200194120407e-02
1.706027798354625702e-02
1.902758143842220306e-02
2.111952938139438629e-02
2.445347420871257782e-02
2.820391952991485596e-02
3.131983056664466858e-02
3.336658328771591187e-02
3.462565317749977112e-02
3.433038294315338135e-02
3.331559896469116211e-02
3.256185352802276611e-02
3.152896836400032043e-02
3.084801137447357178e-02
2.955212444067001343e-02
2.902219444513320923e-02
3.003991581499576569e-02
3.165362775325775146e-02
3.258004784584045410e-02
3.194056078791618347e-02
3.079437464475631714e-02
2.915020287036895752e-02
2.604684978723526001e-02
2.391684427857398987e-02
2.252456173300743103e-02
2.163491398096084595e-02
2.030383422970771790e-02
1.879630051553249359e-02
1.824117638170719147e-02
1.810976490378379822e-02
1.827638596296310425e-02
1.659007743000984192e-02
1.481162942945957184e-02
1.253445446491241455e-02
1.119094621390104294e-02
8.755528368055820465e-03
6.458657793700695038e-03
5.013832822442054749e-03
3.000615164637565613e-03
1.760468469001352787e-03
-2.653027186170220375e-04
-1.268991734832525253e-03
-1.759479055181145668e-03
-2.660656580701470375e-03
-4.206976853311061859e-03
-6.191848777234554291e-03
-7.275776937603950500e-03
-7.954183965921401978e-03
-9.009106084704399109e-03
-9.573712944984436035e-03
-1.072477083653211594e-02
-1.163535192608833313e-02
-1.248657144606113434e-02
-1.318506896495819092e-02
-1.434127613902091980e-02
-1.540599111467599869e-02
-1.658818125724792480e-02
-1.758861914277076721e-02
-1.832373440265655518e-02
-1.930056884884834290e-02
-2.016945369541645050e-02
-2.155857905745506287e-02
-2.260268665850162506e-02
-2.362667396664619446e-02
-2.430718578398227692e-02
-2.499776333570480347e-02
-2.581754140555858612e-02
-2.660654485225677490e-02
-2.805630676448345184e-02
-2.942077629268169403e-02
-3.101194463670253754e-02
-3.352494165301322937e-02
-3.540017455816268921e-02
-3.530487790703773499e-02
-3.398106619715690613e-02
-3.323518484830856323e-02
-3.207619488239288330e-02
-3.084512241184711456e-02
-2.942097559571266174e-02
-2.839286625385284424e-02
-2.729402482509613037e-02
-2.746316231787204742e-02
-2.793858200311660767e-02
-2.844636328518390656e-02
-2.907045558094978333e-02
-2.724881470203399658e-02
-2.332911267876625061e-02
-1.683501340448856354e-02
-1.052497141063213348e-02
-4.696823656558990479e-03
1.257617026567459106e-03
6.530227139592170715e-03
1.139453053474426270e-02
1.489794254302978516e-02
1.765658333897590637e-02
1.918677799403667450e-02
2.004874497652053833e-02
2.162575721740722656e-02
2.416734024882316589e-02
2.693184837698936462e-02
3.004839643836021423e-02
3.195504099130630493e-02
3.236031904816627502e-02
3.268688544631004333e-02
3.222118318080902100e-02
3.144479542970657349e-02
2.989915385842323303e-02
2.884790860116481781e-02
2.739044092595577240e-02
2.635592967271804810e-02
2.597737498581409454e-02
2.718746103346347809e-02
2.895354852080345154e-02
2.998577617108821869e-02
2.886299788951873779e-02
2.738703414797782898e-02
2.606366574764251709e-02
2.454126626253128052e-02
2.318886108696460724e-02
2.149602957069873810e-02
1.989270001649856567e-02
1.870117522776126862e-02
1.839337870478630066e-02
1.801593229174613953e-02
1.864729635417461395e-02
1.833534613251686096e-02
1.696384511888027191e-02
1.424854993820190430e-02
1.253460813313722610e-02
1.029449608176946640e-02
8.648481220006942749e-03
7.062007207423448563e-03
4.957872442901134491e-03
3.299248637631535530e-03
1.738398452289402485e-03
1.143931294791400433e-03
7.485348032787442207e-04
5.459284875541925430e-04
-6.914069526828825474e-04
-2.658176468685269356e-03
-3.950743004679679871e-03
-5.886932834982872009e-03
-6.902007386088371277e-03
-7.773106452077627182e-03
-9.826262481510639191e-03
-1.137651130557060242e-02
-1.270912867039442062e-02
-1.317947544157505035e-02
-1.528277248144149780e-02
-1.605879142880439758e-02
-1.837694086134433746e-02
-2.007916942238807678e-02
-2.099576033651828766e-02
-2.257787436246871948e-02
-2.419175580143928528e-02
-2.588998340070247650e-02
-2.684889361262321472e-02
-2.943652868270874023e-02
-3.082689084112644196e-02
-3.121683746576309204e-02
-3.250069171190261841e-02
-3.331771492958068848e-02
-3.491791337728500366e-02
-3.734231367707252502e-02
-3.835114464163780212e-02
-4.061153903603553772e-02
-4.280000552535057068e-02
-4.576767608523368835e-02
-4.401543736457824707e-02
-4.104190319776535034e-02
-3.895374014973640442e-02
-3.624647855758666992e-02
-3.474312275648117065e-02
-3.185647726058959961e-02
-3.046033158898353577e-02
-2.999893575906753540e-02
-3.063250333070755005e-02
-3.092431835830211639e-02
-3.047720342874526978e-02
-2.904784865677356720e-02
-2.516983449459075928e-02
-1.779073849320411682e-02
-9.783902205526828766e-03
-1.572226407006382942e-03
5.617519840598106384e-03
1.234947424381971359e-02
1.887318119406700134e-02
2.314428240060806274e-02
2.520201914012432098e-02
2.599968016147613525e-02
2.723316475749015808e-02
2.765146642923355103e-02
2.862368524074554443e-02
3.160891309380531311e-02
3.572185337543487549e-02
3.826274350285530090e-02
4.026830196380615234e-02
4.117780923843383789e-02
4.115125164389610291e-02
4.076424986124038696e-02
3.972645103931427002e-02
3.705587238073348999e-02
3.419854491949081421e-02
3.280875086784362793e-02
3.217712789773941040e-02
3.184009343385696411e-02
3.196902945637702942e-02
3.243521600961685181e-02
3.169647604227066040e-02
3.085139766335487366e-02
2.875034511089324951e-02
2.699910849332809448e-02
2.585425414144992828e-02
2.371950261294841766e-02
2.158213965594768524e-02
2.012080140411853790e-02
1.983764022588729858e-02
1.994453743100166321e-02
2.012248523533344269e-02
2.056809701025485992e-02
1.945909671485424042e-02
1.827459968626499176e-02
1.670925877988338470e-02
1.416272670030593872e-02
1.245782617479562759e-02
1.026121433824300766e-02
7.624300196766853333e-03
5.299298092722892761e-03
3.627582453191280365e-03
2.128693507984280586e-03
7.408889941871166229e-04
4.263690207153558731e-04
2.472022606525570154e-05
-1.384987146593630314e-03
-2.531317295506596565e-03
-4.368172958493232727e-03
-6.488436833024024963e-03
-7.868517190217971802e-03
-1.004329323768615723e-02
-1.259523443877696991e-02
-1.427413988858461380e-02
-1.569423265755176544e-02
-1.746647246181964874e-02
-1.911596208810806274e-02
-1.938474550843238831e-02
-2.065094746649265289e-02
-2.282347157597541809e-02
-2.469217218458652496e-02
-2.825752459466457367e-02
-3.072358667850494385e-02
-3.248662874102592468e-02
-3.471966832876205444e-02
-3.786703571677207947e-02
-4.036533832550048828e-02
-4.223708808422088623e-02
-4.456352442502975464e-02
-4.716613888740539551e-02
-4.972560703754425049e-02
-5.318749696016311646e-02
-5.720142275094985962e-02
-6.050270050764083862e-02
-6.366597861051559448e-02
-6.046301499009132385e-02
-5.407368764281272888e-02
-4.743064567446708679e-02
-4.239539057016372681e-02
-3.822139650583267212e-02
-3.318640589714050293e-02
-2.938991039991378784e-02
-2.706044912338256836e-02
-2.767309918999671936e-02
-2.916519343852996826e-02
-2.877014130353927612e-02
-2.717635408043861389e-02
-2.118377387523651123e-02
-1.050174422562122345e-02
1.578241586685180664e-03
1.218699477612972260e-02
2.004030533134937286e-02
2.860696613788604736e-02
3.495816141366958618e-02
4.046538472175598145e-02
4.233621805906295776e-02
4.197702556848526001e-02
4.108954221010208130e-02
4.116769507527351379e-02
4.235424846410751343e-02
4.589373618364334106e-02
5.080471187829971313e-02
5.311921983957290649e-02
5.383979529142379761e-02
5.189816281199455261e-02
5.085717886686325073e-02
4.935240373015403748e-02
4.642415791749954224e-02
4.131211340427398682e-02
3.651478141546249390e-02
3.374720364809036255e-02
3.153612092137336731e-02
3.117990866303443909e-02
3.203931450843811035e-02
3.158375620841979980e-02
3.040655329823493958e-02
2.877806685864925385e-02
2.701546438038349152e-02
2.520113438367843628e-02
2.450539171695709229e-02
2.226128056645393372e-02
2.052365429699420929e-02
2.080693468451499939e-02
2.196604944765567780e-02
2.319774404168128967e-02
2.398139610886573792e-02
2.519757114350795746e-02
2.410968020558357239e-02
2.361941523849964142e-02
2.209346741437911987e-02
2.122257463634014130e-02
2.029833197593688965e-02
1.759263314306735992e-02
1.514575816690921783e-02
1.323951035737991333e-02
1.227742619812488556e-02
1.108711957931518555e-02
9.381322190165519714e-03
7.754733320325613022e-03
4.694489296525716782e-03
2.823392394930124283e-03
5.521344719454646111e-04
-3.001328557729721069e-03
-5.910393781960010529e-03
-9.333242662250995636e-03
-1.138120051473379135e-02
-1.465032249689102173e-02
-1.523114368319511414e-02
-1.594421267509460449e-02
-1.829843409359455109e-02
-2.149513363838195801e-02
-2.564030513167381287e-02
-2.940401062369346619e-02
-3.287967294454574585e-02
-3.480220213532447815e-02
-3.726444765925407410e-02
-3.991841897368431091e-02
-4.310472309589385986e-02
-4.659783840179443359e-02
-4.986694082617759705e-02
-5.344236642122268677e-02
-5.760765075683593750e-02
-6.206978857517242432e-02
-6.761336326599121094e-02
-7.322219759225845337e-02
-7.865900546312332153e-02
-8.300117403268814087e-02
-8.704546093940734863e-02
-8.993440121412277222e-02
-8.967345952987670898e-02
-8.389725536108016968e-02
-7.232877612113952637e-02
-6.053191423416137695e-02
-5.098107457160949707e-02
-4.261118546128273010e-02
-3.604412451386451721e-02
-2.991250157356262207e-02
-2.489179000258445740e-02
-2.075080946087837219e-02
-1.722318120300769806e-02
-1.212042756378650665e-02
-5.839753895998001099e-03
4.069384187459945679e-03
1.981807127594947815e-02
3.574282675981521606e-02
4.927232861518859863e-02
5.711204186081886292e-02
6.274019926786422729e-02
6.547909975051879883e-02
6.756967306137084961e-02
6.631703674793243408e-02
6.237509846687316895e-02
5.934816226363182068e-02
5.536872148513793945e-02
5.339130386710166931e-02
5.483525618910789490e-02
5.670934915542602539e-02
5.747039616107940674e-02
5.498533323407173157e-02
5.061871558427810669e-02
4.551318287849426270e-02
4.177486151456832886e-02
3.807068616151809692e-02
3.147072345018386841e-02
2.629633992910385132e-02
2.064374089241027832e-02
1.779957860708236694e-02
1.753382571041584015e-02
1.789514720439910889e-02
1.838693208992481232e-02
1.917870715260505676e-02
1.971717923879623413e-02
2.003591880202293396e-02
2.091805078089237213e-02
2.389493398368358612e-02
2.616464719176292419e-02
2.750931866466999054e-02
3.010090813040733337e-02
3.249113261699676514e-02
3.673332929611206055e-02
4.119987040758132935e-02
4.297669231891632080e-02
4.463769495487213135e-02
4.495797306299209595e-02
4.462019726634025574e-02
4.350398480892181396e-02
4.099399596452713013e-02
3.692273795604705811e-02
3.050129674375057220e-02
2.545166015625000000e-02
1.969004981219768524e-02
1.488756202161312103e-02
1.045667193830013275e-02
5.088108591735363007e-03
4.244319570716470480e-04
-4.185991827398538589e-03
-7.858864031732082367e-03
-1.043011341243982315e-02
-1.453904155641794205e-02
-1.866796426475048065e-02
-2.374961227178573608e-02
-2.746031992137432098e-02
-2.986710146069526672e-02
-3.234194591641426086e-02
-3.495538234710693359e-02
-3.873277083039283752e-02
-4.223504662513732910e-02
-4.538587480783462524e-02
-4.911507293581962585e-02
-5.196332186460494995e-02
-5.494807660579681396e-02
-5.837878957390785217e-02
-6.245370209217071533e-02
-6.840560585260391235e-02
-7.273314148187637329e-02
-7.877838611602783203e-02
-8.404229581356048584e-02
-8.936730027198791504e-02
-9.489761292934417725e-02
-1.005286723375320435e-01
-1.072619780898094177e-01
-1.131554394960403442e-01
-1.206357851624488831e-01
-1.275034248828887939e-01
-1.301656365394592285e-01
-1.228408515453338623e-01
-1.012666895985603333e-01
-7.490101456642150879e-02
-4.818451777100563049e-02
-2.476634271442890167e-02
-5.528398789465427399e-03
1.173748448491096497e-02
2.492834627628326416e-02
3.375973924994468689e-02
3.821896016597747803e-02
4.417067021131515503e-02
4.878427833318710327e-02
5.478605255484580994e-02
6.987041234970092773e-02
8.843566477298736572e-02
1.018212363123893738e-01
1.084418892860412598e-01
1.083639562129974365e-01
1.032009273767471313e-01
9.465347230434417725e-02
8.232071250677108765e-02
6.798875331878662109e-02
5.469273403286933899e-02
4.300253093242645264e-02
3.317850455641746521e-02
2.809803374111652374e-02
2.811928465962409973e-02
2.924398705363273621e-02
2.799371629953384399e-02
2.210415899753570557e-02
1.593234576284885406e-02
1.287732925266027451e-02
1.032580062747001648e-02
8.355436846613883972e-03
7.447239011526107788e-03
9.090170264244079590e-03
1.090944837778806686e-02
1.434501167386770248e-02
1.950135082006454468e-02
2.388785406947135925e-02
2.763339504599571228e-02
2.859105542302131653e-02
2.948160655796527863e-02
3.244825825095176697e-02
3.675067424774169922e-02
4.190154373645782471e-02
4.642799496650695801e-02
5.407173186540603638e-02
6.244219094514846802e-02
6.885229051113128662e-02
7.394594699144363403e-02
7.408190518617630005e-02
7.103893160820007324e-02
6.453979015350341797e-02
5.695848912000656128e-02
5.004131048917770386e-02
4.309300333261489868e-02
3.643195703625679016e-02
2.861147373914718628e-02
2.052117139101028442e-02
1.215907745063304901e-02
4.182768054306507111e-03
-3.121470101177692413e-03
-1.165547221899032593e-02
-1.877716928720474243e-02
-2.330300025641918182e-02
-2.700967714190483093e-02
-2.866522222757339478e-02
-3.031091392040252686e-02
-3.132430464029312134e-02
-3.474171087145805359e-02
-3.917130455374717712e-02
-4.059227555990219116e-02
-4.454847425222396851e-02
-4.814727604389190674e-02
-5.160338059067726135e-02
-5.772710591554641724e-02
-6.409619003534317017e-02
-7.282702624797821045e-02
-7.957394421100616455e-02
-8.512452244758605957e-02
-9.166397899389266968e-02
-9.782358258962631226e-02
-1.036605834960937500e-01
-1.075796708464622498e-01
-1.120631247758865356e-01
-1.181866675615310669e-01
-1.269403398036956787e-01
-1.370115131139755249e-01
-1.484723240137100220e-01
-1.607430577278137207e-01
-1.715836822986602783e-01
-1.789357364177703857e-01
-1.862577199935913086e-01
-1.768524646759033203e-01
-1.436100602149963379e-01
-9.261222928762435913e-02
-3.376271948218345642e-02
1.557876355946063995e-02
5.876554548740386963e-02
8.758803457021713257e-02
1.094469726085662842e-01
1.207627356052398682e-01
1.196019947528839111e-01
1.192336082458496094e-01
1.144963353872299194e-01
1.123015284538269043e-01
1.159103289246559143e-01
1.258960962295532227e-01
1.357536017894744873e-01
1.316278576850891113e-01
1.147040724754333496e-01
8.967312425374984741e-02
6.055432558059692383e-02
3.224167972803115845e-02
4.230377264320850372e-03
-1.319830026477575302e-02
-2.377360686659812927e-02
-3.038166835904121399e-02
-2.671913802623748779e-02
-1.978654041886329651e-02
-8.742004632949829102e-03
-2.639131853356957436e-03
-3.413024824112653732e-03
-4.649625159800052643e-03
-3.208091715350747108e-03
5.840803030878305435e-03
1.686761900782585144e-02
3.177437931299209595e-02
5.118298530578613281e-02
6.543926894664764404e-02
7.571147382259368896e-02
8.079230785369873047e-02
8.166075497865676880e-02
7.693316787481307983e-02
6.535443663597106934e-02
5.264522135257720947e-02
4.120526090264320374e-02
3.946208208799362183e-02
3.918317705392837524e-02
4.032399505376815796e-02
4.575556144118309021e-02
4.952379316091537476e-02
5.394591391086578369e-02
5.556204915046691895e-02
5.643625184893608093e-02
5.256213247776031494e-02
4.794085770845413208e-02
4.433096945285797119e-02
4.056149721145629883e-02
4.357294365763664246e-02
4.520433023571968079e-02
4.301287233829498291e-02
3.696038201451301575e-02
2.501039952039718628e-02
1.368798036128282547e-02
2.291777636855840683e-03
-6.895196624100208282e-03
-1.501370593905448914e-02
-2.321388013660907745e-02
-2.409606426954269409e-02
-2.593620494008064270e-02
-2.423827350139617920e-02
-2.307799831032752991e-02
-2.793938666582107544e-02
-3.473531454801559448e-02
-4.367921873927116394e-02
-4.980709403753280640e-02
-5.569938570261001587e-02
-5.766025185585021973e-02
-6.208464503288269043e-02
-7.103276252746582031e-02
-7.963448762893676758e-02
-9.008505940437316895e-02
-1.008569747209548950e-01
-1.110609024763107300e-01
-1.218543201684951782e-01
-1.314901262521743774e-01
-1.411679089069366455e-01
-1.459318697452545166e-01
-1.496753543615341187e-01
-1.547283232212066650e-01
-1.597474217414855957e-01
-1.704265177249908447e-01
-1.789458990097045898e-01
-1.924380362033843994e-01
-1.997042745351791382e-01
-2.078154087066650391e-01
-1.962934732437133789e-01
-1.413073688745498657e-01
-6.946015357971191406e-02
1.653376407921314240e-02
8.850841224193572998e-02
1.429530978202819824e-01
1.696044802665710449e-01
1.747420132160186768e-01
1.783887296915054321e-01
1.582205444574356079e-01
1.442747116088867188e-01
1.254567354917526245e-01
9.890787303447723389e-02
9.433695673942565918e-02
9.155423939228057861e-02
8.953520655632019043e-02
7.230070233345031738e-02
3.989613801240921021e-02
3.686969168484210968e-03
-3.279977664351463318e-02
-4.983948916196823120e-02
-5.741075426340103149e-02
-4.609584435820579529e-02
-2.794871293008327484e-02
-1.597992330789566040e-02
9.479550644755363464e-03
3.172212094068527222e-02
5.060675740242004395e-02
6.137428432703018188e-02
6.190927326679229736e-02
5.925344303250312805e-02
6.284546107053756714e-02
7.680507004261016846e-02
9.068685770034790039e-02
1.092457473278045654e-01
1.160784512758255005e-01
1.042514070868492126e-01
8.607572317123413086e-02
6.176366657018661499e-02
3.631686419248580933e-02
1.519875973463058472e-02
-1.247310661710798740e-03
-1.326057314872741699e-02
-1.422616746276617050e-02
-3.969240002334117889e-03
3.156356513500213623e-03
2.284795790910720825e-02
3.616159036755561829e-02
4.118644446134567261e-02
4.998967051506042480e-02
5.505329370498657227e-02
6.805716454982757568e-02
7.612270116806030273e-02
9.046125411987304688e-02
9.970666468143463135e-02
9.976488351821899414e-02
1.004664748907089233e-01
8.392266929149627686e-02
6.554006040096282959e-02
4.118593037128448486e-02
9.365579113364219666e-03
-1.239658240228891373e-02
-3.122198581695556641e-02
-3.273052349686622620e-02
-3.221289068460464478e-02
-2.980366908013820648e-02
-2.106082253158092499e-02
-2.370984293520450592e-02
-2.093957923352718353e-02
-2.627197839319705963e-02
-3.171174228191375732e-02
-3.391144424676895142e-02
-3.932168334722518921e-02
-3.754926100373268127e-02
-3.772529214620590210e-02
-3.623012825846672058e-02
-4.346590489149093628e-02
-6.249164044857025146e-02
-8.311857283115386963e-02
-1.068237349390983582e-01
-1.245432645082473755e-01
-1.332022994756698608e-01
-1.363219916820526123e-01
-1.317134499549865723e-01
-1.271421015262603760e-01
-1.249392032623291016e-01
-1.288623809814453125e-01
-1.394114494323730469e-01
-1.531440019607543945e-01
-1.741851866245269775e-01
-1.900763213634490967e-01
-2.050317823886871338e-01
-2.066683471202850342e-01
-2.034478187561035156e-01
-1.997304409742355347e-01
-1.514422148466110229e-01
-7.435599714517593384e-02
2.035434730350971222e-02
1.015641093254089355e-01
1.660903841257095337e-01
2.030018270015716553e-01
1.951763629913330078e-01
1.850180774927139282e-01
1.526296436786651611e-01
1.222338080406188965e-01
9.491826593875885010e-02
6.845632195472717285e-02
5.248354375362396240e-02
3.626503795385360718e-02
3.777928650379180908e-02
2.377527020871639252e-02
-2.873173914849758148e-03
-2.810692973434925079e-02
-5.683173239231109619e-02
-6.150476634502410889e-02
-5.329207703471183777e-02
-2.187358029186725616e-02
2.062230929732322693e-02
4.902756214141845703e-02
8.459059149026870728e-02
1.020537763833999634e-01
1.131275296211242676e-01
1.125651746988296509e-01
9.874306619167327881e-02
8.926520496606826782e-02
7.921287417411804199e-02
7.919467985630035400e-02
7.742338627576828003e-02
7.868242263793945312e-02
7.921549677848815918e-02
5.747767910361289978e-02
3.033369220793247223e-02
4.533160012215375900e-03
-1.937063410878181458e-02
-3.003834560513496399e-02
-3.298126161098480225e-02
-1.920975558459758759e-02
-2.996467519551515579e-03
1.953185163438320160e-02
4.609612002968788147e-02
6.228816509246826172e-02
8.244706690311431885e-02
8.703126758337020874e-02
8.338998258113861084e-02
8.302780985832214355e-02
8.207137882709503174e-02
8.760394155979156494e-02
8.242409676313400269e-02
7.963175326585769653e-02
6.917917728424072266e-02
4.677446931600570679e-02
3.266556933522224426e-02
1.334627717733383179e-02
2.965909428894519806e-03
-8.160495199263095856e-03
-1.486019045114517212e-02
-1.006070338189601898e-02
-8.904387243092060089e-03
2.877923659980297089e-03
7.497224025428295135e-03
1.044880226254463196e-02
1.196618098765611649e-02
2.652960829436779022e-03
1.173410098999738693e-03
-7.800451014190912247e-03
-1.399636082351207733e-02
-2.098907902836799622e-02
-2.896011620759963989e-02
-3.524295240640640259e-02
-4.405331984162330627e-02
-5.393599718809127808e-02
-6.814266741275787354e-02
-8.426328003406524658e-02
-9.730497002601623535e-02
-1.089969724416732788e-01
-1.168555617332458496e-01
-1.159831807017326355e-01
-1.130723208189010620e-01
-1.063218712806701660e-01
-1.053420603275299072e-01
-1.022944152355194092e-01
-1.110322847962379456e-01
-1.220679208636283875e-01
-1.440223455429077148e-01
-1.699824184179306030e-01
-1.877101957798004150e-01
-1.980164647102355957e-01
-1.984712630510330200e-01
-1.960981190204620361e-01
-1.925818473100662231e-01
-1.817180216312408447e-01
-1.427419483661651611e-01
-5.644233152270317078e-02
3.076663240790367126e-02
1.068163216114044189e-01
1.784413307905197144e-01
1.853147745132446289e-01
1.865022182464599609e-01
1.609995067119598389e-01
1.335524469614028931e-01
1.015848219394683838e-01
5.316706001758575439e-02
3.194066882133483887e-02
-3.583016805350780487e-03
-4.203486605547368526e-04
7.067420985549688339e-03
-2.077793236821889877e-03
-3.242448903620243073e-03
-3.149180859327316284e-02
-3.742575272917747498e-02
-2.938397228717803955e-02
-7.294567767530679703e-03
4.077207297086715698e-02
7.269463688135147095e-02
1.063990667462348938e-01
1.224391013383865356e-01
1.341359913349151611e-01
1.381366848945617676e-01
1.152394860982894897e-01
9.641799330711364746e-02
6.464254856109619141e-02
4.064831882715225220e-02
3.483691811561584473e-02
3.116949275135993958e-02
4.132005199790000916e-02
3.337052464485168457e-02
2.394206821918487549e-02
7.063421420753002167e-03
-7.800157181918621063e-03
-7.870073430240154266e-03
-4.658752121031284332e-03
7.535620592534542084e-03
1.671998389065265656e-02
3.295452892780303955e-02
5.486537143588066101e-02
7.548096776008605957e-02
9.188810735940933228e-02
9.661948680877685547e-02
8.222527801990509033e-02
6.984708458185195923e-02
5.744474008679389954e-02
5.754201114177703857e-02
5.384477972984313965e-02
5.171788856387138367e-02
4.877820238471031189e-02
3.546747937798500061e-02
2.604890987277030945e-02
1.883982121944427490e-02
9.906065650284290314e-03
-2.473321743309497833e-03
-7.696411572396755219e-03
-6.038787774741649628e-03
6.655248813331127167e-03
2.381633594632148743e-02
4.090812429785728455e-02
3.708092123270034790e-02
2.904148399829864502e-02
1.521422527730464935e-02
-1.960864057764410973e-03
-8.268816396594047546e-03
-1.529449224472045898e-02
-2.627865970134735107e-02
-3.946011886000633240e-02
-4.643830284476280212e-02
-4.796566441655158997e-02
-4.779877513647079468e-02
-4.903980344533920288e-02
-5.643126368522644043e-02
-7.005040347576141357e-02
-7.915414124727249146e-02
-8.573681861162185669e-02
-8.820725977420806885e-02
-8.517827093601226807e-02
-9.740801155567169189e-02
-1.040759980678558350e-01
-1.130188405513763428e-01
-1.136849969625473022e-01
-1.127749681472778320e-01
-1.209887191653251648e-01
-1.230305284261703491e-01
-1.454050242900848389e-01
-1.566508412361145020e-01
-1.702362000942230225e-01
-1.772982776165008545e-01
-1.786853373050689697e-01
-1.836404800415039062e-01
-1.704938858747482300e-01
-1.664582192897796631e-01
-1.361048519611358643e-01
-6.538859754800796509e-02
1.604738458991050720e-02
1.041680872440338135e-01
1.595159173011779785e-01
1.945141404867172241e-01
1.780123412609100342e-01
1.488344222307205200e-01
1.217325851321220398e-01
7.119245827198028564e-02
4.289552941918373108e-02
-1.927904784679412842e-03
-2.008030563592910767e-02
-3.189095482230186462e-02
-2.822907641530036926e-02
-1.060629077255725861e-02
-1.663864590227603912e-02
-1.532514765858650208e-02
-1.747810840606689453e-02
-1.748255104757845402e-03
3.506598621606826782e-02
7.581344246864318848e-02
1.233199611306190491e-01
1.460416615009307861e-01
1.495915353298187256e-01
1.477220505475997925e-01
1.211589425802230835e-01
9.584425389766693115e-02
5.666076764464378357e-02
2.894688025116920471e-02
8.647760376334190369e-03
-1.503563718870282173e-03
8.341389708220958710e-03
1.353255938738584518e-02
2.289307303726673126e-02
1.892904005944728851e-02
1.512951590120792389e-02
1.858384534716606140e-02
2.380178868770599365e-02
3.662923723459243774e-02
4.874863475561141968e-02
5.440215021371841431e-02
7.163707166910171509e-02
7.555414736270904541e-02
8.105739206075668335e-02
7.649713754653930664e-02
5.799922347068786621e-02
4.899915680289268494e-02
2.824503928422927856e-02
2.510394342243671417e-02
3.179147094488143921e-02
3.360158950090408325e-02
4.530909284949302673e-02
4.899995028972625732e-02
4.622723162174224854e-02
3.848059475421905518e-02
2.084206603467464447e-02
1.639673858880996704e-02
7.476530503481626511e-03
1.294782850891351700e-02
2.091950178146362305e-02
2.331765741109848022e-02
3.281071037054061890e-02
2.369335666298866272e-02
1.509695686399936676e-02
8.801221847534179688e-03
7.569909794256091118e-04
-7.104030810296535492e-03
-2.026871591806411743e-02
-2.826315350830554962e-02
-2.982054278254508972e-02
-3.265770524740219116e-02
-3.285627067089080811e-02
-3.690391406416893005e-02
-4.496165364980697632e-02
-5.392188578844070435e-02
-6.204247847199440002e-02
-6.875798106193542480e-02
-7.215474545955657959e-02
-7.657885551452636719e-02
-8.463214337825775146e-02
-9.459771215915679932e-02
-1.017806380987167358e-01
-1.050250977277755737e-01
-1.054745540022850037e-01
-1.035019755363464355e-01
-9.733533114194869995e-02
-9.740751981735229492e-02
-1.052917093038558960e-01
-1.124481856822967529e-01
-1.330365389585494995e-01
-1.584655642509460449e-01
-1.808760166168212891e-01
-1.921555697917938232e-01
-1.848914623260498047e-01
-1.658505201339721680e-01
-1.418634355068206787e-01
-1.170232146978378296e-01
-8.816093951463699341e-02
-2.913175709545612335e-02
4.273414984345436096e-02
9.688347578048706055e-02
1.439555883407592773e-01
1.548656523227691650e-01
1.438821405172348022e-01
1.324148476123809814e-01
1.052116900682449341e-01
8.094214648008346558e-02
3.395625576376914978e-02
-9.666698053479194641e-03
-3.859501704573631287e-02
-5.985674262046813965e-02
-4.204206168651580811e-02
-2.839014679193496704e-02
-1.360631920397281647e-02
6.461158860474824905e-03
2.097285911440849304e-02
5.451889708638191223e-02
7.916367799043655396e-02
1.122072637081146240e-01
1.336865723133087158e-01
1.347040981054306030e-01
1.390673816204071045e-01
1.204189211130142212e-01
1.024905443191528320e-01
6.957991421222686768e-02
3.551641106605529785e-02
6.740647368133068085e-03
-1.377693377435207367e-02
-1.456703897565603256e-02
-7.351975888013839722e-03
6.396765355020761490e-03
2.063039876520633698e-02
2.634736895561218262e-02
4.302962496876716614e-02
5.221688002347946167e-02
6.228215247392654419e-02
7.146913558244705200e-02
6.201374903321266174e-02
6.947667896747589111e-02
5.686746537685394287e-02
6.024804338812828064e-02
5.839724093675613403e-02
5.273952335119247437e-02
5.302799865603446960e-02
3.468498215079307556e-02
2.886801026761531830e-02
2.208465710282325745e-02
2.405092865228652954e-02
3.608632832765579224e-02
3.745003044605255127e-02
4.739458858966827393e-02
4.299755394458770752e-02
3.476942330598831177e-02
3.528352826833724976e-02
2.085713855922222137e-02
2.578721940517425537e-02
1.000760961323976517e-02
6.104188971221446991e-03
1.140661817044019699e-02
1.290521956980228424e-02
2.627789601683616638e-02
1.689502783119678497e-02
1.075665839016437531e-02
-3.387249074876308441e-03
-1.827866025269031525e-02
-1.755300909280776978e-02
-2.023063227534294128e-02
-1.980691030621528625e-02
-2.597685158252716064e-02
-3.782251104712486267e-02
-4.066926613450050354e-02
-4.561048001050949097e-02
-5.157669261097908020e-02
-6.096442416310310364e-02
-7.710823416709899902e-02
-8.543524146080017090e-02
-9.071260690689086914e-02
-9.167370200157165527e-02
-8.593988418579101562e-02
-9.317064285278320312e-02
-9.307292103767395020e-02
-9.363771229982376099e-02
-8.647701144218444824e-02
-7.490685582160949707e-02
-7.242406904697418213e-02
-8.587072789669036865e-02
-1.062327474355697632e-01
-1.301102489233016968e-01
-1.615552604198455811e-01
-1.747313439846038818e-01
-1.822266429662704468e-01
-1.707133054733276367e-01
-1.488187313079833984e-01
-1.303440928459167480e-01
-9.553116559982299805e-02
-7.451646029949188232e-02
-5.095642060041427612e-02
3.186031710356473923e-03
4.653234034776687622e-02
1.146051734685897827e-01
1.415112614631652832e-01
1.446688026189804077e-01
1.407955586910247803e-01
9.805005043745040894e-02
7.805991172790527344e-02
3.798770904541015625e-02
-4.650723130907863379e-04
-2.981519885361194611e-02
-5.538808554410934448e-02
-4.189220443367958069e-02
-1.462469436228275299e-02
1.713040284812450409e-02
4.323861375451087952e-02
4.811491072177886963e-02
6.185195595026016235e-02
7.158209383487701416e-02
9.264762699604034424e-02
1.148476600646972656e-01
1.262151896953582764e-01
1.234099268913269043e-01
1.014774292707443237e-01
8.771754801273345947e-02
6.705550104379653931e-02
4.342209547758102417e-02
1.717572472989559174e-02
-5.364337936043739319e-03
-1.773801445960998535e-02
-2.249637804925441742e-02
-6.520729511976242065e-03
1.411407906562089920e-02
3.511718660593032837e-02
4.842363670468330383e-02
5.636129900813102722e-02
7.267448306083679199e-02
7.635017484426498413e-02
8.593297004699707031e-02
7.691293954849243164e-02
5.633615702390670776e-02
4.369411990046501160e-02
3.289358690381050110e-02
3.603762388229370117e-02
4.665286093950271606e-02
4.952111467719078064e-02
4.410497099161148071e-02
3.371048346161842346e-02
2.199970185756683350e-02
2.785762958228588104e-02
3.580588102340698242e-02
4.505386203527450562e-02
4.607723653316497803e-02
4.014702886343002319e-02
3.271811082959175110e-02
2.603010460734367371e-02
1.905461214482784271e-02
1.392320729792118073e-02
9.481814689934253693e-03
2.896188292652368546e-03
-1.558656920678913593e-03
6.921230815351009369e-03
2.178717963397502899e-02
2.613025158643722534e-02
1.989726163446903229e-02
-3.402493894100189209e-03
-2.196878194808959961e-02
-4.155861958861351013e-02
-4.609498381614685059e-02
-3.993919491767883301e-02
-3.752804547548294067e-02
-3.497430682182312012e-02
-4.224141687154769897e-02
-4.428412020206451416e-02
-5.197394639253616333e-02
-7.245310395956039429e-02
-8.764450252056121826e-02
-1.040600538253784180e-01
-1.101622730493545532e-01
-9.579724073410034180e-02
-7.877159118652343750e-02
-5.383589863777160645e-02
-5.273031070828437805e-02
-6.466162949800491333e-02
-7.290008664131164551e-02
-7.937086373567581177e-02
-7.810693234205245972e-02
-8.757399767637252808e-02
-1.074192896485328674e-01
-1.305736601352691650e-01
-1.461401134729385376e-01
-1.483044028282165527e-01
-1.466276943683624268e-01
-1.350732892751693726e-01
-1.226145923137664795e-01
-1.167259663343429565e-01
-9.150812029838562012e-02
-7.403199374675750732e-02
-4.300613701343536377e-02
-2.476594969630241394e-02
-3.054348519071936607e-03
3.867792338132858276e-02
6.029344350099563599e-02
8.889123052358627319e-02
9.973216056823730469e-02
9.858232736587524414e-02
8.784669637680053711e-02
4.963399842381477356e-02
2.838940173387527466e-02
1.046077720820903778e-02
-1.684850081801414490e-02
-1.044127624481916428e-02
-4.339665174484252930e-03
1.902085915207862854e-02
3.936044871807098389e-02
4.186249896883964539e-02
5.674982815980911255e-02
5.932039767503738403e-02
6.829774379730224609e-02
8.712923526763916016e-02
9.516218304634094238e-02
1.065069735050201416e-01
1.020388752222061157e-01
8.878427743911743164e-02
7.491672039031982422e-02
5.328667163848876953e-02
3.791062533855438232e-02
1.866187900304794312e-02
1.375015079975128174e-02
1.418183557689189911e-02
1.526982337236404419e-02
2.091379463672637939e-02
2.294290997087955475e-02
3.824052959680557251e-02
4.579427465796470642e-02
5.396546795964241028e-02
6.965129822492599487e-02
6.207141280174255371e-02
5.329666286706924438e-02
4.066306725144386292e-02
3.933089599013328552e-02
5.061957985162734985e-02
4.987814277410507202e-02
4.944736883044242859e-02
4.026374965906143188e-02
2.214138768613338470e-02
1.853612624108791351e-02
2.155723981559276581e-02
3.468513488769531250e-02
3.803330659866333008e-02
3.022352792322635651e-02
3.272202610969543457e-02
3.031214326620101929e-02
3.578250482678413391e-02
3.254027292132377625e-02
1.731751486659049988e-02
1.231200527399778366e-02
1.578791067004203796e-03
2.375667914748191833e-03
9.015733376145362854e-03
3.458191175013780594e-03
6.047045812010765076e-03
-2.714956179261207581e-03
-8.221735479310154915e-04
4.895258229225873947e-03
5.675305612385272980e-03
4.082436207681894302e-03
-1.078982464969158173e-02
-1.703273132443428040e-02
-2.909291163086891174e-02
-3.883869200944900513e-02
-4.874024540185928345e-02
-7.043461501598358154e-02
-8.236734569072723389e-02
-9.370650351047515869e-02
-8.760896325111389160e-02
-6.801642477512359619e-02
-5.648658797144889832e-02
-4.299568384885787964e-02
-4.126397520303726196e-02
-4.002482444047927856e-02
-4.162004962563514709e-02
-5.795514956116676331e-02
-7.620635628700256348e-02
-9.814464300870895386e-02
-1.186469197273254395e-01
-1.164116710424423218e-01
-1.008628755807876587e-01
-8.547148108482360840e-02
-9.341850876808166504e-02
-1.153747364878654480e-01
-1.193732768297195435e-01
-1.119881346821784973e-01
-1.073648929595947266e-01
-9.194032847881317139e-02
-8.441594243049621582e-02
-7.661952078342437744e-02
-6.741647422313690186e-02
-6.031568348407745361e-02
-4.436723515391349792e-02
-5.223666876554489136e-02
-4.305969923734664917e-02
-2.228668704628944397e-02
1.149722188711166382e-02
4.725472629070281982e-02
6.767398118972778320e-02
8.676274120807647705e-02
8.216403424739837646e-02
6.658181548118591309e-02
6.606455147266387939e-02
5.523052439093589783e-02
3.816153109073638916e-02
1.828482560813426971e-02
9.723402909003198147e-04
1.508964691311120987e-02
2.218211814761161804e-02
3.187771141529083252e-02
4.548271000385284424e-02
5.245193839073181152e-02
6.545522809028625488e-02
7.207985967397689819e-02
9.068831801414489746e-02
1.107979565858840942e-01
1.157821267843246460e-01
1.109453290700912476e-01
8.369776606559753418e-02
7.244390994310379028e-02
5.650407448410987854e-02
3.719943761825561523e-02
3.222978115081787109e-02
1.506254635751247406e-02
2.001370117068290710e-02
2.029896900057792664e-02
2.546999976038932800e-02
4.330252856016159058e-02
4.399059340357780457e-02
4.640645161271095276e-02
5.088317394256591797e-02
5.825814604759216309e-02
7.174105197191238403e-02
7.205865532159805298e-02
6.678359210491180420e-02
6.051521003246307373e-02
4.276394098997116089e-02
3.377232700586318970e-02
2.115037105977535248e-02
2.026807889342308044e-02
1.742178574204444885e-02
1.770552992820739746e-02
2.332197874784469604e-02
2.936818450689315796e-02
3.817261382937431335e-02
3.474491834640502930e-02
3.311673551797866821e-02
2.349880337715148926e-02
1.972230337560176849e-02
1.317004486918449402e-02
8.232980966567993164e-03
2.889154711738228798e-03
-5.057462025433778763e-03
-1.076056528836488724e-02
-1.930921524763107300e-02
-2.225187048316001892e-02
-1.005495153367519379e-02
-2.394067589193582535e-03
7.189232856035232544e-03
3.184317611157894135e-03
-5.602397490292787552e-03
-7.589128334075212479e-03
-2.877559140324592590e-02
-3.691191226243972778e-02
-4.738911986351013184e-02
-5.513064935803413391e-02
-6.034724414348602295e-02
-6.544538587331771851e-02
-6.260310113430023193e-02
-6.268490850925445557e-02
-7.127427309751510620e-02
-8.117350935935974121e-02
-8.238346874713897705e-02
-8.092395216226577759e-02
-7.754445075988769531e-02
-7.042726874351501465e-02
-6.466840207576751709e-02
-5.827568098902702332e-02
-5.210462585091590881e-02
-5.400637909770011902e-02
-5.246800556778907776e-02
-6.583018600940704346e-02
-8.188870549201965332e-02
-9.299924224615097046e-02
-1.055015474557876587e-01
-1.087218374013900757e-01
-1.205033212900161743e-01
-1.177745014429092407e-01
-1.074128299951553345e-01
-8.557908236980438232e-02
-6.209138035774230957e-02
-5.031111836433410645e-02
-3.299937769770622253e-02
-4.109708219766616821e-02
-3.871257603168487549e-02
-3.798569738864898682e-02
-3.082516044378280640e-02
8.139810524880886078e-04
1.385912206023931503e-02
3.876536712050437927e-02
5.354132503271102905e-02
5.697596818208694458e-02
6.836606562137603760e-02
5.670388042926788330e-02
4.828857630491256714e-02
3.321156278252601624e-02
1.682807505130767822e-02
1.566108688712120056e-02
2.495099976658821106e-02
4.905799776315689087e-02
5.823942273855209351e-02
5.867841094732284546e-02
4.426633566617965698e-02
3.715739026665687561e-02
4.466111958026885986e-02
5.646554380655288696e-02
8.407524973154067993e-02
9.413248300552368164e-02
1.006249487400054932e-01
9.628625214099884033e-02
8.561989665031433105e-02
7.932768017053604126e-02
5.386135354638099670e-02
3.785540908575057983e-02
2.670982480049133301e-02
2.657574042677879333e-02
4.324162751436233521e-02
4.300832003355026245e-02
4.563122242689132690e-02
4.853069782257080078e-02
4.291408136487007141e-02
5.086880922317504883e-02
4.426195472478866577e-02
4.994036257266998291e-02
5.715978145599365234e-02
5.625810846686363220e-02
5.923651903867721558e-02
5.229081213474273682e-02
4.909630864858627319e-02
4.028210043907165527e-02
3.061109408736228943e-02
2.651193924248218536e-02
3.043092042207717896e-02
2.760727144777774811e-02
3.288860619068145752e-02
2.749551460146903992e-02
3.032014332711696625e-02
3.150302171707153320e-02
1.586973108351230621e-02
2.151127159595489502e-02
1.347025763243436813e-02
1.124369911849498749e-02
6.095673423260450363e-03
-5.956505425274372101e-03
-8.794474415481090546e-04
-8.361699990928173065e-03
-2.069873735308647156e-02
-2.829425409436225891e-02
-3.669766336679458618e-02
-3.268297761678695679e-02
-2.590982988476753235e-02
-1.595059037208557129e-02
-6.595425307750701904e-03
-1.017310470342636108e-02
-1.746936887502670288e-02
-2.978906594216823578e-02
-3.814843297004699707e-02
-4.633300006389617920e-02
-5.432593822479248047e-02
-6.099415197968482971e-02
-7.191132009029388428e-02
-7.551119476556777954e-02
-7.736124843358993530e-02
-7.430963218212127686e-02
-7.406363636255264282e-02
-8.081501722335815430e-02
-7.975758612155914307e-02
-7.319679856300354004e-02
-5.524783208966255188e-02
-3.457443416118621826e-02
-2.269954606890678406e-02
-2.711808681488037109e-02
-5.158251151442527771e-02
-7.479447126388549805e-02
-8.614031970500946045e-02
-8.652320504188537598e-02
-8.891484141349792480e-02
-9.648348391056060791e-02
-8.915944397449493408e-02
-7.671511173248291016e-02
-5.787571519613265991e-02
-3.590568155050277710e-02
-3.457758203148841858e-02
-3.408776968717575073e-02
-4.442850500345230103e-02
-5.121853202581405640e-02
-4.102947562932968140e-02
-4.638139903545379639e-02
-3.546499088406562805e-02
-1.831912435591220856e-02
-2.550745848566293716e-03
2.428256906569004059e-02
2.488799951970577240e-02
3.116718679666519165e-02
2.905472740530967712e-02
1.973744854331016541e-02
3.435145318508148193e-02
3.128205612301826477e-02
5.123353749513626099e-02
5.437378957867622375e-02
4.791033640503883362e-02
5.173848941922187805e-02
2.884952165186405182e-02
3.364689275622367859e-02
2.704619430005550385e-02
3.037721291184425354e-02
4.987110570073127747e-02
5.058815330266952515e-02
6.786503642797470093e-02
7.248347997665405273e-02
7.692658901214599609e-02
8.337946981191635132e-02
6.904110312461853027e-02
6.770926713943481445e-02
5.363407358527183533e-02
4.436866194009780884e-02
4.495842382311820984e-02
4.175597429275512695e-02
5.312682688236236572e-02
4.351394996047019958e-02
3.762504458427429199e-02
3.866425529122352600e-02
3.839190304279327393e-02
5.678648501634597778e-02
6.165826320648193359e-02
6.283001601696014404e-02
6.373024731874465942e-02
4.694876074790954590e-02
4.929890856146812439e-02
4.113119840621948242e-02
3.257975727319717407e-02
3.050703741610050201e-02
1.530076190829277039e-02
2.575664967298507690e-02
2.773085609078407288e-02
3.369455412030220032e-02
3.296314924955368042e-02
2.483830787241458893e-02
3.217553719878196716e-02
2.906206995248794556e-02
2.972346358001232147e-02
2.212191373109817505e-02
1.146161742508411407e-02
8.152595721185207367e-03
-3.101666225120425224e-04
-5.779594066552817822e-04
-1.753214630298316479e-03
-1.753203012049198151e-02
-2.848204597830772400e-02
-3.472044318914413452e-02
-2.583832107484340668e-02
-1.164104230701923370e-02
-9.262145496904850006e-03
-5.775896832346916199e-03
-1.064926572144031525e-02
-1.264834310859441757e-02
-1.679153554141521454e-02
-2.049107663333415985e-02
-2.435483783483505249e-02
-3.509899601340293884e-02
-3.800876438617706299e-02
-3.774151578545570374e-02
-3.537863492965698242e-02
-3.864420950412750244e-02
-5.177613347768783569e-02
-6.333035230636596680e-02
-6.396244466304779053e-02
-6.250387430191040039e-02
-5.794951319694519043e-02
-5.962458625435829163e-02
-5.586841329932212830e-02
-4.497778043150901794e-02
-3.636815398931503296e-02
-3.016459569334983826e-02
-3.671499341726303101e-02
-4.956604540348052979e-02
-6.364762783050537109e-02
-6.778970360755920410e-02
-5.723216757178306580e-02
-5.193929746747016907e-02
-6.228724867105484009e-02
-7.229301333427429199e-02
-7.738874852657318115e-02
-6.282115727663040161e-02
-4.670076072216033936e-02
-3.794431313872337341e-02
-2.922265231609344482e-02
-3.419379889965057373e-02
-3.734614700078964233e-02
-3.331526368856430054e-02
-3.119658306241035461e-02
-2.724969573318958282e-02
-3.263412788510322571e-02
-3.949022293090820312e-02
-2.356523647904396057e-02
-1.426240149885416031e-02
3.890052204951643944e-03
9.721228852868080139e-03
8.105870336294174194e-03
2.243355475366115570e-02
2.516959048807621002e-02
3.398217260837554932e-02
2.986096590757369995e-02
1.998020336031913757e-02
2.465942688286304474e-02
2.523454278707504272e-02
2.497598901391029358e-02
2.731597051024436951e-02
2.223147079348564148e-02
3.445354476571083069e-02
3.935291245579719543e-02
5.064196884632110596e-02
5.729058384895324707e-02
4.966324567794799805e-02
5.099448561668395996e-02
4.953856021165847778e-02
6.250997632741928101e-02
6.419254839420318604e-02
6.390278786420822144e-02
6.016938388347625732e-02
5.037137866020202637e-02
4.277758672833442688e-02
3.229242563247680664e-02
3.166328370571136475e-02
3.098134510219097137e-02
2.927293255925178528e-02
3.335939720273017883e-02
3.694084286689758301e-02
4.504432529211044312e-02
4.864467680454254150e-02
4.197385534644126892e-02
4.164857417345046997e-02
4.181833565235137939e-02
4.835451021790504456e-02
6.054546684026718140e-02
5.919203162193298340e-02
5.517776310443878174e-02
3.233242034912109375e-02
1.220741122961044312e-02
7.574002724140882492e-03
3.389697754755616188e-03
9.618988260626792908e-03
1.024229731410741806e-02
1.690883189439773560e-02
1.870576292276382446e-02
9.415153414011001587e-03
9.782228618860244751e-03
3.573841881006956100e-03
-1.473750802688300610e-03
-1.347486278973519802e-03
-4.567457828670740128e-03
4.687395412474870682e-03
-2.553808502852916718e-03
-7.975084707140922546e-03
-1.071021612733602524e-02
-2.524296380579471588e-02
-2.662996575236320496e-02
-3.063443489372730255e-02
-2.779750898480415344e-02
-2.546531707048416138e-02
-2.476405352354049683e-02
-2.038864418864250183e-02
-2.652922272682189941e-02
-4.013235121965408325e-02
-4.865922778844833374e-02
-5.507262051105499268e-02
-5.237406119704246521e-02
-4.958415403962135315e-02
-4.175896942615509033e-02
-3.468043357133865356e-02
-3.913593292236328125e-02
-3.723227605223655701e-02
-4.166108369827270508e-02
-4.483088850975036621e-02
-5.153640359640121460e-02
-6.090785190463066101e-02
-6.047535687685012817e-02
-5.347847938537597656e-02
-4.863101989030838013e-02
-4.033235087990760803e-02
-4.333509877324104309e-02
-5.019502341747283936e-02
-6.040269881486892700e-02
-7.240457832813262939e-02
-6.324198842048645020e-02
-4.832256585359573364e-02
-3.554770722985267639e-02
-2.879805862903594971e-02
-3.367133438587188721e-02
-3.678072988986968994e-02
-4.248848557472229004e-02
-4.196765646338462830e-02
-3.051822446286678314e-02
-3.439405560493469238e-02
-3.397651761770248413e-02
-4.052948206663131714e-02
-3.269191086292266846e-02
-1.464967522770166397e-02
-8.900806307792663574e-03
7.639985997229814529e-03
8.143669925630092621e-03
1.738595031201839447e-02
2.798185311257839203e-02
2.256895601749420166e-02
2.658735029399394989e-02
2.192715182900428772e-02
2.932161092758178711e-02
3.330255299806594849e-02
3.361126407980918884e-02
3.999356925487518311e-02
3.472241014242172241e-02
2.910637110471725464e-02
2.356704138219356537e-02
2.893554419279098511e-02
3.582978993654251099e-02
3.706539422273635864e-02
4.432640969753265381e-02
5.451811850070953369e-02
7.054192572832107544e-02
8.297339081764221191e-02
7.961006462574005127e-02
6.386756896972656250e-02
3.924573585391044617e-02
2.919744327664375305e-02
3.202681988477706909e-02
3.891739249229431152e-02
4.138473421335220337e-02
3.284707292914390564e-02
2.709125727415084839e-02
2.899650670588016510e-02
4.309973865747451782e-02
5.398721247911453247e-02
4.802982509136199951e-02
4.157883673906326294e-02
3.579244017601013184e-02
3.435512632131576538e-02
3.436212614178657532e-02
3.077054955065250397e-02
2.674388140439987183e-02
1.180071476846933365e-02
-2.320313360542058945e-03
2.488121623173356056e-03
1.480710227042436600e-02
2.623230591416358948e-02
2.291754074394702911e-02
1.132594328373670578e-02
3.622140269726514816e-03
-4.944653250277042389e-03
-1.469741342589259148e-03
3.036085516214370728e-03
6.321648601442575455e-03
4.606061615049839020e-03
-3.628624137490987778e-03
-6.485383957624435425e-03
-1.277882512658834457e-02
-1.931288093328475952e-02
-2.599918656051158905e-02
-3.141695633530616760e-02
-3.011120483279228210e-02
-2.693146094679832458e-02
-1.878734305500984192e-02
-1.827077381312847137e-02
-2.214543893933296204e-02
-2.764412946999073029e-02
-2.896114997565746307e-02
-2.421427331864833832e-02
-2.363179624080657959e-02
-2.092799171805381775e-02
-2.027959376573562622e-02
-2.464714646339416504e-02
-3.117844834923744202e-02
-3.696779161691665649e-02
-4.194659739732742310e-02
-4.566335678100585938e-02
-5.462247878313064575e-02
-5.888554453849792480e-02
-5.400450155138969421e-02
-4.752106592059135437e-02
-3.261325880885124207e-02
-2.360163629055023193e-02
-2.301184460520744324e-02
-2.424039319157600403e-02
-2.811436727643013000e-02
-2.621272392570972443e-02
-2.687452360987663269e-02
-3.242501616477966309e-02
-3.304937854409217834e-02
-3.348666429519653320e-02
-3.568568825721740723e-02
-3.382138535380363464e-02
-3.277552872896194458e-02
-2.491420507431030273e-02
-1.978592202067375183e-02
-2.287852391600608826e-02
-2.073517814278602600e-02
-1.844713464379310608e-02
-1.374831423163414001e-02
-1.332868821918964386e-02
-2.233365550637245178e-02
-1.958808675408363342e-02
-1.885799691081047058e-02
-1.605150476098060608e-02
-1.145245321094989777e-02
-8.276727050542831421e-03
1.476532546803355217e-03
2.963226521387696266e-03
4.721622914075851440e-03
1.361702382564544678e-02
2.441352047026157379e-02
2.965367399156093597e-02
2.847275696694850922e-02
2.239171974360942841e-02
2.432151511311531067e-02
1.974720321595668793e-02
1.396317221224308014e-02
6.081785075366497040e-03
3.554534399881958961e-03
1.262963656336069107e-02
2.932008355855941772e-02
4.734577983617782593e-02
5.344912782311439514e-02
3.354018926620483398e-02
1.094500720500946045e-02
6.689887959510087967e-04
1.635858230292797089e-02
5.228770524263381958e-02
6.688109785318374634e-02
7.659043371677398682e-02
6.385368108749389648e-02
5.602546781301498413e-02
3.852389007806777954e-02
7.711544632911682129e-03
-1.522820070385932922e-02
-1.977033168077468872e-02
4.843746311962604523e-03
4.172483831644058228e-02
7.294088602066040039e-02
7.874647527933120728e-02
5.518792197108268738e-02
1.878111623227596283e-02
-2.735398709774017334e-03
-6.657239980995655060e-03
1.904152100905776024e-03
1.696769893169403076e-02
4.157029837369918823e-02
6.239907816052436829e-02
6.352795660495758057e-02
3.997360542416572571e-02
6.751913577318191528e-03
-1.888721249997615814e-02
-2.000534161925315857e-02
-2.500237897038459778e-03
2.402546443045139313e-02
3.943727910518646240e-02
3.385093808174133301e-02
1.772344857454299927e-02
-1.539082964882254601e-03
-1.653219386935234070e-02
-2.352584525942802429e-02
-2.531998232007026672e-02
-2.113083004951477051e-02
-8.456829935312271118e-03
4.863603506237268448e-03
1.137500628829002380e-02
2.036656718701124191e-03
-1.788682863116264343e-02
-2.378780394792556763e-02
-1.617295481264591217e-02
-4.457147326320409775e-03
7.369378115981817245e-03
2.285370603203773499e-03
-5.169055424630641937e-03
-2.091072127223014832e-02
-3.406225889921188354e-02
-4.207164049148559570e-02
-5.096838995814323425e-02
-5.138000100851058960e-02
-4.637017846107482910e-02
-3.473468124866485596e-02
-2.324059605598449707e-02
-1.482512988150119781e-02
-1.240544207394123077e-02
-1.771230623126029968e-02
-2.660347148776054382e-02
-2.663267403841018677e-02
-1.761426217854022980e-02
-8.255838416516780853e-03
-8.946600370109081268e-03
-1.211299840360879898e-02
-1.840062625706195831e-02
-2.377675846219062805e-02
-2.785112522542476654e-02
-3.273596242070198059e-02
-3.021059185266494751e-02
-2.879185974597930908e-02
-2.073195390403270721e-02
-1.110683940351009369e-02
-7.074126042425632477e-03
-9.163914248347282410e-03
-1.955235563218593597e-02
-2.640653774142265320e-02
-1.879898831248283386e-02
-7.974769920110702515e-03
3.480180865153670311e-03
4.002898465842008591e-03
4.280039109289646149e-03
5.453319754451513290e-03
-3.179106861352920532e-03
-4.461307544261217117e-03
-4.758259281516075134e-03
-4.857217136304825544e-04
6.070861709304153919e-04
1.789143425412476063e-03
7.611706852912902832e-03
9.302556514739990234e-03
1.771392300724983215e-03
-1.714982325211167336e-03
-7.122488692402839661e-03
-1.711350120604038239e-02
-1.696924492716789246e-02
-4.146937280893325806e-03
2.032511495053768158e-02
3.811315447092056274e-02
4.191950336098670959e-02
4.113283008337020874e-02
2.802878618240356445e-02
1.948454976081848145e-02
1.766755431890487671e-02
1.489716116338968277e-02
1.169679313898086548e-02
3.942400217056274414e-03
1.092668622732162476e-02
1.894379407167434692e-02
2.817732840776443481e-02
2.842801064252853394e-02
2.241576835513114929e-02
1.024135295301675797e-02
3.130048047751188278e-03
5.247056949883699417e-03
1.891016028821468353e-02
3.129734098911285400e-02
3.274730965495109558e-02
3.028201870620250702e-02
1.367416977882385254e-02
1.051994878798723221e-02
1.263800077140331268e-02
2.273234166204929352e-02
3.418536856770515442e-02
3.429821133613586426e-02
3.381485864520072937e-02
2.564104273915290833e-02
1.291789300739765167e-02
1.293113641440868378e-02
1.056541875004768372e-02
6.099077872931957245e-03
4.007663810625672340e-04
-1.688588876277208328e-03
8.322631940245628357e-03
1.002995111048221588e-02
9.913742542266845703e-03
5.268001928925514221e-03
-7.050957647152245045e-04
-3.315604757517576218e-03
-3.836282063275575638e-03
4.527997691184282303e-03
9.527793154120445251e-03
7.239099126309156418e-03
1.335979904979467392e-03
-2.759813796728849411e-03
-1.586793805472552776e-03
-7.492475560866296291e-04
-5.027448758482933044e-03
-8.478212170302867889e-03
-1.195939630270004272e-02
-1.228638645261526108e-02
-1.176347769796848297e-02
-1.563426293432712555e-02
-2.321773581206798553e-02
-3.667794913053512573e-02
-3.788985311985015869e-02
-2.766475453972816467e-02
-1.206706650555133820e-02
-4.751779604703187943e-03
-8.468125946819782257e-03
-1.521608233451843262e-02
-1.972159184515476227e-02
-2.253124117851257324e-02
-1.709198951721191406e-02
-9.830154478549957275e-03
-5.664513446390628815e-03
-6.849900819361209869e-03
-1.344205066561698914e-02
-1.607861183583736420e-02
-2.240204997360706329e-02
-2.786897867918014526e-02
-3.539102151989936829e-02
-3.584472835063934326e-02
-3.191658109426498413e-02
-2.329937368631362915e-02
-9.635900147259235382e-03
-3.783123102039098740e-03
-9.566521272063255310e-03
-2.010284177958965302e-02
-1.918278820812702179e-02
-2.754585584625601768e-03
2.905009547248482704e-03
1.796993194147944450e-03
2.201430732384324074e-03
7.095056585967540741e-03
1.212497614324092865e-02
-1.366890384815633297e-03
-1.317397411912679672e-02
-1.961055956780910492e-02
-1.755628921091556549e-02
-7.706957403570413589e-03
1.102008624002337456e-03
5.357018671929836273e-03
-1.724332105368375778e-03
-1.476953830569982529e-02
-1.495449524372816086e-02
-3.531606169417500496e-03
1.226932089775800705e-02
1.794687286019325256e-02
1.126247923821210861e-02
7.091377861797809601e-03
8.346358314156532288e-03
1.258630678057670593e-02
7.229365408420562744e-03
3.151156124658882618e-05
5.632857792079448700e-03
1.539233699440956116e-02
2.008629590272903442e-02
1.949580758810043335e-02
1.485131680965423584e-02
7.892475463449954987e-03
-5.176862468942999840e-04
1.360072754323482513e-03
6.016579922288656235e-03
6.312289275228977203e-03
5.366337485611438751e-03
8.463502861559391022e-03
1.333389151841402054e-02
1.609872281551361084e-02
1.887595839798450470e-02
1.647726446390151978e-02
8.504047058522701263e-03
3.794450603891164064e-04
4.097984638065099716e-03
1.164397504180669785e-02
1.186410710215568542e-02
9.151468984782695770e-03
4.682998638600111008e-03
5.140198627486824989e-04
1.961195608600974083e-03
3.213966730982065201e-03
5.005324259400367737e-03
4.996285773813724518e-03
8.964230306446552277e-03
1.719227805733680725e-02
1.685716770589351654e-02
1.222272682934999466e-02
7.270467467606067657e-03
3.087685443460941315e-03
-1.837054034695029259e-03
-2.747615799307823181e-03
1.385057345032691956e-03
2.393796341493725777e-03
2.761348150670528412e-03
1.380480942316353321e-03
-4.890461917966604233e-03
-9.856713004410266876e-03
-1.217448990792036057e-02
-7.253076881170272827e-03
-9.835800155997276306e-03
-1.341906934976577759e-02
-7.952034473419189453e-03
1.994638238102197647e-03
7.786648347973823547e-03
-1.748513779602944851e-03
-6.785438861697912216e-03
-1.001264993101358414e-02
-8.510424755513668060e-03
-8.390387520194053650e-03
-1.170998066663742065e-02
-1.023502461612224579e-02
-1.231986097991466522e-02
-1.043820008635520935e-02
-6.354769226163625717e-03
-8.614549413323402405e-03
-1.000074483454227448e-02
-1.551112532615661621e-02
-2.019037678837776184e-02
-1.425357908010482788e-02
-1.346410065889358521e-02
-9.080557152628898621e-03
-1.443002186715602875e-02
-1.986409723758697510e-02
-1.602709665894508362e-02
-1.328166946768760681e-02
-5.327688995748758316e-03
-1.150733092799782753e-03
-5.642492906190454960e-04
-3.706968855112791061e-03
-3.265883307904005051e-03
-9.007321787066757679e-04
1.571002649143338203e-04
-9.931700304150581360e-03
-1.823965646326541901e-02
-2.023159526288509369e-02
-1.183541398495435715e-02
-1.173166674561798573e-04
5.479188170284032822e-03
3.206019755452871323e-03
-6.609526462852954865e-03
-4.691002890467643738e-03
-7.125060074031352997e-04
1.028691651299595833e-03
-1.043207570910453796e-02
-7.828766480088233948e-03
8.788272738456726074e-03
2.038681507110595703e-02
1.561079919338226318e-02
-7.543561514467000961e-05
-6.726804189383983612e-03
-3.753322642296552658e-03
4.411575384438037872e-03
1.246648188680410385e-02
1.744378358125686646e-02
1.536895707249641418e-02
1.153096463531255722e-02
1.478179707191884518e-03
-4.727162420749664307e-03
-1.154351886361837387e-02
-1.070628501474857330e-02
-8.140548132359981537e-03
-5.052618798799812794e-04
1.195677183568477631e-02
2.245811186730861664e-02
2.801349014043807983e-02
2.246643416583538055e-02
1.444613374769687653e-02
2.907674992457032204e-03
-3.840117016807198524e-03
-8.492507971823215485e-03
-1.260564662516117096e-03
1.028084475547075272e-02
1.367753557860851288e-02
1.370545569807291031e-02
1.210093311965465546e-02
8.966032415628433228e-03
6.320458371192216873e-03
-1.049733255058526993e-03
-3.133519785478711128e-03
-2.241712791146710515e-04
2.863841829821467400e-03
1.385463587939739227e-02
1.001398824155330658e-02
4.080634564161300659e-03
8.994535310193896294e-04
1.781897153705358505e-03
6.646531168371438980e-03
5.511637777090072632e-03
1.050688046962022781e-02
1.170729752629995346e-02
5.782523192465305328e-03
1.052544219419360161e-03
1.887011690996587276e-03
-2.423636848106980324e-03
-5.398770794272422791e-03
-3.990390338003635406e-03
4.185029305517673492e-03
7.418614812195301056e-03
3.424066817387938499e-03
9.490214288234710693e-03
4.300583153963088989e-03
-3.324803896248340607e-03
-1.137997768819332123e-02
-9.379826486110687256e-03
-2.442980650812387466e-03
-6.695573683828115463e-03
-3.258047858253121376e-03
-1.324595650658011436e-03
-8.604862960055470467e-04
-2.439309377223253250e-03
-5.667579825967550278e-03
-8.197613060474395752e-03
-1.007807813584804535e-02
-6.555220112204551697e-03
2.976955845952033997e-03
5.878996569663286209e-03
8.276057196781039238e-04
-3.705844283103942871e-03
-3.810997353866696358e-03
4.373700357973575592e-04
-4.230066668242216110e-03
-1.121793035417795181e-02
-1.756595075130462646e-02
-1.263084355741739273e-02
-1.169038121588528156e-03
4.901777021586894989e-03
1.615122542716562748e-03
-2.527226926758885384e-03
-7.308771368116140366e-03
-8.188467472791671753e-03
-5.405425094068050385e-03
-4.473490989767014980e-04
5.401510279625654221e-03
4.450034350156784058e-03
7.704216521233320236e-03
5.835364572703838348e-03
6.723356200382113457e-04
-7.489968556910753250e-03
-9.350840933620929718e-03
-7.660740986466407776e-03
-6.486783735454082489e-03
-6.480044219642877579e-03
-4.759555682539939880e-03
-3.905984107404947281e-03
-7.218334940262138844e-04
3.953691571950912476e-03
1.356394495815038681e-04
-6.534402258694171906e-03
-8.237066678702831268e-03
1.185327535495162010e-03
8.695196360349655151e-03
8.680045604705810547e-03
7.337314076721668243e-03
6.673153489828109741e-03
3.896711394190788269e-03
2.271056873723864555e-03
-5.849042790941894054e-04
-2.170610474422574043e-03
-7.698413915932178497e-03
-7.095737848430871964e-03
-2.977356314659118652e-03
-6.100094178691506386e-04
8.336856262758374214e-04
-1.865537633420899510e-04
1.524643623270094395e-03
1.272105379030108452e-03
2.350385999307036400e-03
3.162604058161377907e-03
4.916045814752578735e-03
5.153276026248931885e-03
6.945778150111436844e-03
2.345371991395950317e-03
-5.611766246147453785e-04
-3.034946508705615997e-03
-9.717551292851567268e-04
2.543099690228700638e-03
-1.500317826867103577e-03
-5.143730086274445057e-04
-8.151021902449429035e-04
5.096241366118192673e-03
9.535569697618484497e-03
7.910279557108879089e-03
1.940139569342136383e-03
-3.773625008761882782e-03
-2.668473171070218086e-03
-1.410552067682147026e-05
2.264145063236355782e-03
3.137423656880855560e-03
4.132216330617666245e-03
5.727708805352449417e-03
4.681666847318410873e-03
2.692749258130788803e-03
-9.443305898457765579e-04
-3.744428977370262146e-03
-4.700009711086750031e-03
-3.327305428683757782e-03
-3.223639214411377907e-04
3.111941739916801453e-03
6.571619771420955658e-03
5.351365543901920319e-03
-1.763022271916270256e-03
-4.774026572704315186e-03
-1.240940066054463387e-03
-2.202145289629697800e-03
-5.366998724639415741e-03
-6.241869181394577026e-03
1.996287144720554352e-03
6.648049689829349518e-03
3.511845599859952927e-03
4.027451854199171066e-03
3.714788472279906273e-03
-3.751591430045664310e-04
-4.078584723174571991e-03
-2.649368951097130775e-03
1.206620596349239349e-03
5.968735786154866219e-04
-2.545007737353444099e-03
-1.632799161598086357e-03
-4.108907887712121010e-04
-1.353544066660106182e-03
-2.595538739114999771e-03
-1.117874751798808575e-03
1.646640244871377945e-03
1.326996483840048313e-03
5.489565664902329445e-04
7.732866215519607067e-04
7.915643509477376938e-04
-2.163380384445190430e-03
-4.208861850202083588e-03
-3.307473845779895782e-03
-3.830948844552040100e-05
3.606032580137252808e-03
2.650054637342691422e-03
-1.368693192489445210e-03
-4.880734719336032867e-03
-3.018639516085386276e-03
-1.990495715290307999e-03
-3.461214480921626091e-03
-3.868947271257638931e-03
-2.364424988627433777e-03
5.141097353771328926e-04
-2.756937756203114986e-04
-1.179717248305678368e-03
9.317776421085000038e-04
4.692632704973220825e-03
4.439578391611576080e-03
1.657162327319383621e-03
-7.910188287496566772e-04
9.870090289041399956e-04
2.870423486456274986e-03
-7.945096585899591446e-04
-4.103718325495719910e-03
-5.654687527567148209e-03
-2.121196826919913292e-03
6.883999449200928211e-04
1.067842822521924973e-03
2.552843187004327774e-03
2.149810083210468292e-03
4.905823734588921070e-04
6.537624867632985115e-04
2.479428658261895180e-03
3.487926675006747246e-03
-8.430436719208955765e-05
-1.664765528403222561e-03
1.581202377565205097e-03
3.529815468937158585e-03
4.341300576925277710e-03
3.102610819041728973e-03
3.512302413582801819e-03
4.915754776448011398e-03
8.507648599334061146e-04
-4.530106205493211746e-03
-5.077376496046781540e-03
-2.215744694694876671e-03
-2.982133592013269663e-04
-1.549885346321389079e-04
1.530875219032168388e-03
6.019318476319313049e-03
7.840067148208618164e-03
8.049730211496353149e-03
4.351207986474037170e-03
-9.043710306286811829e-04
-4.142657853662967682e-03
-5.040792282670736313e-03
2.947606844827532768e-04
3.098380984738469124e-03
2.918713260442018509e-03
4.925345419906079769e-04
1.355942105874419212e-03
3.651429666206240654e-03
2.257652347907423973e-03
1.800654106773436069e-03
1.052058185450732708e-03
-8.750983979552984238e-04
-1.261654892005026340e-03
8.789647254161536694e-04
3.183957654982805252e-03
2.474176464602351189e-03
5.570261855609714985e-04
1.024065073579549789e-03
3.021287848241627216e-04
2.166265621781349182e-03
2.997822128236293793e-03
7.976935012266039848e-04
-1.512869377620518208e-03
-2.256551291793584824e-03
5.630519590340554714e-04
1.058332854881882668e-03
1.676764572039246559e-03
1.055230270139873028e-03
-1.827164320275187492e-03
-3.179785329848527908e-03
-2.071812516078352928e-03
-1.253102673217654228e-04
-2.399761433480307460e-04
-1.338988542556762695e-03
2.953353687189519405e-04
2.625538269057869911e-03
4.563910886645317078e-03
5.033588968217372894e-03
1.917311572469770908e-03
-2.009144052863121033e-03
-3.437410574406385422e-03
-1.908202189952135086e-03
-9.393462678417563438e-04
-1.951960381120443344e-03
-2.670650836080312729e-03
-1.043157419189810753e-03
-1.693523488938808441e-03
-1.108227064833045006e-03
-9.306120919063687325e-04
-1.069419668056070805e-03
-1.719136489555239677e-03
-1.481183688156306744e-03
7.751220982754603028e-05
-1.729539129883050919e-03
-2.345202490687370300e-03
-9.315392817370593548e-04
6.259040674194693565e-04
9.867699118331074715e-04
1.651638885959982872e-03
1.867129234597086906e-03
8.726236992515623569e-04
-1.781902043148875237e-03
-4.008609335869550705e-03
-4.434484522789716721e-03
-1.721238950267434120e-03
1.981274224817752838e-03
3.409837372601032257e-03
1.534087583422660828e-03
-6.161546334624290466e-04
-1.740679843351244926e-03
-4.186412319540977478e-03
-5.978620611131191254e-03
-2.914623357355594635e-03
2.454420085996389389e-03
4.198281094431877136e-03
3.260443918406963348e-03
1.147251343354582787e-03
-1.891204039566218853e-03
-6.632040720432996750e-03
-8.474227041006088257e-03
-3.021717304363846779e-03
4.216912202537059784e-03
5.506855435669422150e-03
2.882166299968957901e-03
-1.458124606870114803e-04
-7.004272192716598511e-04
5.037880036979913712e-04
-1.087004784494638443e-03
-2.788513898849487305e-03
-1.728593255393207073e-03
1.605239463970065117e-03
3.965667448937892914e-03
1.866791862994432449e-03
-2.090931870043277740e-03
-3.267040709033608437e-03
-2.351577160879969597e-03
-2.513736253604292870e-04
2.563747344538569450e-03
3.813655348494648933e-03
3.349504666402935982e-03
1.228894805535674095e-03
-5.493977223522961140e-04
-2.067646943032741547e-03
-3.306739265099167824e-03
-2.411057241261005402e-03
-1.332811894826591015e-03
-6.812025094404816628e-04
7.617855444550514221e-04
-1.391138066537678242e-04
-3.268879838287830353e-03
-4.361009225249290466e-03
-2.322258427739143372e-03
2.410671906545758247e-03
4.104271065443754196e-03
4.645997658371925354e-03
3.865170292556285858e-03
1.534410053864121437e-03
-5.176020786166191101e-04
-4.238314926624298096e-03
-6.742534227669239044e-03
-6.125531625002622604e-03
-1.504671061411499977e-03
1.816652482375502586e-03
2.853737678378820419e-03
1.344055286608636379e-03
-2.411354565992951393e-03
-4.877746105194091797e-03
-4.490113817155361176e-03
-3.514057898428291082e-04
1.001890865154564381e-03
-1.424475485691800714e-04
2.106765285134315491e-03
5.664047785103321075e-03
5.130875855684280396e-03
7.287141634151339531e-04
-2.192033920437097549e-03
-4.335069563239812851e-03
-5.452407523989677429e-03
-4.842565394937992096e-03
-2.303962595760822296e-03
-8.817788329906761646e-05
-7.268081535585224628e-04
-1.202711253426969051e-03
-2.321631647646427155e-03
-3.214667318388819695e-03
-4.022282082587480545e-03
-3.988262265920639038e-03
-2.747018123045563698e-03
-8.159391582012176514e-04
2.622584812343120575e-03
3.834820352494716644e-03
2.262007910758256912e-03
2.874375495593994856e-04
-2.375850162934511900e-04
-4.395649302750825882e-04
-1.133819227106869221e-03
-8.197051938623189926e-04
-1.052352250553667545e-03
-2.674527640920132399e-04
1.993589801713824272e-03
3.078647889196872711e-03
3.420282737351953983e-04
-3.995198756456375122e-03
-4.504485055804252625e-03
-3.736774437129497528e-03
-4.563831724226474762e-03
-3.743192879483103752e-03
-1.169650116935372353e-03
2.539393317420035601e-04
1.919891801662743092e-04
8.129162015393376350e-04
1.596906455233693123e-03
1.599633469595573843e-05
-3.010201617144048214e-04
2.446537837386131287e-04
1.172530581243336201e-03
6.360157567542046309e-05
3.099458990618586540e-04
1.164080225862562656e-03
2.078225661534816027e-04
-6.126327789388597012e-04
-1.526050386019051075e-03
-1.063137780874967575e-03
-1.944516319781541824e-03
-1.373235951177775860e-03
-4.475661262404173613e-05
-5.722281057387590408e-04
-2.714793663471937180e-03
-2.266936702653765678e-03
-1.618183916434645653e-03
-8.515797089785337448e-04
-5.610802909359335899e-04
1.234832103364169598e-03
2.315169200301170349e-03
8.714233408682048321e-04
1.684023882262408733e-03
2.910802373662590981e-03
1.882734359242022038e-03
-3.017546143382787704e-03
-4.891228396445512772e-03
-2.050657523795962334e-03
1.296909060329198837e-03
9.497204446233808994e-04
-1.422074972651898861e-03
-2.567822113633155823e-03
-1.244828337803483009e-03
-1.010688138194382191e-03
-2.713540336117148399e-03
-2.891908865422010422e-03
-6.720541568938642740e-05
1.877924427390098572e-03
3.195571014657616615e-03
3.376482287421822548e-03
2.536305924877524376e-03
5.857034702785313129e-04
-2.555843442678451538e-03
-3.091952996328473091e-03
-3.000903874635696411e-03
-1.818606397137045860e-03
-1.648142002522945404e-03
-1.372602069750428200e-03
-7.015425944700837135e-05
9.093521512113511562e-04
7.060555508360266685e-04
-9.039974538609385490e-04
-2.388075925409793854e-03
-2.895324490964412689e-03
-1.308623352088034153e-03
1.288112835027277470e-04
1.291763619519770145e-04
-1.196256373077630997e-03
-2.496194094419479370e-03
-1.782669569365680218e-03
1.233609800692647696e-04
1.729621319100260735e-03
1.108819618821144104e-03
-1.132671895902603865e-04
-1.004923542495816946e-04
7.618875242769718170e-04
2.301882923347875476e-04
-1.149244955740869045e-03
-2.269298303872346878e-03
-6.164094666019082069e-04
2.446022117510437965e-04
-2.032634802162647247e-04
-1.351981190964579582e-04
2.133353700628504157e-04
7.151419413276016712e-04
6.599562475457787514e-04
1.281125005334615707e-03
4.442570498213171959e-04
-3.418050182517617941e-04
-9.448088239878416061e-04
-6.811119383201003075e-04
-1.460900413803756237e-03
-2.431708155199885368e-03
-1.782283652573823929e-03
-7.073671440593898296e-04
-8.117342367768287659e-04
-4.386143991723656654e-04
1.204693340696394444e-03
2.285030204802751541e-03
2.121663652360439301e-03
1.790444250218570232e-03
1.819082885049283504e-03
1.404886366799473763e-03
5.807536217616870999e-05
-1.129314769059419632e-03
-8.998816483654081821e-04
-1.299462979659438133e-03
-1.173310796730220318e-03
-8.484096179017797112e-05
1.987815194297581911e-04
-1.072362996637821198e-03
-1.196209457702934742e-03
-4.156264913035556674e-05
2.146513288607820868e-04
-4.213769570924341679e-04
1.128623116528615355e-04
1.517165452241897583e-03
1.604269957169890404e-03
1.192651223391294479e-03
9.456510306335985661e-04
1.069045974873006344e-03
6.034484831616282463e-04
1.284368801862001419e-03
2.358986530452966690e-03
1.228083390742540359e-03
-6.593101716134697199e-05
-2.410174056421965361e-04
3.992300480604171753e-04
-9.144202340394258499e-04
-3.112807404249906540e-03
-3.093174425885081291e-03
-2.927140740212053061e-04
2.132590627297759056e-03
1.621084520593285561e-03
4.452692810446023941e-04
3.866045735776424408e-04
7.405884098261594772e-04
-8.337011968251317739e-05
-8.517861133441329002e-04
-2.833990729413926601e-04
7.104084361344575882e-04
1.546780229546129704e-03
1.962128793820738792e-03
1.687982818111777306e-03
4.009710100945085287e-04
-2.579492283985018730e-04
1.238109980477020144e-04
1.676905812928453088e-04
-2.818924258463084698e-04
-2.775939356070011854e-04
3.364703734405338764e-04
1.352000545011833310e-04
2.200322633143514395e-04
7.675843662582337856e-04
7.920772768557071686e-04
-3.164494992233812809e-04
-4.246794269420206547e-04
-3.570043772924691439e-04
2.635424316395074129e-04
1.523032202385365963e-03
2.125790109857916832e-03
1.570829423144459724e-03
1.054300111718475819e-03
9.850733913481235504e-04
-1.919498026836663485e-05
-4.271164361853152514e-04
5.443171830847859383e-04
1.786724780686199665e-03
1.929635647684335709e-03
2.313141012564301491e-03
1.836164621636271477e-03
1.171090174466371536e-03
-3.917926223948597908e-04
-6.721548270434141159e-04
-6.509845843538641930e-04
-1.128398725995793939e-04
5.435227649286389351e-04
2.773373853415250778e-04
7.515120669268071651e-04
1.037484034895896912e-03
1.394665450789034367e-03
1.770931557985022664e-04
-5.553382798098027706e-04
2.172041276935487986e-04
1.974696293473243713e-03
2.364609623327851295e-03
2.222201321274042130e-03
2.694243565201759338e-03
2.885573077946901321e-03
1.794620417058467865e-03
8.250589598901569843e-04
4.122822138015180826e-04
-3.878895950037986040e-04
-1.135633909143507481e-03
-8.856434724293649197e-04
4.250066995155066252e-04
5.508722970262169838e-04
6.720150850014761090e-05
2.078828692901879549e-04
6.971511757001280785e-04
5.121629801578819752e-04
5.011822795495390892e-04
1.172738848254084587e-03
1.875148387625813484e-03
1.744266948662698269e-03
1.103255897760391235e-03
6.211879081092774868e-04
3.798078978434205055e-04
3.370016929693520069e-05
9.049213258549571037e-05
1.513077149866148829e-04
1.532460446469485760e-04
5.423016846179962158e-04
1.148955430835485458e-03
1.467978931032121181e-03
1.519709359854459763e-03
5.814293399453163147e-04
-2.136822004104033113e-04
1.769118243828415871e-04
5.809882422909140587e-04
-2.478177775628864765e-04
-9.315511560998857021e-04
-2.002544642891734838e-04
2.777487097773700953e-04
3.806033637374639511e-04
2.444162382744252682e-04
7.912172004580497742e-04
8.266217773780226707e-04
8.062791312113404274e-04
8.395219338126480579e-04
1.198227517306804657e-03
4.060567589476704597e-04
-1.060210342984646559e-04
-2.289376425324007869e-05
-3.118866006843745708e-04
-3.092539554927498102e-04
9.612078429199755192e-05
6.097552832216024399e-04
1.022099095280282199e-04
-4.189210594631731510e-04
-7.774811820127069950e-04
-9.279785444959998131e-04
-1.605639234185218811e-03
-1.255806419067084789e-03
8.760091441217809916e-05
1.036331988871097565e-03
8.764535887166857719e-04
7.210737676359713078e-04
6.571531994268298149e-04
6.028088973835110664e-04
1.903109659906476736e-04
-4.365714557934552431e-04
-3.892133245244622231e-04
-1.000875054160133004e-04
2.033128839684650302e-05
1.696789404377341270e-04
-1.866531092673540115e-04
-4.506640543695539236e-04
-4.947495181113481522e-04
1.146286012954078615e-04
5.332849686965346336e-04
2.288692921865731478e-04
6.989829125814139843e-05
-2.236640721093863249e-04
4.374143099994398654e-05
-4.224157892167568207e-04
-6.990794790908694267e-04
-1.048434874974191189e-03
-1.220417325384914875e-03
-1.386379124596714973e-03
-9.531170362606644630e-04
-7.105889962986111641e-04
-9.895843686535954475e-04
-1.026123180054128170e-03
-7.664907025173306465e-04
9.578341268934309483e-05
7.025161903584375978e-05
5.702992784790694714e-04
1.066437456756830215e-03
9.722354589030146599e-04
1.936911576194688678e-04
-4.481713112909346819e-04
-4.810584359802305698e-04
-8.818292990326881409e-04
-1.186791108921170235e-03
-1.485199667513370514e-03
-1.513715600594878197e-03
-1.328993355855345726e-03
-9.026727639138698578e-04
-1.041922369040548801e-03
-1.112704048864543438e-03
-5.760910571552813053e-04
5.447185321827419102e-05
-1.462020300095900893e-04
-5.907770246267318726e-04
-4.196583176963031292e-05
4.587133880704641342e-04
7.784650370012968779e-05
-7.906816899776458740e-04
-7.517955964431166649e-04
-5.511732306331396103e-04
-3.219980571884661913e-04
-5.602804012596607208e-04
-2.540363057050853968e-04
1.348484656773507595e-04
-1.730811782181262970e-04
-7.531152805313467979e-04
-1.411381992511451244e-03
-1.371055608615279198e-03
-1.364367199130356312e-03
-1.180175924673676491e-03
-6.397326942533254623e-04
-2.443132689222693443e-04
-1.732636010274291039e-04
-3.135400183964520693e-04
-9.529078379273414612e-04
-1.595437410287559032e-03
-2.069149166345596313e-03
-1.607279293239116669e-03
-3.946869983337819576e-04
5.963232251815497875e-04
9.157070890069007874e-04
6.764844874851405621e-04
5.035401554778218269e-04
-1.435825251974165440e-04
-1.364878145977854729e-03
-1.486103748902678490e-03
-6.678100908175110817e-04
-3.613555163610726595e-04
-5.827127024531364441e-04
-5.934536457061767578e-04
4.218379035592079163e-05
2.031649055425077677e-04
-1.094419858418405056e-04
-7.405357901006937027e-04
-1.199546270072460175e-03
-9.987115627154707909e-04
-5.316449096426367760e-04
-5.295592127367854118e-04
-7.812485564500093460e-04
-6.796423112973570824e-04
-4.843303468078374863e-04
-3.191024879924952984e-04
-3.679544897750020027e-04
-5.640406161546707153e-04
-8.146928157657384872e-04
-5.286189261823892593e-04
4.700533463619649410e-05
3.588835825212299824e-04
-1.896384674182627350e-05
1.587257065693847835e-05
4.674463416449725628e-04
2.566565817687660456e-04
-1.177840458694845438e-04
-2.639468875713646412e-04
-5.983747178106568754e-05
-4.397330339998006821e-04
-9.858685079962015152e-04
-1.042523304931819439e-03
-6.235362379811704159e-04
-7.396495202556252480e-04
-1.113830949179828167e-03
-8.831879822537302971e-04
-6.598429172299802303e-04
-5.389720899984240532e-04
-6.347976741380989552e-04
-3.512028779368847609e-04
-2.569631033111363649e-04
-1.862396602518856525e-04
8.139161218423396349e-05
1.523258542874827981e-04
3.152170975226908922e-04
1.113247417379170656e-04
3.751591430045664310e-05
1.615806686459109187e-04
-1.952380625880323350e-05
-3.778438258450478315e-04
-3.935199638362973928e-04
-3.182515501976013184e-05
-4.974715411663055420e-04
-1.110464101657271385e-03
-1.191534101963043213e-03
-6.044056499376893044e-04
-3.163756628055125475e-05
-2.558394335210323334e-04
-3.092043334618210793e-05
1.949373836396262050e-04
4.372100229375064373e-04
6.692975293844938278e-04
7.586389547213912010e-04
7.227726164273917675e-04
2.095571835525333881e-04
-8.334624726558104157e-05
-3.383072616998106241e-04
-8.141539874486625195e-04
-7.994531188160181046e-04
-3.656825574580579996e-04
1.518559147370979190e-04
1.467723050154745579e-04
-3.105537616647779942e-04
-4.927092813886702061e-04
-4.330697702243924141e-04
-4.346592759247869253e-04
-6.778798415325582027e-04
-3.457574639469385147e-04
-8.851477468851953745e-05
1.543304824735969305e-04
4.277068364899605513e-04
4.913799930363893509e-04
2.826754353009164333e-04
-3.003064775839447975e-04
-1.662264548940584064e-04
1.417293387930840254e-04
3.206639084964990616e-04
3.191580181010067463e-04
3.469426010269671679e-04
4.344134649727493525e-04
1.968961732927709818e-04
-2.685397630557417870e-04
-4.684501327574253082e-04
-1.819955650717020035e-04
1.514036266598850489e-04
4.698442644439637661e-04
5.591532099060714245e-04
4.579359665513038635e-04
-2.700674231164157391e-04
-9.506408241577446461e-04
-9.852474322542548180e-04
-4.762737662531435490e-04
2.337365294806659222e-04
6.913352990522980690e-04
9.884391911327838898e-04
1.115874387323856354e-03
1.059969188645482063e-03
6.386182503774762154e-04
-1.193696225527673960e-04
-8.991358918137848377e-04
-9.995116852223873138e-04
-4.471869324333965778e-04
1.965284463949501514e-04
2.058596874121576548e-04
3.881482916767708957e-05
-4.912680014967918396e-05
-1.308746432187035680e-04
-3.053004038520157337e-04
-3.352374769747257233e-04
-8.280092151835560799e-05
2.181307936552911997e-04
7.606425206176936626e-04
1.346579287201166153e-03
1.329379156231880188e-03
7.173963822424411774e-04
4.351403913460671902e-04
1.523832615930587053e-04
-2.633976400829851627e-04
-6.601549685001373291e-04
-6.933385739102959633e-04
-2.069436595775187016e-04
1.533774047857150435e-04
8.507010352332144976e-05
-8.527896716259419918e-05
-2.061143750324845314e-04
-4.490848514251410961e-04
-5.857897922396659851e-04
-3.416229737922549248e-04
2.189747610827907920e-04
5.185584886930882931e-04
5.043263081461191177e-04
5.179368308745324612e-04
3.954318235628306866e-04
1.864648074842989445e-04
-1.431061682524159551e-04
-1.212697970913723111e-04
7.940809882711619139e-05
1.834212889662012458e-04
5.805754335597157478e-04
8.978103287518024445e-04
8.910647593438625336e-04
2.779791830107569695e-04
-2.941741840913891792e-04
-3.705353592522442341e-04
-4.525806871242821217e-04
-7.653296343050897121e-04
-6.388095207512378693e-04
-8.811870793579146266e-05
2.298326289746910334e-04
4.179531824775040150e-04
4.651103226933628321e-04
3.511889954097568989e-04
2.956027747131884098e-04
4.461239150259643793e-04
5.418639630079269409e-04
6.865123868919909000e-04
5.532649229280650616e-04
3.941831528209149837e-04
4.630358889698982239e-04
2.917786187026649714e-04
-1.992273246287368238e-05
-3.378036781214177608e-04
-5.526322638615965843e-04
-5.612809909507632256e-04
-4.101569065824151039e-04
-3.236776683479547501e-04
-5.431868485175073147e-04
-7.243924774229526520e-04
-4.718636046163737774e-04
-3.121436457149684429e-04
-6.331336044240742922e-05
2.250705729238688946e-04
5.292127607390284538e-04
8.559070411138236523e-04
7.484531961381435394e-04
5.223259213380515575e-04
2.914494834840297699e-04
-1.430499560228781775e-05
-3.590051201172173023e-04
-4.164892015978693962e-04
-1.724156318232417107e-04
-2.215135100414045155e-05
-2.367247798247262836e-04
-3.731895703822374344e-04
-2.098343393299728632e-04
-8.944883302319794893e-05
-4.666544264182448387e-04
-8.464065031148493290e-04
-5.673392442986369133e-04
-8.551187420380301774e-07
3.522379556670784950e-04
4.912250442430377007e-04
5.116638494655489922e-04
2.903176355175673962e-04
1.409146061632782221e-04
-1.913328887894749641e-04
-2.766943362075835466e-04
-3.508686495479196310e-04
-1.741940359352156520e-04
1.243333099409937859e-04
3.946928336517885327e-05
1.138120787800289690e-04
1.007754908641800284e-04
-8.744938531890511513e-05
-5.358745693229138851e-04
-7.483186782337725163e-04
-6.634109886363148689e-04
-3.277115465607494116e-04
-1.584047859068959951e-04
-1.471704308642074466e-04
-1.166347501566633582e-04
7.065855606924742460e-05
3.005499020218849182e-04
8.646211790619418025e-05
-1.561115350341424346e-04
-8.603015885455533862e-05
1.231223868671804667e-04
1.070976431947201490e-04
-6.435917748603969812e-05
-1.483354863012209535e-04
-6.962574843782931566e-05
1.791276372387073934e-05
1.688612537691369653e-04
2.051813316938932985e-05
-1.440809428459033370e-04
-1.762163592502474785e-04
7.345477570197544992e-06
7.633926725247874856e-05
-1.984671107493340969e-04
-3.793761716224253178e-04
-3.511495306156575680e-04
-2.590569201856851578e-04
-2.939886471722275019e-04
-2.601379819680005312e-04
-4.443428188096731901e-04
-5.678604939021170139e-04
-4.461756907403469086e-04
-2.552699297666549683e-04
-3.123292699456214905e-04
-3.066222998313605785e-04
-9.627530380384996533e-05
1.083167881006374955e-04
2.241651527583599091e-04
2.561865549068897963e-04
3.075731801800429821e-04
3.137036983389407396e-04
2.179252187488600612e-04
3.820393612841144204e-05
-1.712584198685362935e-04
-4.670071939472109079e-04
-6.030781660228967667e-04
-4.843900096602737904e-04
-3.955043212044984102e-04
-4.859329201281070709e-04
-4.329018411226570606e-04
-2.521891728974878788e-04
-1.584826386533677578e-04
-2.723480865824967623e-04
-2.177931892219930887e-04
-3.918468064512126148e-05
5.699873509001918137e-05
1.414650469087064266e-04
2.127086627297103405e-04
2.174206892959773540e-04
1.897784823086112738e-04
2.003177069127559662e-04
6.775988731533288956e-05
-2.819234941853210330e-05
-1.084532923414371908e-04
-2.022146072704344988e-04
-2.255220897495746613e-04
-3.897535498254001141e-04
-5.258647724986076355e-04
-5.539009580388665199e-04
-3.671794838737696409e-04
-1.864867226686328650e-04
-1.734833640512079000e-04
-8.249613892985507846e-05
-3.261481833760626614e-05
1.066293043550103903e-04
3.008854764630086720e-05
2.491554369044024497e-05
4.835323852603323758e-05
8.890609024092555046e-06
4.914547753287479281e-05
4.997907672077417374e-05
-8.825574695947580040e-06
-8.828740101307630539e-05
-9.420618880540132523e-05
-1.884318480733782053e-04
-3.133493009954690933e-04
-4.005766240879893303e-04
-4.341640451457351446e-04
-5.272462149150669575e-04
-4.995506023988127708e-04
-3.229105204809457064e-04
-1.516646298114210367e-04
-4.730581713374704123e-05
1.064803927874891087e-05
1.998101106437388808e-05
2.719171789067331702e-05
3.684456169139593840e-05
1.756232813932001591e-04
3.082533658016473055e-04
2.599991275928914547e-04
2.213358238805085421e-04
5.746527676819823682e-05
-7.500553329009562731e-05
-1.326786732533946633e-04
-8.456505020149052143e-05
-4.697233089245855808e-05
-1.629960170248523355e-04
-1.334327389486134052e-04
-1.446130918338894844e-04
-3.560511322575621307e-05
-8.673703996464610100e-05
-1.291796943405643106e-04
-1.307649363297969103e-04
1.211298513226211071e-05
1.436585589544847608e-04
2.874704659916460514e-05
1.593980850884690881e-04
1.856875751400366426e-04
2.704416110645979643e-04
1.669451885391026735e-04
-4.738556162919849157e-05
-1.117757565225474536e-04
-2.849716474884189665e-05
3.545909567037597299e-05
4.147955405642278492e-05
-2.337716796319000423e-05
-1.003299767035059631e-04
-3.498992009554058313e-05
-1.661185160628519952e-05
-7.931808795547112823e-05
-1.423501526005566120e-04
-2.156394912162795663e-04
-1.857280440162867308e-04
-5.362087540561333299e-05
5.142355348652927205e-06
-2.285682057845406234e-06
-3.290051972726359963e-05
5.782204243587329984e-05
7.447417738148942590e-05
5.356121619115583599e-06
2.803686356855905615e-06
3.355486114742234349e-05
-6.468781066359952092e-08
2.925881926785223186e-05
6.177896284498274326e-05
-7.264543455676175654e-07
-9.596494783181697130e-05
-1.079762587323784828e-04
-7.443572394549846649e-05
-1.747708010952919722e-04
-2.491362392902374268e-04
-2.053820207947865129e-04
-1.069966965587809682e-04
-5.146468538441695273e-06
8.142455044435337186e-06
-6.060087980586104095e-05
-7.467389423254644498e-06
3.676570486277341843e-05
-6.446025508921593428e-05
-1.158680170192383230e-04
-1.296797854593023658e-04
-6.752648914698511362e-05
1.328608686890220270e-05
2.357651828788220882e-05
2.877544829971157014e-05
2.183884134865365922e-05
4.517653724178671837e-05
1.142794717452488840e-04
1.035850509651936591e-04
-1.384810821036808193e-05
-1.635699736652895808e-04
-2.203490585088729858e-04
-1.825608487706631422e-04
-1.548810396343469620e-04
-1.681113208178430796e-04
-1.765115302987396717e-04
-1.362796319881454110e-04
-1.567759027238935232e-04
-1.894673914648592472e-04
-1.132472025346942246e-04
-7.956210174597799778e-05
-3.010262298630550504e-05
6.043317262083292007e-05
5.478394450619816780e-05
1.174713179352693260e-04
2.512441278668120503e-05
-9.054064139490947127e-05
-2.058301324723288417e-04
-2.142989105777814984e-04
-2.087308384943753481e-04
-2.411620225757360458e-04
-2.446863218210637569e-04
-1.817086013033986092e-04
-1.566072169225662947e-04
-2.687330124899744987e-04
-1.315240515395998955e-04
-9.382711868965998292e-05
-2.144130485248751938e-05
2.413770926068536937e-05
3.592755456338636577e-05
7.671699131606146693e-05
1.494783500675112009e-04
9.873654198599979281e-05
-5.261106707621365786e-05
-1.312523090746253729e-04
-1.859895564848557115e-04
-2.041243715211749077e-04
-1.747488568071275949e-04
-9.760751709109172225e-05
-1.202141284011304379e-04
-1.305215264437720180e-04
-1.363584888167679310e-04
-1.365288917440921068e-04
-1.131149474531412125e-04
-6.624680099776014686e-05
7.308562999241985381e-06
3.434782411204650998e-05
1.209857782669132575e-05
6.955537537578493357e-05
1.577240618644282222e-05
4.521373739407863468e-06
-5.131318903295323253e-05
-1.004798978101462126e-04
-1.098632055800408125e-04
-1.348678779322654009e-04
-6.798560207244008780e-05
-8.430381421931087971e-05
-9.389508340973407030e-05
-8.032738696783781052e-05
2.497017703717574477e-05
1.411659013683674857e-05
-5.813662573928013444e-05
-1.252844522241503000e-04
-1.726640475681051612e-04
-1.571004831930622458e-04
-1.676814717939123511e-04
-1.921839721035212278e-04
-1.787350047379732132e-04
-6.816060340497642756e-05
-5.581642108154483140e-05
-2.961724749184213579e-05
-2.518575274734757841e-05
-1.402999769197776914e-04
-1.589371677255257964e-04
-1.578406081534922123e-04
-1.722308516036719084e-04
-1.952086749952286482e-04
-1.597292721271514893e-04
-1.014091685647144914e-04
-8.434830670012161136e-05
-8.392716699745506048e-05
-1.014293302432633936e-04
-9.019411663757637143e-05
-1.087825803551822901e-04
-8.113761577988043427e-05
-7.383347110589966178e-05
-9.599376062396913767e-05
-1.169879687950015068e-04
-1.163869601441547275e-04
-8.282846829388290644e-05
-8.119548147078603506e-05
-1.354695705231279135e-04
-1.623765419935807586e-04
-1.620973198441788554e-04
-1.710023934720084071e-04
-1.346051867585629225e-04
-1.174906792584806681e-04
-7.119403016986325383e-05
-6.205309182405471802e-05
-3.565279621398076415e-05
1.594215177647129167e-06
-3.722116525750607252e-05
-9.712076280266046524e-05
-1.204328436870127916e-04
-9.718335059005767107e-05
-9.226705151377245784e-05
-9.718615910969674587e-05
-1.007986720651388168e-04
-9.365913865622133017e-05
-1.063253221218474209e-04
-1.446596870664507151e-04
-1.781711616786196828e-04
-1.730312360450625420e-04
-1.062691153492778540e-04
-1.155901409219950438e-04
-5.028812665841542184e-05
3.510006536089349538e-06
-6.397563083737622947e-06
-1.323589003732195124e-05
-7.828273373888805509e-05
-8.518019603798165917e-05
-1.088764547603204846e-04
-1.086242627934552729e-04
-1.597789232619106770e-04
-1.287627237616106868e-04
-9.193498408421874046e-05
-8.909846656024456024e-05
-5.289270848152227700e-05
-8.627955685369670391e-05
-1.121111563406884670e-04
-1.116681451094336808e-04
-1.526644919067621231e-04
-1.372019178234040737e-04
-8.366591646336019039e-05
-7.688703772146254778e-05
-4.350790550233796239e-05
-2.236648651887662709e-05
-1.430328302376437932e-05
-4.802329931408166885e-05
-3.764902430702932179e-05
-4.314543184591457248e-05
-5.228850932326167822e-05
-5.122866059537045658e-05
-4.367972724139690399e-05
-4.529466968961060047e-05
-4.724283280665986240e-05
-2.133881207555532455e-05
-5.085726297693327069e-05
-6.313859921647235751e-05
-5.427435098681598902e-05
-6.580900662811473012e-05
-6.035924161551520228e-05
-5.698083987226709723e-05
-5.599556607194244862e-05
-5.056790541857481003e-05
-3.286506762378849089e-05
-1.100267581932712346e-05
-2.280475018778815866e-05
-5.908727689529769123e-05
-6.834141095168888569e-05
-6.610979471588507295e-05
-5.850642992299981415e-05
-4.081823863089084625e-05
-6.386542372638359666e-05
-3.297832154203206301e-05
-3.645247124950401485e-05
-4.805476419278420508e-05
-5.208633956499397755e-05
-9.067935752682387829e-05
-6.341795233311131597e-05
-6.535686407005414367e-05
-7.296998956007882953e-05
-9.547459194436669350e-05
-9.024188329931348562e-05
-5.945044540567323565e-05
-9.172328282147645950e-05
-5.398913344833999872e-05
-5.097939720144495368e-05
-6.251109152799472213e-05
-5.255551513982936740e-05
-6.794759974582120776e-05
-5.978466651868075132e-05
-7.628118328284472227e-05
-1.012626162264496088e-04
-8.912761404644697905e-05
-5.535887976293452084e-05
-3.403267328394576907e-05
-4.561636160360649228e-05
-5.521601997315883636e-05
-5.612599125015549362e-05
-5.554378731176257133e-05
-6.042046879883855581e-05
-8.865552081260830164e-05
-8.144759340211749077e-05
-1.071028309524990618e-04
-7.729948265478014946e-05
-8.131259528454393148e-05
-8.131776121445000172e-05
-5.875632268725894392e-05
-1.005871745292097330e-04
-8.698902092874050140e-05
-1.100387016776949167e-04
-8.589460048824548721e-05
-4.919482307741418481e-05
-6.239967478904873133e-05
-6.760608812328428030e-05
-5.037043956690467894e-05
-5.279343531583435833e-05
-6.287118594627827406e-05
-5.725264054490253329e-05
-6.315021892078220844e-05
-7.458405161742120981e-05
-9.016934927785769105e-05
-8.519418770447373390e-05
-6.770257459720596671e-05
-7.485339301638305187e-05
-7.831559196347370744e-05
-7.890549022704362869e-05
-9.987285011447966099e-05
-6.407400360330939293e-05
-1.005908488878048956e-04
-9.040078293764963746e-05
-6.377811951097100973e-05
-9.964060154743492603e-05
-5.595467519015073776e-05
-7.735718827461823821e-05
-7.724284660071134567e-05
-7.206445297924801707e-05
-6.144582584965974092e-05
-4.492919106269255280e-05
-7.397266745101660490e-05
-6.394110096152871847e-05
-7.263295265147462487e-05
-7.298995478777214885e-05
-5.849658919032663107e-05
-5.762445653090253472e-05
-8.420531230513006449e-05
-6.557117740157991648e-05
-7.530802395194768906e-05
-8.735770825296640396e-05
-7.517571066273376346e-05
-1.124145637731999159e-04
-9.393176878802478313e-05
-8.443239494226872921e-05
-8.454010821878910065e-05
-9.960999886970967054e-05
-8.679813618073239923e-05
-6.803601718274876475e-05
-5.549075649469159544e-05
-4.645673107006587088e-05
-6.768725870642811060e-05
-6.624964589718729258e-05
-4.506399636738933623e-05
-4.766477650264278054e-05
-5.713437349186278880e-05
-7.224483124446123838e-05
-8.501600677845999599e-05
-7.062927033985033631e-05
-6.127882807049900293e-05
-3.898671275237575173e-05
-4.954940595780499279e-05
-5.696509106201119721e-05
-5.553941809921525419e-05
-5.456037615658715367e-05
-8.508500468451529741e-05
-9.752826008480042219e-05
-1.044770178850740194e-04
-9.026091720443218946e-05
-6.826866592746227980e-05
-4.393546623759903014e-05
-5.383702955441549420e-05
-9.026689076563343406e-05
-6.858033884782344103e-05
-6.025966285960748792e-05
-6.354264769470319152e-05
-6.979070167290046811e-05
-5.812622475787065923e-05
-6.041675806045532227e-05
-5.409302320913411677e-05
-5.411720485426485538e-05
-5.281111953081563115e-05
-6.438015407184138894e-05
-6.331465556286275387e-05
-5.806203625979833305e-05
-6.065404886612668633e-05
-7.387749792542308569e-05
-7.097025809343904257e-05
-6.830096390331164002e-05
-9.116029832512140274e-05
-8.534437802154570818e-05
-8.080734551185742021e-05
-8.640039595775306225e-05
-7.119667134247720242e-05
-8.104419976007193327e-05
-6.553854473168030381e-05
-7.213370554381981492e-05
-9.580428013578057289e-05
-6.356030644383281469e-05
-6.258797657210379839e-05
-7.111524610081687570e-05
-9.868222696240991354e-05
-6.395369564415886998e-05
-8.060247637331485748e-05
-9.158788452623412013e-05
-8.742239879211410880e-05
-7.920058851595968008e-05
-5.338748815120197833e-05
-6.650452269241213799e-05
-5.498828977579250932e-05
-6.597512401640415192e-05
-7.786299102008342743e-05
-8.022379188332706690e-05
-6.389944610418751836e-05
-5.212575706536881626e-05
-6.638049671892076731e-05
-1.052061852533370256e-04
-8.290373079944401979e-05
-5.840674566570669413e-05
-8.535430242773145437e-05
-9.761725959833711386e-05
-7.872891001170501113e-05
-8.782057557255029678e-05
-6.865552131785079837e-05
-7.123741670511662960e-05
-7.210153853520750999e-05
-5.319710544426925480e-05
-9.132693958235904574e-05
-8.118733967421576381e-05
-9.107090590987354517e-05
-6.413913797587156296e-05
-5.431176396086812019e-05
-5.572530062636360526e-05
-6.685411062790080905e-05
-6.438678974518552423e-05
-6.427763582905754447e-05
-9.240665531251579523e-05
-9.504615445621311665e-05
-9.463572496315464377e-05
-9.231110743712633848e-05
-8.263123891083523631e-05
-7.268069020938128233e-05
-8.985647582449018955e-05
-9.182593930745497346e-05
-7.660740811843425035e-05
-6.220390787348151207e-05
-8.542970317648723722e-05
-6.017080886522307992e-05
-5.990034696878865361e-05
-5.989340934320352972e-05
-6.368213507812470198e-05
-5.952603169134818017e-05
-7.014238508418202400e-05
-9.399119153385981917e-05
-7.045023085083812475e-05
-6.508313526865094900e-05
-7.584645936731249094e-05
-7.083576201694086194e-05
-6.433228554669767618e-05
-6.780926923966035247e-05
-7.747766358079388738e-05
-8.842076204018667340e-05
-9.262368985218927264e-05
-7.679491682210937142e-05
-7.450624252669513226e-05
-8.977406832855194807e-05
-6.089995440561324358e-05
-6.274139741435647011e-05
-5.832699025631882250e-05
-8.711681584827601910e-05
-6.643770029768347740e-05
-7.503319648094475269e-05
-9.001960279420018196e-05
-8.265997894341126084e-05
-7.938615453895181417e-05
-4.993892071070149541e-05
-6.248769932426512241e-05
-5.329852137947455049e-05
-6.183434743434190750e-05
-7.854324212530627847e-05
-9.205975220538675785e-05
-8.702387276571244001e-05
-9.680080256657674909e-05
-8.067322778515517712e-05
-5.639240407617762685e-05
-7.210970215965062380e-05
-7.632852793904021382e-05
-8.435251220362260938e-05
-8.432142931269481778e-05
-8.900503598852083087e-05
-8.744005026528611779e-05
-8.742958016227930784e-05
-8.889212767826393247e-05
-5.930249244556762278e-05
-5.866367428097873926e-05
-5.880420576431788504e-05
-7.280035060830414295e-05
-9.566382504999637604e-05
-6.802884308854117990e-05
-7.843281491659581661e-05
-8.766150858718901873e-05
-8.609762880951166153e-05
-9.335321374237537384e-05
-6.029312135069631040e-05
-7.429845572914928198e-05
-7.738121348666027188e-05
-6.877432315377518535e-05
-6.807622412452474236e-05
-5.742384018958546221e-05
-5.455457721836864948e-05
-7.854957220843061805e-05
-8.625850750831887126e-05
-6.943842163309454918e-05
-9.263195534003898501e-05
-8.671937393955886364e-05
-7.275644748006016016e-05
-5.317672184901311994e-05
-8.354071906069293618e-05
-8.914618229027837515e-05
-6.075096462154760957e-05
-5.797758058179169893e-05
-5.624473124044016004e-05
-7.083769014570862055e-05
-6.568405660800635815e-05
-5.532179056899622083e-05
-6.631630094489082694e-05
-9.174023580271750689e-05
-8.628171053715050220e-05
-9.506959759164601564e-05
-8.153314411174505949e-05
-5.990340650896541774e-05
-6.139268225524574518e-05
-6.005798786645755172e-05
-6.047721035429276526e-05
-8.786049875197932124e-05
-8.671957766637206078e-05
-8.965896267909556627e-05
-8.395876648137345910e-05
-5.807073466712608933e-05
-6.437092815758660436e-05
-6.115126598160713911e-05
-6.250666774576529860e-05
-5.888258237973786891e-05
-8.545086166122928262e-05
-7.326983904931694269e-05
-7.969159196363762021e-05
-7.449184340657666326e-05
-7.190524775069206953e-05
-9.092012624023482203e-05
-7.871797424741089344e-05
-5.755412712460383773e-05
-6.331772601697593927e-05
-9.080032759811729193e-05
-8.676639117766171694e-05
-6.962137558730319142e-05
-7.758989522699266672e-05
-7.442709465976804495e-05
-4.770688974531367421e-05
-6.899905565660446882e-05
-5.575017348746769130e-05
-6.041591404937207699e-05
-8.172216621460393071e-05
-8.859860099619254470e-05
-8.259809692390263081e-05
-5.878364754607900977e-05
-5.322929428075440228e-05
-5.068371683591976762e-05
-6.184168159961700439e-05
-9.120942559093236923e-05
-8.690064714755862951e-05
-8.508749306201934814e-05
-8.324980444740504026e-05
-5.892035187571309507e-05
-6.102786210249178112e-05
-5.949751357547938824e-05
-6.098204903537407517e-05
-5.743249130318872631e-05
-5.662421608576551080e-05
-5.996247637085616589e-05
-7.743723836028948426e-05
-9.280547237722203135e-05
-8.434864867012947798e-05
-9.356410737382248044e-05
-7.832561823306605220e-05
-5.286704254103824496e-05
-5.365941615309566259e-05
-7.182772242231294513e-05
-6.650406430708244443e-05
-5.133745071361772716e-05
-8.522133430233225226e-05
-9.192524885293096304e-05
-6.638441118411719799e-05
-5.869380402145907283e-05
-5.821640661451965570e-05
-5.087593308417126536e-05
-6.283233960857614875e-05
-8.779874769970774651e-05
-9.400301496498286724e-05
-7.560430094599723816e-05
-8.255038119386881590e-05
-8.789449930191040039e-05
-8.553337829653173685e-05
-8.459331002086400986e-05
-8.261096081696450710e-05
-7.571028982056304812e-05
-5.043475903221406043e-05
-6.426844629459083080e-05
-5.601422890322282910e-05
-8.069458999671041965e-05
-8.634002006147056818e-05
-6.037531420588493347e-05
-5.438804510049521923e-05
-6.933141412446275353e-05
-8.853286271914839745e-05
-5.314415466273203492e-05
-6.357823440339416265e-05
-9.008168126456439495e-05
-8.910138421924784780e-05
-9.255637269234284759e-05
-8.951891504693776369e-05
-8.469591557513922453e-05
-9.089030936593189836e-05
-7.308877684408798814e-05
-5.451063771033659577e-05
-6.148523243609815836e-05
-5.661537579726427794e-05
-6.152049172669649124e-05
-6.078387377783656120e-05
-5.466468792292289436e-05
-8.403718675253912807e-05
-9.355050860904157162e-05
-8.392904419451951981e-05
-8.352158329216763377e-05
-8.880307723302394152e-05
-8.483439887640997767e-05
-7.334239489864557981e-05
-8.951404743129387498e-05
-8.938596874941140413e-05
-6.837578257545828819e-05
-8.660882303956896067e-05
-7.165728311520069838e-05
-5.084458098281174898e-05
-6.147129170130938292e-05
-5.608176434179767966e-05
-8.027034346014261246e-05
-9.728493751026690006e-05
-6.937720172572880983e-05
-4.942906525684520602e-05
-6.967177614569664001e-05
-8.970273484010249376e-05
-8.947780588641762733e-05
-6.487441714853048325e-05
-5.458573286887258291e-05
-5.675540887750685215e-05
-6.044486508471891284e-05
-6.167675746837630868e-05
-5.601363227469846606e-05
-6.623728404520079494e-05
-9.036839037435129285e-05
-8.286251977551728487e-05
-5.770236384705640376e-05
-8.031434845179319382e-05
-9.295987547375261784e-05
-8.515715308021754026e-05
-5.654424239764921367e-05
-5.637075810227543116e-05
-7.130730955395847559e-05
-7.538934733020141721e-05
-8.482826524414122105e-05
-8.864554547471925616e-05
-9.105604112846776843e-05
-6.220077193574979901e-05
-6.199805648066103458e-05
-5.549479828914627433e-05
-5.585824692388996482e-05
-7.149737939471378922e-05
-7.340639422181993723e-05
-8.359143976122140884e-05
-6.046284397598356009e-05
-5.816085104015655816e-05
-7.750364602543413639e-05
-6.520515307784080505e-05
-7.093172462191432714e-05
-9.014787792693823576e-05
-5.696358493878506124e-05
-5.706868978450074792e-05
-6.985046638874337077e-05
-7.179986278060823679e-05
-8.590694051235914230e-05
-9.026655607158318162e-05
-8.855896885506808758e-05
-6.262634997256100178e-05
-8.516063098795711994e-05
-8.301602065330371261e-05
-6.145136285340413451e-05
-6.129284156486392021e-05
-5.187210263102315366e-05
-5.324464291334152222e-05
-7.398458546958863735e-05
-6.057905557099729776e-05
-7.565913983853533864e-05
-9.161312482319772243e-05
-8.462984988000243902e-05
-7.940542127471417189e-05
-7.496553007513284683e-05
-8.944878936745226383e-05
-5.316800161381252110e-05
-6.018555723130702972e-05
-6.422001752071082592e-05
-9.793263598112389445e-05
-6.758724339306354523e-05
-6.445933104259893298e-05
-7.287267362698912621e-05
-5.758736733696423471e-05
-9.583401697454974055e-05
-8.715098374523222446e-05
-9.058514842763543129e-05
-8.415024785790592432e-05
-9.307653817813843489e-05
-5.935048102401196957e-05
-7.324381294893100858e-05
-7.095321780070662498e-05
-8.388860442209988832e-05
-9.231796138919889927e-05
-8.501653064740821719e-05
-7.998474757187068462e-05
-5.465696813189424574e-05
-6.042219320079311728e-05
-5.685825817636214197e-05
-8.262155461125075817e-05
-8.490897016599774361e-05
-1.018180046230554581e-04
-7.120323425624519587e-05
-8.039196836762130260e-05
-7.655700028408318758e-05
-8.032444020500406623e-05
-7.965335680637508631e-05
-5.916730879107490182e-05
-9.452986705582588911e-05
-8.977299148682504892e-05
-7.958046626299619675e-05
-5.580701326834969223e-05
-6.535136344609782100e-05
-5.404938929132185876e-05
-7.873879803810268641e-05
-8.845332922646775842e-05
-8.361953950952738523e-05
-8.410665759583935142e-05
-5.635039269691333175e-05
-6.031173688825219870e-05
-5.629099905490875244e-05
-6.327452138066291809e-05
-6.953334377612918615e-05
-9.262525418307632208e-05
-8.552624785806983709e-05
-7.142990943975746632e-05
-7.234386430354788899e-05
-5.701978079741820693e-05
-7.072481093928217888e-05
-9.344282443635165691e-05
-8.108992915367707610e-05
-9.453884558752179146e-05
-7.592924521304666996e-05
-6.697075150441378355e-05
-8.647819049656391144e-05
-6.180298078106716275e-05
-5.844598126714117825e-05
-5.831578891957178712e-05
-6.578505417564883828e-05
-8.039023668970912695e-05
-8.626726048532873392e-05
-6.990211841184645891e-05
-8.518830873072147369e-05
-6.811854109400883317e-05
-4.986228304915130138e-05
-6.589465192519128323e-05
-8.809522842057049274e-05
-7.384087075479328632e-05
-5.326907557900995016e-05
-8.635048288851976395e-05
-8.309047552756965160e-05
-9.017639240482822061e-05
-8.323557267431169748e-05
-8.616261766292154789e-05
-8.650086965644732118e-05
-6.335898069664835930e-05
-6.869703065603971481e-05
-7.667111640330404043e-05
-6.452594971051439643e-05
-7.036821625661104918e-05
-7.003595965215936303e-05
-6.547409429913386703e-05
-9.375710942549631000e-05
-6.104940257500857115e-05
-5.589908687397837639e-05
-8.201375021599233150e-05
-8.994924428407102823e-05
-5.884933489141985774e-05
-6.283912080107256770e-05
-9.658680937718600035e-05
-6.826266326243057847e-05
-6.036338891135528684e-05
-5.085199518362060189e-05
-6.254699110286310315e-05
-7.262437429744750261e-05
-8.177467680070549250e-05
-8.560099377064034343e-05
-9.241301449947059155e-05
-7.095847104210406542e-05
-5.154699101694859564e-05
-6.011813820805400610e-05
-6.061521344236098230e-05
-5.937506648479029536e-05
-8.350906136911362410e-05
-8.797361078904941678e-05
-6.255405605770647526e-05
-7.416038715746253729e-05
-9.273378236684948206e-05
-8.435394556727260351e-05
-6.692716851830482483e-05
-8.444197010248899460e-05
-6.632490112679079175e-05
-5.768349728896282613e-05
-6.713171023875474930e-05
-9.433363447897136211e-05
-6.588467658730223775e-05
-5.753942241426557302e-05
-5.916671216255053878e-05
-6.900503649376332760e-05
-9.769328607944771647e-05
-7.968359568621963263e-05
-9.164794755633920431e-05
-6.778613897040486336e-05
-5.335710011422634125e-05
-6.082509935367852449e-05
-5.927681922912597656e-05
-7.108574209269136190e-05
-9.856322139967232943e-05
-8.155748218996450305e-05
-6.703551480313763022e-05
-4.861217894358560443e-05
-6.665474211331456900e-05
-6.875016697449609637e-05
-7.800064486218616366e-05
-8.765549137024208903e-05
-8.398449426749721169e-05
-8.922610868467018008e-05
-5.689628233085386455e-05
-7.015532901277765632e-05
-8.566395263187587261e-05
-9.319958189735189080e-05
-6.060227315174415708e-05
-6.264136027311906219e-05
-6.036080594640225172e-05
-7.789193477947264910e-05
-8.271459228126332164e-05
-6.630477582802996039e-05
-8.125255408231168985e-05
-6.751535693183541298e-05
-7.424081559292972088e-05
-8.577272092225030065e-05
-8.343260560650378466e-05
-5.941638664808124304e-05
-6.126084917923435569e-05
-6.251229206100106239e-05
-6.112730625318363309e-05
-7.846297376090660691e-05
-8.196546696126461029e-05
-6.358048995025455952e-05
-4.585009446600452065e-05
-7.541723607573658228e-05
-9.143106581177562475e-05
-8.491186599712818861e-05
-8.221423922805115581e-05
-8.717854507267475128e-05
-8.821013034321367741e-05
-8.948468166636303067e-05
-6.369972834363579750e-05
-5.938643516856245697e-05
-5.916916416026651859e-05
-5.359538045013323426e-05
-7.684489537496119738e-05
-7.257597462739795446e-05
-9.016553667606785893e-05
-8.479159441776573658e-05
-9.400415001437067986e-05
-7.713635568507015705e-05
-8.417792560067027807e-05
-7.916163303889334202e-05
-5.616739872493781149e-05
-7.229569018818438053e-05
-5.056485679233446717e-05
-6.387493340298533440e-05
-7.866352098062634468e-05
-9.677466005086898804e-05
-7.666978490306064487e-05
-7.275771349668502808e-05
-9.314053750131279230e-05
-7.253119110828265548e-05
-6.273769395193085074e-05
-5.385028634918853641e-05
-8.809772407403215766e-05
-7.046451355563476682e-05
-6.039671279722824693e-05
-8.936448284657672048e-05
-8.811370935291051865e-05
-8.774368325248360634e-05
-8.493059431202709675e-05
-8.892545884009450674e-05
-9.078077710000798106e-05
-7.400436152238398790e-05
-5.606031481875106692e-05
-5.826374399475753307e-05
-5.242971383268013597e-05
-5.729865733883343637e-05
-5.700314068235456944e-05
-6.176204624352976680e-05
-8.484941645292565227e-05
-8.981207793112844229e-05
-8.154827810358256102e-05
-9.428519115317612886e-05
-6.739572563674300909e-05
-7.486606045858934522e-05
-9.063252946361899376e-05
-9.346005390398204327e-05
-6.729600136168301105e-05
-5.788565977127291262e-05
-5.988774501020088792e-05
-7.806214125594124198e-05
-9.349991159979254007e-05
-5.663454794557765126e-05
-6.531026156153529882e-05
-5.412059908849187195e-05
-8.812460146145895123e-05
-6.857693369966000319e-05
-7.748555799480527639e-05
-9.104059427045285702e-05
-6.075515921111218631e-05
-8.841750968713313341e-05
-7.965890108607709408e-05
-6.170450069475919008e-05
-5.757765029557049274e-05
-7.726927287876605988e-05
-9.034700633492320776e-05
-9.174443403026089072e-05
-8.532746869605034590e-05
-8.973805233836174011e-05
-7.779475708957761526e-05
-5.952411083853803575e-05
-5.646867430186830461e-05
-7.111539889592677355e-05
-9.145581861957907677e-05
-5.619023431790992618e-05
-6.418909470085054636e-05
-6.068142829462885857e-05
-6.748919258825480938e-05
-9.163753566099330783e-05
-8.521268318872898817e-05
-8.547202014597132802e-05
-6.416195537894964218e-05
-5.202045576879754663e-05
-5.368544952943921089e-05
-7.205273141153156757e-05
-8.834941399982199073e-05
-8.666373469168320298e-05
-7.561330858152359724e-05
-8.307598182000219822e-05
-6.752596527803689241e-05
-5.456186408991925418e-05
-6.624925299547612667e-05
-5.471326949191279709e-05
-6.984030915191397071e-05
-6.959167512832209468e-05
-6.047664646757766604e-05
-8.824129326967522502e-05
-7.133254257496446371e-05
-8.973730291472747922e-05
-8.638932922622188926e-05
-8.501770207658410072e-05
-9.014203533297404647e-05
-6.997059972491115332e-05
-7.426193769788369536e-05
-6.533703708555549383e-05
-7.988532888703048229e-05
-6.330739415716379881e-05
-5.406390118878334761e-05
-7.436356099788099527e-05
-8.620208973297849298e-05
-6.117379962233826518e-05
-5.617149508907459676e-05
-5.577389310928992927e-05
-5.562416845350526273e-05
-6.982682680245488882e-05
-8.818635251373052597e-05
-9.053814574144780636e-05
-9.434876119485124946e-05
-9.244302054867148399e-05
-6.842840957688167691e-05
-5.866756691830232739e-05
-6.505701458081603050e-05
-8.961743151303380728e-05
-6.637165643041953444e-05
-5.283499922370538116e-05
-8.592010271968320012e-05
-9.290994785260409117e-05
-6.462987948907539248e-05
-7.292893133126199245e-05
-6.697513890685513616e-05
-5.656074063153937459e-05
-6.285650306381285191e-05
-7.192569319158792496e-05
-9.219082858180627227e-05
-8.993224764708429575e-05
-6.567432865267619491e-05
-6.606070382986217737e-05
-9.741874964674934745e-05
-8.437244832748547196e-05
-7.400037429761141539e-05
-7.012928836047649384e-05
-6.130467954790219665e-05
-6.577375461347401142e-05
-5.772092117695137858e-05
-7.932065636850893497e-05
-9.014365059556439519e-05
-8.931328193284571171e-05
-8.388036803808063269e-05
-8.634023834019899368e-05
-5.993449667585082352e-05
-7.032966823317110538e-05
-9.299945668317377567e-05
-8.263246854767203331e-05
-6.851756916148588061e-05
-4.424228973221033812e-05
-8.945206354837864637e-05
-7.505605753976851702e-05
-8.362055086763575673e-05
-8.492356573697179556e-05
-9.191062417812645435e-05
-7.530489529017359018e-05
-5.567753032664768398e-05
-7.855475996620953083e-05
-8.647764479974284768e-05
-8.625015470897778869e-05
-6.965636566746979952e-05
-7.310650835279375315e-05
-5.340877396520227194e-05
-5.698151653632521629e-05
-6.340925028780475259e-05
-9.169079567072913051e-05
-8.870341116562485695e-05
-8.938870450947433710e-05
-6.415889947675168514e-05
-5.671353210345841944e-05
-7.942095544422045350e-05
-6.044680776540189981e-05
-6.564267823705449700e-05
-9.368060273118317127e-05
-7.987951539689674973e-05
-6.153731374070048332e-05
-7.152248872444033623e-05
-7.668106263736262918e-05
-9.608317486708983779e-05
-8.723391511011868715e-05
-6.213369488250464201e-05
-5.939360198681242764e-05
-8.323165820911526680e-05
-9.427740587852895260e-05
-7.432173879351466894e-05
-7.199535320978611708e-05
-7.051080319797620177e-05
-5.341916403267532587e-05
-6.740645039826631546e-05
-5.701187910744920373e-05
-9.094222332350909710e-05
-6.938747537788003683e-05
-6.056237180018797517e-05
-8.941189298639073968e-05
-6.134623254183679819e-05
-5.555758252739906311e-05
-6.795681838411837816e-05
-7.161265966715291142e-05
-7.515201286878436804e-05
-9.178793698083609343e-05
-8.274569700006395578e-05
-9.373805369250476360e-05
-6.798013782827183604e-05
-5.562879960052669048e-05
-6.051115997252054513e-05
-5.577404226642102003e-05
-5.964692536508664489e-05
-5.515646626008674502e-05
-8.116328535834327340e-05
-8.490234904456883669e-05
-8.783412340562790632e-05
-9.136548760579898953e-05
-8.432196773355826735e-05
-8.949323819251731038e-05
-5.771730502601712942e-05
-7.004230428719893098e-05
-7.113675383152440190e-05
-8.590616198489442468e-05
-8.946954039856791496e-05
-8.944389992393553257e-05
-8.052674820646643639e-05
-5.841941310791298747e-05
-5.725272058043628931e-05
-5.961277929600328207e-05
-7.392618863377720118e-05
-6.003529779263772070e-05
-7.848024688428267837e-05
-9.332049376098439097e-05
-7.686845492571592331e-05
-5.801363658974878490e-05
-6.994257273618131876e-05
-6.361307896440848708e-05
-5.585480175795964897e-05
-6.703440158162266016e-05
-7.463181100320070982e-05
-6.528948142658919096e-05
-7.452692807419225574e-05
-7.419229223160073161e-05
-8.602781599620357156e-05
-8.192393579520285130e-05
-9.033497190102934837e-05
-9.036250412464141846e-05
-6.561959162354469299e-05
-8.328208787133917212e-05
-9.159638284472748637e-05
-8.736859308555722237e-05
-9.687231067800894380e-05
-7.637603994226083159e-05
-6.974053394515067339e-05
-7.595090573886409402e-05
-6.225622928468510509e-05
-7.601949619129300117e-05
-4.842000998905859888e-05
-6.098817539168521762e-05
-8.368493581656366587e-05
-9.290628804592415690e-05
-8.108344627544283867e-05
-8.861551759764552116e-05
-7.972575986059382558e-05
-5.661593604600057006e-05
-5.843391045345924795e-05
-6.132281851023435593e-05
-6.106408545747399330e-05
-7.134282350307330489e-05
-9.123264317167922854e-05
-8.553732186555862427e-05
-8.912521298043429852e-05
-8.758412150200456381e-05
-9.582137136021628976e-05
-7.088067650329321623e-05
-5.799096834380179644e-05
-5.743659858126193285e-05
-8.238692680606618524e-05
-8.638500730739906430e-05
-8.993949450086802244e-05
-8.537704707123339176e-05
-6.342274718917906284e-05
-5.745545786339789629e-05
-5.892635817872360349e-05
-5.494561992236413062e-05
-6.211726577021181583e-05
-8.747969695832580328e-05
-6.874453538330271840e-05
-8.592852827860042453e-05
-6.098206358728930354e-05
-5.429739394458010793e-05
-5.890841202926822007e-05
-6.257674249354749918e-05
-5.879763193661347032e-05
-7.462782377842813730e-05
-9.022533777169883251e-05
-8.000522211659699678e-05
-6.902487803017720580e-05
-5.138890992384403944e-05
-8.649360097479075193e-05
-9.169524128083139658e-05
-6.638706690864637494e-05
-5.258823148324154317e-05
-5.775590398116037250e-05
-5.423388211056590080e-05
-8.309499389724805951e-05
-8.490274922223761678e-05
-9.320543904323130846e-05
-8.162664744304493070e-05
-8.923873247113078833e-05
-7.839383761165663600e-05
-4.995231574866920710e-05
-6.368298636516556144e-05
-5.520568083738908172e-05
-7.259277481352910399e-05
-7.223614375106990337e-05
-6.609394768020138144e-05
-7.163824193412438035e-05
-6.455626862589269876e-05
-5.223308107815682888e-05
-5.853369293618015945e-05
-4.903277658740989864e-05
-7.600957906106486917e-05
-8.365038956981152296e-05
-8.697672456037253141e-05
-7.556975469924509525e-05
-6.825316086178645492e-05
-9.063340257853269577e-05
-8.886643627192825079e-05
-9.102435433305799961e-05
-8.828527643345296383e-05
-6.738037336617708206e-05
-5.436346691567450762e-05
-5.386787597672082484e-05
-6.250978913158178329e-05
-5.782634980278089643e-05
-5.904762656427919865e-05
-8.505006553605198860e-05
-8.831643208395689726e-05
-9.100307215703651309e-05
-8.653800614411011338e-05
-9.085217607207596302e-05
-6.710177694912999868e-05
-5.689176032319664955e-05
-5.693077764590270817e-05
-5.555768075282685459e-05
-6.092030525906011462e-05
-8.010189776541665196e-05
-8.663817425258457661e-05
-8.790835272520780563e-05
-7.331140659516677260e-05
-5.555910320254042745e-05
-5.249340028967708349e-05
-8.018266817089170218e-05
-8.461083052679896355e-05
-9.043254976859316230e-05
-9.175131708616390824e-05
-6.145816587377339602e-05
-5.542497456190176308e-05
-6.289969314821064472e-05
-9.389641490997746587e-05
-5.936641900916583836e-05
-7.229343464132398367e-05
-6.707260035909712315e-05
-6.633372686337679625e-05
-9.395406232215464115e-05
-8.618223364464938641e-05
-9.190238051814958453e-05
-8.559039270039647818e-05
-6.330647011054679751e-05
-5.083221185486763716e-05
-5.761865031672641635e-05
-7.239443948492407799e-05
-7.184741116361692548e-05
-5.087308818474411964e-05
-6.708787987008690834e-05
-8.673980482853949070e-05
-6.316861254163086414e-05
-5.745402813772670925e-05
-5.847845750395208597e-05
-7.515413744840770960e-05
-9.112530096899718046e-05
-8.689631067682057619e-05
-8.619778236607089639e-05
-8.937440725276246667e-05
-6.552382546942681074e-05
-6.026958726579323411e-05
-7.226532761706039310e-05
-7.340025331359356642e-05
-8.446626452496275306e-05
-7.187757000792771578e-05
-8.407759014517068863e-05
-4.986037674825638533e-05
-5.618820432573556900e-05
-5.357487680157646537e-05
-6.388737529050558805e-05
-8.766601968090981245e-05
-9.111069084610790014e-05
-7.200977415777742863e-05
-5.255393625702708960e-05
-5.831590533489361405e-05
-6.541615584865212440e-05
-8.916579827200621367e-05
-8.452341717202216387e-05
-8.998166595119982958e-05
-6.131279951659962535e-05
-6.040632433723658323e-05
-5.637871436192654073e-05
-5.749842603108845651e-05
-5.802457599202170968e-05
-6.626693357247859240e-05
-6.929897062946110964e-05
-7.218051177915185690e-05
-6.581997149623930454e-05
-5.811070514027960598e-05
-8.261520270025357604e-05
-8.645768684800714254e-05
-7.859215838834643364e-05
-5.967901233816519380e-05
-5.218699152464978397e-05
-7.522904343204572797e-05
-8.850872109178453684e-05
-8.640828309580683708e-05
-9.432111983187496662e-05
-7.594181079184636474e-05
-5.003987462259829044e-05
-7.834847201593220234e-05
-8.371072181034833193e-05
-5.712086567655205727e-05
-8.431999594904482365e-05
-9.210656571667641401e-05
-7.902704965090379119e-05
-5.373761814553290606e-05
-5.649435843224637210e-05
-5.560387580771930516e-05
-7.167107833083719015e-05
-7.618411473231390119e-05
-5.859791781404055655e-05
-9.108044469030573964e-05
-7.737916894257068634e-05
-5.863677506567910314e-05
-8.753221482038497925e-05
-7.490146526833996177e-05
-5.638268339680507779e-05
-5.731340206693857908e-05
-6.392718205461278558e-05
-7.440644549205899239e-05
-5.486539157573133707e-05
-4.958557474310509861e-05
-7.818736776243895292e-05
-8.723529026610776782e-05
-8.782384975347667933e-05
-7.583758269902318716e-05
-5.596312621491961181e-05
-5.685387441189959645e-05
-6.615781603613868356e-05
-8.743125363253057003e-05
-8.965103188529610634e-05
-7.712744991295039654e-05
-5.779136699857190251e-05
-9.619003685656934977e-05
-7.718358392594382167e-05
-7.263251609401777387e-05
-8.326846000272780657e-05
-5.332674845703877509e-05
-5.780579886049963534e-05
-5.594162939814850688e-05
-7.909781561465933919e-05
-7.452729187207296491e-05
-6.249548459891229868e-05
-7.179519161581993103e-05
-7.337170973187312484e-05
-7.844898209441453218e-05
-9.070945088751614094e-05
-8.418841025559231639e-05
-9.410530765308067203e-05
-6.980958278290927410e-05
-5.972232611384242773e-05
-7.704902236582711339e-05
-5.378367495723068714e-05
-7.379459566436707973e-05
-8.706231892574578524e-05
-8.980951679404824972e-05
-8.277468441519886255e-05
-6.960441533010452986e-05
-7.099079812178388238e-05
-4.813036503037437797e-05
-6.466575723607093096e-05
-8.740335761103779078e-05
-8.338190673384815454e-05
-4.952568633598275483e-05
-6.330359610728919506e-05
-8.127452747430652380e-05
-7.610269676661118865e-05
-7.052431465126574039e-05
-6.479414878413081169e-05
-8.756769238971173763e-05
-7.007746171439066529e-05
-8.567939948989078403e-05
-9.024477913044393063e-05
-8.425445412285625935e-05
-6.427944026654586196e-05
-4.872754288953728974e-05
-6.913597462698817253e-05
-8.676314610056579113e-05
-8.997425902634859085e-05
-8.919359970605000854e-05
-6.883362948428839445e-05
-6.157673487905412912e-05
-7.740771980024874210e-05
-6.239992944756522775e-05
-6.026082701282575727e-05
-4.956840712111443281e-05
-8.490828622598201036e-05
-6.241315713850781322e-05
-6.298053631326183677e-05
-7.316195114981383085e-05
-6.133566785138100386e-05
-9.071569365914911032e-05
-6.280868547037243843e-05
-5.262298509478569031e-05
-8.463054109597578645e-05
-7.492300937883555889e-05
-5.138774577062577009e-05
-6.104780186433345079e-05
-5.611266533378511667e-05
-7.523279055021703243e-05
-8.054481440922245383e-05
-9.371867054142057896e-05
-7.318744610529392958e-05
-7.679710688535124063e-05
-7.766684575472027063e-05
-7.083614036673679948e-05
-8.043367415666580200e-05
-7.249662303365767002e-05
-6.936059799045324326e-05
-4.973219620296731591e-05
-5.649899685522541404e-05
-5.755197344115003943e-05
-6.074785414966754615e-05
-5.913842323934659362e-05
-5.774695091531611979e-05
-7.324220496229827404e-05
-9.099158341996371746e-05
-8.596383850090205669e-05
-8.566224278183653951e-05
-8.693333802511915565e-05
-7.987785647856071591e-05
-8.511534542776644230e-05
-8.022367546800523996e-05
-8.917779632611200213e-05
-8.415221964241936803e-05
-8.881163375917822123e-05
-7.880692282924428582e-05
-5.687531665898859501e-05
-5.798093116027303040e-05
-5.658653753926046193e-05
-8.141377475112676620e-05
-7.587291474919766188e-05
-7.728310447419062257e-05
-5.838991273776628077e-05
-8.260097092716023326e-05
-7.238276884891092777e-05
-7.745254697510972619e-05
-9.216260514222085476e-05
-8.374651224585250020e-05
-7.087985432008281350e-05
-5.824430991197004914e-05
-9.296739881392568350e-05
-8.641404565423727036e-05
-8.366290421690791845e-05
-4.514644388109445572e-05
-7.487970287911593914e-05
-6.761533586541190743e-05
-5.679151217918843031e-05
-6.140307232271879911e-05
-5.953034633421339095e-05
-6.011811638018116355e-05
-7.049394480418413877e-05
-9.164806397166103125e-05
-8.114812953863292933e-05
-9.156214946415275335e-05
-6.852924707345664501e-05
-5.900594624108634889e-05
-5.813360621687024832e-05
-6.765031139366328716e-05
-7.245503365993499756e-05
-7.592530891997739673e-05
-9.062920435098931193e-05
-9.059602598426863551e-05
-7.479100167984142900e-05
-4.991214518668130040e-05
-6.570716504938900471e-05
-9.042242891155183315e-05
-7.277015538420528173e-05
-6.236241461010649800e-05
-5.413907638285309076e-05
-7.922302756924182177e-05
-7.164131238823756576e-05
-5.662874900735914707e-05
-6.034478064975701272e-05
-7.948662096168845892e-05
-8.619484287919476628e-05
-5.599377618636935949e-05
-5.853843322256579995e-05
-5.097442408441565931e-05
-6.365968147292733192e-05
-5.760791464126668870e-05
-7.010255649220198393e-05
-8.917179366108030081e-05
-8.498960232827812433e-05
-5.805883120046928525e-05
-6.603845395147800446e-05
-9.862406295724213123e-05
-6.893102545291185379e-05
-6.263034447329118848e-05
-8.617376442998647690e-05
-6.379707338055595756e-05
-5.255356518318876624e-05
-6.578325701411813498e-05
-8.613223326392471790e-05
-9.441139991395175457e-05
-7.382442709058523178e-05
-5.468132440000772476e-05
-5.396959022618830204e-05
-8.077038364717736840e-05
-8.741956844460219145e-05
-9.012588270707055926e-05
-8.052085468079894781e-05
-7.007144449744373560e-05
-6.561310146935284138e-05
-8.391185838263481855e-05
-7.408578676404431462e-05
-5.854120172443799675e-05
-5.551382128032855690e-05
-8.103922300506383181e-05
-7.067931437632068992e-05
-7.699128036620095372e-05
-9.354975918540731072e-05
-8.256958972197026014e-05
-8.829165744828060269e-05
-6.282959657255560160e-05
-6.047668284736573696e-05
-6.088908048695884645e-05
-9.443368617212399840e-05
-7.576114148832857609e-05
-7.355769048444926739e-05
-8.865330164553597569e-05
-5.519275146070867777e-05
-6.472993118222802877e-05
-9.410857455804944038e-05
-9.205564128933474422e-05
-8.909419557312503457e-05
-6.348000169964507222e-05
-5.771542419097386301e-05
-5.500354018295183778e-05
-7.044668745948001742e-05
-9.361782576888799667e-05
-8.599081775173544884e-05
-6.567244417965412140e-05
-5.672168117598630488e-05
-8.179742872016504407e-05
-8.617004641564562917e-05
-8.752675785217434168e-05
-8.372854790650308132e-05
-8.799768693279474974e-05
-8.763236837694421411e-05
-8.006548159755766392e-05
-6.126131484052166343e-05
-6.146831583464518189e-05
-5.424181654234416783e-05
-7.106228440534323454e-05
-7.591721077915281057e-05
-7.369655941147357225e-05
-5.986569158267229795e-05
-6.817439134465530515e-05
-8.681480539962649345e-05
-6.940255843801423907e-05
-7.000429468462243676e-05
-5.523059735423885286e-05
-6.106257933424785733e-05
-6.635141471633687615e-05
-9.087906073546037078e-05
-8.427556167589500546e-05
-8.281518239527940750e-05
-8.813108433969318867e-05
-6.528159428853541613e-05
-7.962206291267648339e-05
-9.547459194436669350e-05
-8.609019278082996607e-05
-5.628776125377044082e-05
-7.920600910438224673e-05
-5.540781057788990438e-05
-6.404294981621205807e-05
-8.699326281202957034e-05
-6.556396692758426070e-05
-8.320900087710469961e-05
-6.981267506489530206e-05
-8.160783909261226654e-05
-8.537614485248923302e-05
-8.460399112664163113e-05
-8.719447941984981298e-05
-9.036950359586626291e-05
-6.646425026701763272e-05
-5.668946687364950776e-05
-6.138544995337724686e-05
-8.907300070859491825e-05
-8.455030911136418581e-05
-5.872909241588786244e-05
-5.687272641807794571e-05
-7.322109013330191374e-05
-9.724487608764320612e-05
-8.466801955364644527e-05
-1.003857178147882223e-04
-6.883898458909243345e-05
-6.681538798147812486e-05
-7.399494643323123455e-05
-5.290350600262172520e-05
-5.900624819332733750e-05
-5.664669151883572340e-05
-5.381205119192600250e-05
-8.086040907073765993e-05
-8.981069549918174744e-05
-8.986565808299928904e-05
-7.138025830499827862e-05
-5.058500391896814108e-05
-6.100273458287119865e-05
-5.376326589612290263e-05
-7.761262531857937574e-05
-8.976121171144768596e-05
-9.146324009634554386e-05
-8.246712968684732914e-05
-5.486937152454629540e-05
-6.103232590248808265e-05
-8.880498353391885757e-05
-9.132380364462733269e-05
-7.488740084227174520e-05
-4.680518759414553642e-05
-7.852885755710303783e-05
-8.258641173597425222e-05
-6.077287616790272295e-05
-8.116874960251152515e-05
-6.315106293186545372e-05
-8.579397399444133043e-05
-8.165473263943567872e-05
-6.472430686699226499e-05
-5.104701631353236735e-05
-6.930444214958697557e-05
-7.074072345858439803e-05
-5.547099135583266616e-05
-5.285758743411861360e-05
-6.160017801448702812e-05
-8.720182086108252406e-05
-8.713004353921860456e-05
-8.942215936258435249e-05
-8.880201494321227074e-05
-8.647325012134388089e-05
-6.676601333310827613e-05
-9.188907279167324305e-05
-8.589062781538814306e-05
-5.647204307024367154e-05
-5.331116699380800128e-05
-4.987180000171065331e-05
-5.827214044984430075e-05
-8.712049020687118173e-05
-8.436290227109566331e-05
-8.838923531584441662e-05
-7.634254870936274529e-05
-5.745832095271907747e-05
-5.550884088734164834e-05
-7.543485116912052035e-05
-8.481388795189559460e-05
-5.675666034221649170e-05
-5.704663635697215796e-05
-7.435215957229956985e-05
-8.547492325305938721e-05
-4.963807077729143202e-05
-6.552155537065118551e-05
-8.596166298957541585e-05
-8.846656419336795807e-05
-7.725300383754074574e-05
-5.353269443730823696e-05
-7.516000914620235562e-05
-8.487462764605879784e-05
-7.215082587208598852e-05
-9.212808799929916859e-05
-9.175619925372302532e-05
-6.396581011358648539e-05
-5.286750820232555270e-05
-6.122353806858882308e-05
-5.670768587151542306e-05
-6.703715916955843568e-05
-8.198776777135208249e-05
-6.737075455021113157e-05
-6.852721708128228784e-05
-5.660214083036407828e-05
-6.138064054539427161e-05
-7.743856258457526565e-05
-9.401100396644324064e-05
-7.793903932906687260e-05
-7.353880209848284721e-05
-8.294214785564690828e-05
-5.616908310912549496e-05
-5.967230390524491668e-05
-5.777133628726005554e-05
-5.828042048960924149e-05
-9.109023812925443053e-05
-7.899651973275467753e-05
-6.200498319230973721e-05
-5.376372428145259619e-05
-7.675793312955647707e-05
-8.367760892724618316e-05
-5.722459172829985619e-05
-6.298138760030269623e-05
-5.482524647959508002e-05
-8.011719910427927971e-05
-8.498138049617409706e-05
-8.440033707302063704e-05
-8.462082041660323739e-05
-5.983235314488410950e-05
-5.960059206699952483e-05
-8.269517275039106607e-05
-8.084077853709459305e-05
-4.997482392354868352e-05
-7.870008994359523058e-05
-7.971841114340350032e-05
-7.159925735322758555e-05
-8.884764247341081500e-05
-8.697887096786871552e-05
-8.080727275228127837e-05
-5.923009666730649769e-05
-6.117863813415169716e-05
-5.729552503908053041e-05
-7.949502469273284078e-05
-9.139157191384583712e-05
-6.137336458778008819e-05
-5.661343311658129096e-05
-5.837179196532815695e-05
-7.078013732098042965e-05
-8.932298806030303240e-05
-8.610625081928446889e-05
-6.677934288745746017e-05
-5.345229146769270301e-05
-5.761772627010941505e-05
-5.448312003863975406e-05
-6.263556133490055799e-05
-8.491992775816470385e-05
-8.715169678907841444e-05
-8.340555359609425068e-05
-6.425462197512388229e-05
-5.434911872725933790e-05
-8.351047290489077568e-05
-8.893600897863507271e-05
-5.992733349557965994e-05
-5.631639942293986678e-05
-6.124698120402172208e-05
-6.040927837602794170e-05
-5.559048804570920765e-05
-6.834727537352591753e-05
-8.892235200619325042e-05
-7.986900163814425468e-05
-8.909308235161006451e-05
-8.062880806392058730e-05
-6.670376751571893692e-05
-8.750591950956732035e-05
-7.951840234454721212e-05
-5.884533311473205686e-05
-5.632984539261087775e-05
-7.113781612133607268e-05
-7.104709948180243373e-05
-8.557947876397520304e-05
-8.794059976935386658e-05
-8.869313751347362995e-05
-9.263210813514888287e-05
-7.165275746956467628e-05
-4.726972474600188434e-05
-6.164109072415158153e-05
-7.257983088493347168e-05
-5.863558544660918415e-05
-5.466600123327225447e-05
-6.155728624435141683e-05
-8.080745465122163296e-05
-9.168698306893929839e-05
-7.957361231092363596e-05
-5.861957833985798061e-05
-5.077445530332624912e-05
-7.787287904648110271e-05
-8.212757529690861702e-05
-7.083333912305533886e-05
-9.508711809758096933e-05
-8.430665911873802543e-05
-8.953728683991357684e-05
-4.831809201277792454e-05
-9.204477828461676836e-05
-7.063683005981147289e-05
-6.616631435463204980e-05
-7.533326424891129136e-05
-5.978830449748784304e-05
-8.734923903830349445e-05
-6.830360507592558861e-05
-6.880360160721465945e-05
-6.122425838839262724e-05
-9.869114001048728824e-05
-5.736855382565408945e-05
-5.366672485251910985e-05
-5.057275848230347037e-05
-7.135078340070322156e-05
-6.987802044022828341e-05
-8.585574687458574772e-05
-8.785173849901184440e-05
-8.443151455139741302e-05
-8.555402018828317523e-05
-5.293305366649292409e-05
-8.365197572857141495e-05
-8.911004988476634026e-05
-6.189231498865410686e-05
-5.550427886191755533e-05
-7.320348231587558985e-05
-5.772952863480895758e-05
-5.080432310933247209e-05
-7.580360397696495056e-05
-8.776169852353632450e-05
-4.919588172924704850e-05
-8.867803262546658516e-05
-7.047548569971695542e-05
-6.614499579882249236e-05
-7.779429870424792171e-05
-6.992273847572505474e-05
-6.928814400453120470e-05
-5.215191049501299858e-05
-7.667699537705630064e-05
-8.538132533431053162e-05
-9.073273395188152790e-05
-8.300690387841314077e-05
-8.869744488038122654e-05
-6.139316246844828129e-05
-7.172134064603596926e-05
-6.474696419900283217e-05
-5.157270425115711987e-05
-6.697783828712999821e-05
-8.662149775773286819e-05
-8.553867519367486238e-05
-5.347115074982866645e-05
-6.190022395458072424e-05
-5.154260725248605013e-05
-6.936400313861668110e-05
-6.800489063607528806e-05
-8.032738696783781052e-05
-7.882792851887643337e-05
-7.414638821501284838e-05
-9.248383139492943883e-05
-7.692424696870148182e-05
-5.348100603441707790e-05
-5.986021278658881783e-05
-8.738026372157037258e-05
-6.627511174883693457e-05
-8.659080776851624250e-05
-8.488536695949733257e-05
-9.383733413415029645e-05
-6.610283162444829941e-05
-5.297253665048629045e-05
-5.895335198147222400e-05
-5.986142423353157938e-05
-7.807115616742521524e-05
-5.373493331717327237e-05
-6.191758438944816589e-05
-5.397332643042318523e-05
-5.617395800072699785e-05
-6.024241156410425901e-05
-8.404730033362284303e-05
-7.827018998796120286e-05
-8.106423774734139442e-05
-9.084984776563942432e-05
-7.409703539451584220e-05
-6.176419992698356509e-05
-5.933497959631495178e-05
-6.436665717046707869e-05
-5.511137715075165033e-05
-7.792390533722937107e-05
-8.909568714443594217e-05
-7.882539648562669754e-05
-8.733354479772970080e-05
-7.060667121550068259e-05
-5.949073602096177638e-05
-8.935217920225113630e-05
-8.385049295611679554e-05
-5.662502007908187807e-05
-6.351956108119338751e-05
-7.199152605608105659e-05
-5.622421303996816278e-05
-6.478980503743514419e-05
-4.988739965483546257e-05
-7.802472100593149662e-05
-9.205379319610074162e-05
-7.737582200206816196e-05
-7.907462713774293661e-05
-5.677826993633061647e-05
-5.878176307305693626e-05
-7.221795385703444481e-05
-6.765031139366328716e-05
-6.409591878764331341e-05
-8.181275916285812855e-05
-6.216746260179206729e-05
-8.751502173254266381e-05
-6.817155372118577361e-05
-8.098621037788689137e-05
-8.486472506774589419e-05
-7.294811803149059415e-05
-8.392415475100278854e-05
-7.342595927184447646e-05
-8.454110502498224378e-05
-6.781482079531997442e-05
-7.049479609122499824e-05
-5.994833918521180749e-05
-9.016284457175061107e-05
-9.211183350998908281e-05
-8.439744124189019203e-05
-6.296374340308830142e-05
-5.833195609739050269e-05
-6.023274545441381633e-05
-7.634680514456704259e-05
-9.693385800346732140e-05
-8.409009751630946994e-05
-7.171871402533724904e-05
-5.489430623129010201e-05
-5.280118784867227077e-05
-7.064484816510230303e-05
-8.571038779336959124e-05
-5.540876736631616950e-05
-5.824401159770786762e-05
-6.203100201673805714e-05
-6.698067591059952974e-05
-8.672809053678065538e-05
-8.716786396689713001e-05
-9.471749945078045130e-05
-8.045491267694160342e-05
-6.907482747919857502e-05
-7.130601443350315094e-05
-4.659172554966062307e-05
-6.778766692150384188e-05
-7.493278098991140723e-05
-7.419766916427761316e-05
-5.785439134342595935e-05
-7.974228356033563614e-05
-8.886682917363941669e-05
-7.897429168224334717e-05
-8.968314068624749780e-05
-5.913443237659521401e-05
-7.470174750778824091e-05
-9.195882012136280537e-05
-9.181036875816062093e-05
-8.028312004171311855e-05
-7.367805665126070380e-05
-6.097787263570353389e-05
-7.588631706312298775e-05
-6.574120197910815477e-05
-7.193704368546605110e-05
-7.373144762823358178e-05
-8.924814756028354168e-05
-8.156001422321423888e-05
-5.167735434952192008e-05
-8.469411841360852122e-05
-8.694929420016705990e-05
-7.763410394545644522e-05
-7.224433647934347391e-05
-8.250631799455732107e-05
-5.519473052117973566e-05
-6.345307338051497936e-05
-5.246416185400448740e-05
-6.453935202443972230e-05
-8.831794548314064741e-05
-9.044199396157637239e-05
-7.238842954393476248e-05
-5.126406904309988022e-05
-7.610133616253733635e-05
-6.183958612382411957e-05
-5.638325092149898410e-05
-5.280998448142781854e-05
-7.574568735435605049e-05
-8.291026460938155651e-05
-6.923768523847684264e-05
-7.096512126736342907e-05
-8.027855801628902555e-05
-7.289953646250069141e-05
-6.915611447766423225e-05
-5.598799543804489076e-05
-5.439357482828199863e-05
-6.012602534610778093e-05
-5.990072531858459115e-05
-7.798230944899842143e-05
-7.292583904927596450e-05
-8.852695464156568050e-05
-9.212547593051567674e-05
-6.510312960017472506e-05
-5.062998388893902302e-05
-8.375298057217150927e-05
-9.017426054924726486e-05
-6.126640073489397764e-05
-5.650873572449199855e-05
-7.746023038635030389e-05
-9.444157331017777324e-05
-7.868252578191459179e-05
-7.414868741761893034e-05
-6.001877045491710305e-05
-7.612183981109410524e-05
-6.756541552022099495e-05
-5.473436613101512194e-05
-5.599670112133026123e-05
-5.002671241527423263e-05
-8.239121962105855346e-05
-8.579548739362508059e-05
-8.625262853456661105e-05
-8.804253593552857637e-05
-6.778075476177036762e-05
-5.513068026630207896e-05
-8.479192183585837483e-05
-6.834537634858861566e-05
-5.692828199244104326e-05
-9.112108818953856826e-05
-8.749344851821660995e-05
-7.272609218489378691e-05
-5.749031333834864199e-05
-6.812271749367937446e-05
-7.789579831296578050e-05
-9.162572678178548813e-05
-7.850996189517900348e-05
-7.431037374772131443e-05
-8.514356886735185981e-05
-5.268078530207276344e-05
-6.640815263381227851e-05
-5.216226782067678869e-05
-6.581145134987309575e-05
-7.017429015832021832e-05
-6.476185808423906565e-05
-9.260909428121522069e-05
-6.520992610603570938e-05
-8.686872024554759264e-05
-6.549053068738430738e-05
-5.751596108893863857e-05
-5.837255594087764621e-05
-5.162359593668952584e-05
-8.833908941596746445e-05
-8.415144839091226459e-05
-9.232432057615369558e-05
-7.004062354099005461e-05
-6.401676364475861192e-05
-8.673814591020345688e-05
-9.574832802172750235e-05
-7.615222421009093523e-05
-5.506028901436366141e-05
-5.842569225933402777e-05
-5.811979281133972108e-05
-5.807219713460654020e-05
-5.289871114655397832e-05
-6.529921665787696838e-05
-5.726631206925958395e-05
-7.618132804054766893e-05
-7.003320206422358751e-05
-6.537618173751980066e-05
-9.365894948132336140e-05
-7.866996747907251120e-05
-7.830274262232705951e-05
-7.125591946532949805e-05
-5.755644087912514806e-05
-5.109387711854651570e-05
-7.065627141855657101e-05
-8.523670840077102184e-05
-6.760068208677694201e-05
-8.294935105368494987e-05
-9.054096153704449534e-05
-7.305042527150362730e-05
-5.625734047498553991e-05
-5.759747728006914258e-05
-8.246493234764784575e-05
-9.099734597839415073e-05
-6.326146103674545884e-05
-6.676038174191489816e-05
-9.148048411589115858e-05
-6.377082172548398376e-05
-5.510383925866335630e-05
-5.498951941262930632e-05
-5.766173853771761060e-05
-5.441332905320450664e-05
-6.594310980290174484e-05
-9.210944699589163065e-05
-8.745287050260230899e-05
-8.517723472323268652e-05
-9.209885320160537958e-05
-7.422104681609198451e-05
-5.943733776803128421e-05
-8.533916843589395285e-05
-6.150269473437219858e-05
-6.290173769230023026e-05
-5.929428516537882388e-05
-6.199815834406763315e-05
-8.607839117757976055e-05
-7.564947009086608887e-05
-5.685337237082421780e-05
-6.291197496466338634e-05
-5.645379133056849241e-05
-5.203915497986599803e-05
-8.323371002916246653e-05
-6.864438182674348354e-05
-7.469675620086491108e-05
-6.201426731422543526e-05
-7.668383477721363306e-05
-9.020720608532428741e-05
-8.863532275427132845e-05
-8.685939246788620949e-05
-8.597654959885403514e-05
-7.224357250379398465e-05
-5.454949132399633527e-05
-5.696688458556309342e-05
-6.258510984480381012e-05
-7.419646863127127290e-05
-6.459486758103594184e-05
-7.819794700480997562e-05
-5.337903348845429718e-05
-6.111691618571057916e-05
-7.427422679029405117e-05
-6.997216405579820275e-05
-9.233727178070694208e-05
-7.385233766399323940e-05
-5.558836710406467319e-05
-5.447813600767403841e-05
-7.415380969177931547e-05
-8.876125502865761518e-05
-6.192756700329482555e-05
-5.607337152468971908e-05
-8.558775880374014378e-05
-7.135698979254812002e-05
-5.533422881853766739e-05
-6.053977995179593563e-05
-8.112745854305103421e-05
-9.778117237146943808e-05
-5.802577288704924285e-05
-7.126222772058099508e-05
-8.332325523952022195e-05
-8.727645035833120346e-05
-8.669600356370210648e-05
-5.899665120523422956e-05
-5.989497367409057915e-05
-6.261345697566866875e-05
-7.377949077636003494e-05
-5.946030432824045420e-05
-5.434333070297725499e-05
-7.678388647036626935e-05
-9.084321209229528904e-05
-8.518488903064280748e-05
-5.802861414849758148e-05
-7.262830331455916166e-05
-8.903666457626968622e-05
-5.677293665939942002e-05
-5.809853973914869130e-05
-7.578089571325108409e-05
-9.121390030486509204e-05
-8.234412234742194414e-05
-7.246765017043799162e-05
-8.724589861230924726e-05
-9.148092067334800959e-05
-7.610053580719977617e-05
-5.114538362249732018e-05
-7.319502037717029452e-05
-6.367715832311660051e-05
-7.030569395283237100e-05
-8.687122317496687174e-05
-5.133617378305643797e-05
-5.922152922721579671e-05
-6.563259375980123878e-05
-9.358963143313303590e-05
-8.616247941972687840e-05
-9.210200369125232100e-05
-9.053945541381835938e-05
-6.084954293328337371e-05
-5.859354132553562522e-05
-6.316727376542985439e-05
-9.106782817980274558e-05
-6.307515286607667804e-05
-7.026343519100919366e-05
-6.827320612501353025e-05
-8.615496335551142693e-05
-7.912769797258079052e-05
-7.146810821723192930e-05
-9.313040936831384897e-05
-8.753780275583267212e-05
-6.320696411421522498e-05
-5.294659786159172654e-05
-6.271553866099566221e-05
-6.486460188170894980e-05
-9.271007002098485827e-05
-7.655147055629640818e-05
-9.093558765016496181e-05
-6.734588532708585262e-05
-5.823832907481119037e-05
-5.985633833915926516e-05
-8.110592170851305127e-05
-9.344116551801562309e-05
-8.178954885806888342e-05
-8.965250162873417139e-05
-6.021342051099054515e-05
-5.248179513728246093e-05
-6.159536133054643869e-05
-8.893807535059750080e-05
-8.911132317734882236e-05
-9.188773401547223330e-05
-6.298597145359963179e-05
-5.916618829360231757e-05
-8.416564378421753645e-05
-8.856768545228987932e-05
-8.774254820309579372e-05
-9.229993884218856692e-05
-7.807321526343002915e-05
-5.524743755813688040e-05
-5.667180084856227040e-05
-5.745498492615297437e-05
-7.368672959273681045e-05
-6.500462041003629565e-05
-5.683527706423774362e-05
-7.390769314952194691e-05
-9.063183097168803215e-05
-8.083672582870349288e-05
-9.233259333996102214e-05
-7.161864050431177020e-05
-5.441655230242758989e-05
-7.451072451658546925e-05
-7.148298027459532022e-05
-5.458798841573297977e-05
-6.908537761773914099e-05
-8.718647586647421122e-05
-8.938255632529035211e-05
-8.228703518398106098e-05
-8.200835145544260740e-05
-5.492580021382309496e-05
-6.117690645623952150e-05
-7.584712875541299582e-05
-4.739335417980328202e-05
-7.939882925711572170e-05
-5.794486060040071607e-05
-7.330017251661047339e-05
-6.277438660617917776e-05
-5.558128395932726562e-05
-7.163010013755410910e-05
-7.609144813613966107e-05
-8.435437484877184033e-05
-7.230564369820058346e-05
-7.393213309114798903e-05
-8.699623140273615718e-05
-8.708404493518173695e-05
-5.674926069332286716e-05
-5.591591616393998265e-05
-7.102215749910101295e-05
-9.010235226014629006e-05
-8.342070213984698057e-05
-8.323893416672945023e-05
-8.421166421612724662e-05
-6.086791836423799396e-05
-5.620070442091673613e-05
-5.859509838046506047e-05
-5.815465920022688806e-05
-7.572081085527315736e-05
-8.905369031708687544e-05
-8.466595318168401718e-05
-8.752003486733883619e-05
-8.602588059147819877e-05
-5.820690057589672506e-05
-5.653297921526245773e-05
-5.895182403037324548e-05
-8.099129627225920558e-05
-5.195100675337016582e-05
-6.177877367008477449e-05
-7.145382551243528724e-05
-5.946320015937089920e-05
-9.175690502161160111e-05
-8.586452895542606711e-05
-8.348812116310000420e-05
-8.572819206165149808e-05
-8.755461021792143583e-05
-6.326464063022285700e-05
-6.731607572874054313e-05
-7.532361632911488414e-05
-8.015776984393596649e-05
-7.576846110168844461e-05
-6.762050179531797767e-05
-6.030016447766683996e-05
-5.419191802502609789e-05
-8.846184937283396721e-05
-8.307047392008826137e-05
-7.339317380683496594e-05
-7.718997949268668890e-05
-7.560110680060461164e-05
-6.411570939235389233e-05
-6.428326014429330826e-05
-8.604936010669916868e-05
-8.897511725081130862e-05
-8.188151696231216192e-05
-6.594826845685020089e-05
-8.427882858086377382e-05
-8.821621304377913475e-05
-8.552833605790510774e-05
-6.284528353717178106e-05
-5.309029438649304211e-05
-6.075340570532716811e-05
-5.461444379761815071e-05
-5.579079879680648446e-05
-6.812970241298899055e-05
-8.971421630121767521e-05
-8.659528975840657949e-05
-6.378244142979383469e-05
-7.104325777618214488e-05
-7.186669972725212574e-05
-5.420461820904165506e-05
-6.685788684990257025e-05
-8.638784493086859584e-05
-8.226103091146796942e-05
-8.279032772406935692e-05
-8.547355537302792072e-05
-8.335662278113886714e-05
-6.376340752467513084e-05
-5.682749178959056735e-05
-8.713339047972112894e-05
-9.221381333190947771e-05
-8.464829443255439401e-05
-5.328803672455251217e-05
-6.334283534670248628e-05
-5.080625123810023069e-05
-6.605761882383376360e-05
-6.614001176785677671e-05
-7.780909800203517079e-05
-8.845717093208804727e-05
-6.490303348982706666e-05
-8.921741391532123089e-05
-8.739277836866676807e-05
-8.835313929012045264e-05
-8.682657789904624224e-05
-8.912551857065409422e-05
-6.354960351018235087e-05
-5.372169107431545854e-05
-5.574974784394726157e-05
-5.829803194501437247e-05
-6.546262738993391395e-05
-5.945888187852688134e-05
-8.315635204780846834e-05
-8.546894241590052843e-05
-9.106149082072079182e-05
-7.478320912923663855e-05
-5.759808846050873399e-05
-6.142705387901514769e-05
-5.678266461472958326e-05
-9.212954319082200527e-05
-5.987846816424280405e-05
-7.100435323081910610e-05
-6.655794277321547270e-05
-5.268023960525169969e-05
-5.700795736629515886e-05
-5.320646960171870887e-05
-6.015318649588152766e-05
-5.360658542485907674e-05
-7.819375605322420597e-05
-9.201021020999178290e-05
-8.700657781446352601e-05
-5.406178388511762023e-05
-8.393863390665501356e-05
-8.468312444165349007e-05
-8.358848572243005037e-05
-8.926486771088093519e-05
-8.959366823546588421e-05
-8.848927245708182454e-05
-8.433986658928915858e-05
-8.731555135454982519e-05
-6.052727258065715432e-05
-5.739751577493734658e-05
-6.322356057353317738e-05
-7.303922757273539901e-05
-5.860804594703949988e-05
-6.194609159138053656e-05
-6.984504580032080412e-05
-6.191280408529564738e-05
-5.608682113233953714e-05
-7.602055120514705777e-05
-6.479453440988436341e-05
-5.077492096461355686e-05
-8.471895853290334344e-05
-7.106056000338867307e-05
-5.717610474675893784e-05
-6.226560799404978752e-05
-8.278219320345669985e-05
-9.033327660290524364e-05
-8.795090252533555031e-05
-7.922139775473624468e-05
-6.835519889136776328e-05
-7.680174894630908966e-05
-7.546877895947545767e-05
-5.610254447674378753e-05
-7.618472591275349259e-05
-8.929868636187165976e-05
-7.702145376242697239e-05
-7.396172441076487303e-05
-6.233484600670635700e-05
-5.559212877415120602e-05
-7.218761311378329992e-05
-9.839623817242681980e-05
-7.542115054093301296e-05
-7.859164907131344080e-05
-6.716619827784597874e-05
-6.512178515549749136e-05
-8.672986587043851614e-05
-8.589406206738203764e-05
-8.515895024174824357e-05
-5.509274342330172658e-05
-5.411677557276561856e-05
-6.433288217522203922e-05
-5.066632729722186923e-05
-7.641266711289063096e-05
-8.899130625650286674e-05
-9.061650780495256186e-05
-7.649113831575959921e-05
-7.075980101944878697e-05
-6.534255226142704487e-05
-5.577878619078546762e-05
-5.610028165392577648e-05
-6.881334411446005106e-05
-9.324930579168722034e-05
-8.634486584924161434e-05
-9.038775169756263494e-05
-6.159678741823881865e-05
-7.959728827700018883e-05
-7.462492794729769230e-05
-5.178244464332237840e-05
-7.322656165342777967e-05
-9.060322190634906292e-05
-6.634028977714478970e-05
-6.248809222597628832e-05
-7.269806519616395235e-05
-5.514947406481951475e-05
-7.553804607596248388e-05
-5.379303183872252703e-05
-6.085226777940988541e-05
-7.244753214763477445e-05
-9.085088822757825255e-05
-8.583392627770081162e-05
-5.701959889847785234e-05
-8.457421790808439255e-05
-8.524387521902099252e-05
-8.741792407818138599e-05
-8.395087206736207008e-05
-8.759261982049793005e-05
-6.337868398986756802e-05
-5.307778701535426080e-05
-5.716296436730772257e-05
-6.680779915768653154e-05
-7.146109419409185648e-05
-5.752436118200421333e-05
-9.324176062364131212e-05
-8.287451782962307334e-05
-8.520019764546304941e-05
-6.373409996740520000e-05
-5.189773219171911478e-05
-8.154018723871558905e-05
-8.624322072137147188e-05
-8.921411790652200580e-05
-8.057800005190074444e-05
-6.320957618299871683e-05
-5.543865336221642792e-05
-8.448426524410024285e-05
-8.309652912430465221e-05
-6.539620517287403345e-05
-4.795435961568728089e-05
-6.327575829345732927e-05
-7.398666639346629381e-05
-5.610952212009578943e-05
-7.304023893084377050e-05
-9.598590986570343375e-05
-7.009517139522358775e-05
-5.219717422733083367e-05
-7.064270175760611892e-05
-8.729920227779075503e-05
-9.135511936619877815e-05
-5.984717790852300823e-05
-6.492049578810110688e-05
-6.658548954874277115e-05
-5.824207255500368774e-05
-5.678077286574989557e-05
-5.501775012817233801e-05
-6.151499110274016857e-05
-9.024556493386626244e-05
-8.127138426061719656e-05
-7.210637704702094197e-05
-9.137199231190606952e-05
-8.611869998276233673e-05
-8.217700815293937922e-05
-8.590042853029444814e-05
-8.028149022720754147e-05
-6.009327626088634133e-05
-5.927540769334882498e-05
-7.554559851996600628e-05
-8.390251605305820704e-05
-8.760541095398366451e-05
-7.883074431447312236e-05
-5.352002335712313652e-05
-7.236553938128054142e-05
-7.599651871714740992e-05
-8.064809662755578756e-05
-4.941082443110644817e-05
-5.422588947112672031e-05
-5.727929237764328718e-05
-5.870102904736995697e-05
-8.669820817885920405e-05
-8.247884397860616446e-05
-9.073197725228965282e-05
-8.205383346648886800e-05
-8.783229714026674628e-05
-7.571527385152876377e-05
-7.258383266162127256e-05
-6.017851410433650017e-05
-7.201045809779316187e-05
-8.654037083033472300e-05
-5.525812957785092294e-05
-5.319736737874336541e-05
-6.991584814386442304e-05
-9.244878310710191727e-05
-7.417417509714141488e-05
-4.761301534017547965e-05
-7.609102613059803843e-05
-6.566305819433182478e-05
-7.030566484900191426e-05
-7.271715003298595548e-05
-8.533066284144297242e-05
-9.115884313359856606e-05
-8.775404421612620354e-05
-8.218461880460381508e-05
-5.439181040856055915e-05
-6.218545604497194290e-05
-5.399666406447067857e-05
-8.518475078744813800e-05
-6.987853703321889043e-05
-5.746474562329240143e-05
-7.822262705303728580e-05
-6.757282244507223368e-05
-6.420542922569438815e-05
-5.131474608788266778e-05
-6.997342279646545649e-05
-9.109357779379934072e-05
-6.959983875276520848e-05
-5.331780266715213656e-05
-6.369379116222262383e-05
-7.942930824356153607e-05
-9.472483361605554819e-05
-7.770281081320717931e-05
-7.294582610484212637e-05
-8.295275620184838772e-05
-5.129081546328961849e-05
-6.002008740324527025e-05
-5.269475514069199562e-05
-6.228286656551063061e-05
-8.677413279656320810e-05
-8.368014823645353317e-05
-9.091320680454373360e-05
-6.638189370278269053e-05
-5.849392982781864703e-05
-6.453199603129178286e-05
-8.157204138115048409e-05
-7.952299347380176187e-05
-5.562160367844626307e-05
-5.854172559338621795e-05
-5.716651867260225117e-05
-6.594874139409512281e-05
-9.073417459148913622e-05
-8.604655158706009388e-05
-8.632360550109297037e-05
-5.722481728298589587e-05
-7.151936733862385154e-05
-8.837285713525488973e-05
-8.551308565074577928e-05
-8.437393989879637957e-05
-5.836900527356192470e-05
-5.483291533892042935e-05
-7.192016346380114555e-05
-9.264232357963919640e-05
-6.919448787812143564e-05
-5.913122731726616621e-05
-5.894180139875970781e-05
-8.223581244237720966e-05
-8.581644215155392885e-05
-6.329880852717906237e-05
-5.299022814142517745e-05
-5.847193460795097053e-05
-8.898030500859022141e-05
-8.669864473631605506e-05
-8.443777915090322495e-05
-8.542193972971290350e-05
-5.420425441116094589e-05
-8.161352889146655798e-05
-8.832443563733249903e-05
-6.136349111329764128e-05
-5.564693492488004267e-05
-5.552343645831570029e-05
-5.556612450163811445e-05
-6.166219827719032764e-05
-8.579557470511645079e-05
-8.722287020646035671e-05
-7.544673280790448189e-05
-5.398599023465067148e-05
-6.238895002752542496e-05
-5.385064650909043849e-05
-7.420103793265298009e-05
-6.905714690219610929e-05
-5.502618296304717660e-05
-8.479729876853525639e-05
-9.063287143362686038e-05
-9.329552267445251346e-05
-7.540184014942497015e-05
-5.295990558806806803e-05
-6.305598071776330471e-05
-8.174208051059395075e-05
-9.496230632066726685e-05
-7.820596511010080576e-05
-7.311084482353180647e-05
-6.599005428142845631e-05
-5.340520874597132206e-05
-5.995727769914083183e-05
-5.160347063792869449e-05
-8.882399561116471887e-05
-7.390163955278694630e-05
-5.778611375717446208e-05
-5.882304321858100593e-05
-5.613681423710659146e-05
-5.882493860553950071e-05
-8.043650450417771935e-05
-8.674248238094151020e-05
-8.593114762334153056e-05
-9.219352068612352014e-05
-6.491291424026712775e-05
-5.705217336071655154e-05
-5.887736915610730648e-05
-5.258637247607111931e-05
-6.637626211158931255e-05
-8.503439312335103750e-05
-7.011245907051488757e-05
-8.516755769960582256e-05
-9.590461559128016233e-05
-7.433316204696893692e-05
-5.224276537774130702e-05
-5.827011773362755775e-05
-5.982287984807044268e-05
-7.406529039144515991e-05
-8.868709119269624352e-05
-6.785884033888578415e-05
-5.288927422952838242e-05
-6.988415407249704003e-05
-8.593425445724278688e-05
-9.073160617845132947e-05
-6.228877464309334755e-05
-5.758697807323187590e-05
-5.936718662269413471e-05
-7.239863043650984764e-05
-9.201636567013338208e-05
-8.360321953659877181e-05
-9.040253644343465567e-05
-8.617639832664281130e-05
-6.710756861139088869e-05
-5.323610821506008506e-05
-8.802711090538650751e-05
-8.553032239433377981e-05
-8.859678928274661303e-05
-7.017145253485068679e-05
-5.456795406644232571e-05
-5.815049007651396096e-05
-6.025880793458782136e-05
-8.860552043188363314e-05
-6.264143303269520402e-05
-5.143375165062025189e-05
-8.160352444974705577e-05
-8.915094076655805111e-05
-8.567945042159408331e-05
-7.488685514545068145e-05
-7.677946268813684583e-05
-6.669007416348904371e-05
-5.360238719731569290e-05
-7.460374035872519016e-05
-8.440289093414321542e-05
-8.776181493885815144e-05
-7.474251469830051064e-05
-7.342844037339091301e-05
-9.332603076472878456e-05
-8.846863784128800035e-05
-6.634475721511989832e-05
-5.563440936384722590e-05
-6.536367436638101935e-05
-8.738887845538556576e-05
-6.448937347158789635e-05
-5.900957330595701933e-05
-5.866945139132440090e-05
-7.436026498908177018e-05
-8.143651211867108941e-05
-6.869852950330823660e-05
-9.191247227136045694e-05
-8.331741264555603266e-05
-6.580143235623836517e-05
-5.627501013805158436e-05
-5.765830428572371602e-05
-6.821765418862923980e-05
-9.039896394824609160e-05
-8.563137816963717341e-05
-9.328254236606881022e-05
-6.463998579420149326e-05
-6.290352030191570520e-05
-9.107272489927709103e-05
-8.338115003425627947e-05
-9.176901949103921652e-05
-6.003372254781424999e-05
-7.327739876927807927e-05
-7.969553553266450763e-05
-6.790706538595259190e-05
-9.289133595302700996e-05
-8.638919098302721977e-05
-7.128667493816465139e-05
-5.441143366624601185e-05
-6.293959449976682663e-05
-8.874624472809955478e-05
-8.315245941048488021e-05
-8.568447083234786987e-05
-6.211600702954456210e-05
-5.804052489111199975e-05
-5.888717350899241865e-05
-6.989183020778000355e-05
-9.332507761428132653e-05
-8.232448453782126307e-05
-9.505177149549126625e-05
-7.422174530802294612e-05
-5.781634536106139421e-05
-5.599725773208774626e-05
-5.925218283664435148e-05
-9.249491995433345437e-05
-8.163534221239387989e-05
-6.000900611979886889e-05
-7.953167369123548269e-05
-5.539345147553831339e-05
-6.760437099728733301e-05
-8.982686995295807719e-05
-8.854706538841128349e-05
-7.556096534244716167e-05
-5.365647666621953249e-05
-7.505455869249999523e-05
-9.035356924869120121e-05
-8.736759627936407924e-05
-5.987039912724867463e-05
-5.987045005895197392e-05
-6.149240653030574322e-05
-8.984300802694633603e-05
-8.745190280023962259e-05
-5.860944656888023019e-05
-8.083771535893902183e-05
-8.741919737076386809e-05
-9.052056702785193920e-05
-9.432058141101151705e-05
-6.410390778910368681e-05
-5.585487815551459789e-05
-5.672880070051178336e-05
-6.016374754835851490e-05
-5.598981442744843662e-05
-7.630410982528701425e-05
-9.004696039482951164e-05
-5.299597250996157527e-05
-8.250126847997307777e-05
-8.269593672594055533e-05
-8.776703907642513514e-05
-7.555446063634008169e-05
-4.926341352984309196e-05
-6.370453047566115856e-05
-5.774394594482146204e-05
-6.506177305709570646e-05
-5.240585596766322851e-05
-7.268750778166577220e-05
-9.234093158738687634e-05
-8.873982005752623081e-05
-8.119753329083323479e-05
-7.263197039719671011e-05
-1.012595312204211950e-04
-7.421827467624098063e-05
-5.724525544792413712e-05
-5.481421248987317085e-05
-6.543684867210686207e-05
-8.326079114340245724e-05
-8.193306712200865149e-05
-9.032916568685323000e-05
-6.594230944756418467e-05
-5.306622551870532334e-05
-5.242111728875897825e-05
-5.708467506337910891e-05
-6.016310726408846676e-05
-7.920264033600687981e-05
-9.289405716117471457e-05
-6.583907816093415022e-05
-5.939191032666712999e-05
-8.730150875635445118e-05
-7.787218783050775528e-05
-7.572706817882135510e-05
-7.620972610311582685e-05
-8.123712905216962099e-05
-9.051352390088140965e-05
-6.694217154290527105e-05
-5.483807399286888540e-05
-7.781930617056787014e-05
-9.473524551140144467e-05
-8.322764915646985173e-05
-6.026859773555770516e-05
-5.143899034010246396e-05
-6.055727135390043259e-05
-5.614142719423398376e-05
-8.436079224338755012e-05
-9.126748773269355297e-05
-8.534880180377513170e-05
-9.152133134193718433e-05
-6.254159234231337905e-05
-6.869955541333183646e-05
-9.432423394173383713e-05
-8.424680709140375257e-05
-9.447430784348398447e-05
-6.769045285182073712e-05
-5.940883784205652773e-05
-6.052182288840413094e-05
-5.318082912708632648e-05
-7.345357153099030256e-05
-6.940712773939594626e-05
-5.318287730915471911e-05
-6.296239735092967749e-05
-8.545762102585285902e-05
-8.401579543715342879e-05
-8.937082748161628842e-05
-6.470027437899261713e-05
-5.609236541204154491e-05
-6.250616570468991995e-05
-8.487138984492048621e-05
-6.487019709311425686e-05
-5.210972085478715599e-05
-6.151867273729294538e-05
-5.943503492744639516e-05
-7.987090793903917074e-05
-9.105316712521016598e-05
-8.511618943884968758e-05
-5.625581616186536849e-05
-8.497496310155838728e-05
-9.518660954199731350e-05
-8.689996320754289627e-05
-8.726921805646270514e-05
-6.063656110200099647e-05
-7.286437175935134292e-05
-9.276848868466913700e-05
-8.372588490601629019e-05
-6.542178743984550238e-05
-5.660024180542677641e-05
-6.098356243455782533e-05
-5.792488082079216838e-05
-8.136097312672063708e-05
-9.135333675658330321e-05
-7.736045517958700657e-05
-6.051314267097041011e-05
-6.049273360986262560e-05
-6.106300861574709415e-05
-5.624693949357606471e-05
-5.696790685760788620e-05
-6.421133730327710509e-05
-9.566108928993344307e-05
-8.454803901258856058e-05
-6.466885679401457310e-05
-5.393132960307411849e-05
-7.241526327561587095e-05
-8.653951954329386353e-05
-8.911808981793001294e-05
-6.471034430433064699e-05
-5.720227636629715562e-05
-7.785750494804233313e-05
-6.724629201926290989e-05
-8.861982496455311775e-05
-8.351599535671994090e-05
-8.552235522074624896e-05
-8.564570453017950058e-05
-6.336074147839099169e-05
-5.840111771249212325e-05
-8.470656757708638906e-05
-9.334419155493378639e-05
-5.956706809229217470e-05
-5.149827484274283051e-05
-5.763238368672318757e-05
-5.528032488655298948e-05
-5.581464574788697064e-05
-6.943193875486031175e-05
-8.771682769292965531e-05
-8.903569687390699983e-05
-6.524640048155561090e-05
-5.432605394162237644e-05
-6.439074059017002583e-05
-7.309793727472424507e-05
-5.434124250314198434e-05
-6.131120608188211918e-05
-5.310057167662307620e-05
-7.376813300652429461e-05
-9.300929377786815166e-05
-7.463055953849107027e-05
-7.331727829296141863e-05
-6.147271778900176287e-05
-8.227565558627247810e-05
-9.209976997226476669e-05
-7.982972601894289255e-05
-6.653125456068664789e-05
-9.111283725360408425e-05
-7.164658018155023456e-05
-5.342673830455169082e-05
-6.292210309766232967e-05
-6.103845225879922509e-05
-5.484868597704917192e-05
-6.455453694798052311e-05
-7.204707799246534705e-05
-7.686507888138294220e-05
-9.173316357191652060e-05
-5.991831858409568667e-05
-5.940792470937594771e-05
-5.249246896710246801e-05
-6.903361645527184010e-05
-9.285350824939087033e-05
-8.612300007371231914e-05
-9.510044765193015337e-05
-7.571306196041405201e-05
-5.664003401761874557e-05
-5.717145177186466753e-05
-5.871832036064006388e-05
-6.868001946713775396e-05
-9.678913193056359887e-05
-1.013895234791561961e-04
-6.490839587058871984e-05
-5.494539072969928384e-05
-5.746300303144380450e-05
-5.598754069069400430e-05
-8.258265006588771939e-05
-9.144881914835423231e-05
-8.494922803947702050e-05
-9.201323700835928321e-05
-6.142140773590654135e-05
-5.855032213730737567e-05
-5.636860805680043995e-05
-7.035100861685350537e-05
-9.190302807837724686e-05
-6.931606912985444069e-05
-5.361465446185320616e-05
-6.104056228650733829e-05
-6.016462066327221692e-05
-7.165841816458851099e-05
-9.031375520862638950e-05
-7.303744496311992407e-05
-6.673605821561068296e-05
-6.833233055658638477e-05
-7.627227751072496176e-05
-7.788065704517066479e-05
-8.544529555365443230e-05
-5.360775321605615318e-05
-6.246694829314947128e-05
-5.735884042223915458e-05
-6.316467624856159091e-05
-8.992073708213865757e-05
-8.889115997590124607e-05
-8.942553540691733360e-05
-6.276786734815686941e-05
-5.408471042755991220e-05
-6.382894935086369514e-05
-7.466993702109903097e-05
-5.400904774433001876e-05
-7.079202623572200537e-05
-9.141261398326605558e-05
-8.275971777038648725e-05
-9.215042518917471170e-05
-6.954558921279385686e-05
-6.464100442826747894e-05
-7.551610178779810667e-05
-5.735020386055111885e-05
-5.850637899129651487e-05
-6.635520549025386572e-05
-7.247795292641967535e-05
-8.234214328695088625e-05
-7.640540570719167590e-05
-5.089222395326942205e-05
-7.924787496449425817e-05
-8.705104119144380093e-05
-9.019231947604566813e-05
-7.803831249475479126e-05
-6.403365114238113165e-05
-5.567110201809555292e-05
-7.524546526838093996e-05
-8.558802073821425438e-05
-5.272903217701241374e-05
-5.643342592520639300e-05
-5.604902253253385425e-05
-8.303513459395617247e-05
-8.980783604783937335e-05
-8.854350016918033361e-05
-6.658256461378186941e-05
-5.367032281355932355e-05
-5.907507875235751271e-05
-7.678515248699113727e-05
-9.421573486179113388e-05
-8.925159636419266462e-05
-9.221809159498661757e-05
-8.662686013849452138e-05
-8.902321860659867525e-05
-8.327121031470596790e-05
-5.981040885671973228e-05
-5.464914647745899856e-05
-7.179891690611839294e-05
-9.187676187139004469e-05
-7.171888137236237526e-05
-6.136661977507174015e-05
-7.275069219758734107e-05
-7.282097067218273878e-05
-6.530958489747717977e-05
-5.307292667566798627e-05
-6.153105641715228558e-05
-5.975153908366337419e-05
-5.744188820244744420e-05
-5.924352444708347321e-05
-5.609944491880014539e-05
-5.565753963310271502e-05
-5.404758485383354127e-05
-6.465946353273466229e-05
-9.171825513476505876e-05
-8.665388304507359862e-05
-8.889600576367229223e-05
-8.385703404201194644e-05
-5.590879300143569708e-05
-8.424928091699257493e-05
-8.614301623310893774e-05
-8.824383985484018922e-05
-8.864892879500985146e-05
-6.412111542886123061e-05
-6.396418029908090830e-05
-7.484768138965591788e-05
-8.121777500491589308e-05
-7.613764319103211164e-05
-6.683702667942270637e-05
-5.784373570349998772e-05
-5.876066279597580433e-05
-5.289943510433658957e-05
-7.278566044988110662e-05
-6.631630822084844112e-05
-6.449289503507316113e-05
-6.985684740357100964e-05
-5.137609696248546243e-05
-7.139989611459895968e-05
-8.230184903368353844e-05
-9.028345812112092972e-05
-8.485584839945659041e-05
-7.102804374881088734e-05
-8.937884558690711856e-05
-6.390098133124411106e-05
-5.248122033663094044e-05
-6.147714884718880057e-05
-5.473594501381739974e-05
-5.409724690252915025e-05
-7.803799962857738137e-05
-6.799447874072939157e-05
-5.270997644402086735e-05
-8.325571252498775721e-05
-9.020336437970399857e-05
-7.827806985005736351e-05
-7.444607035722583532e-05
-8.032842742977663875e-05
-6.662429950665682554e-05
-9.553500422043725848e-05
-8.335263555636629462e-05
-7.283235026989132166e-05
-6.893630052218213677e-05
-5.109082121634855866e-05
-6.126424705144017935e-05
-6.939539889572188258e-05
-7.955155888339504600e-05
-6.530048995045945048e-05
-7.569770241389051080e-05
-9.232977754436433315e-05
-8.816791523713618517e-05
-5.893174238735809922e-05
-5.950349441263824701e-05
-7.478352927137166262e-05
-7.179872045526280999e-05
-9.283551480621099472e-05
-8.759681077208369970e-05
-5.927912934566847980e-05
-7.080120121827349067e-05
-9.281366510549560189e-05
-8.715735020814463496e-05
-8.774886373430490494e-05
-8.727639942662790418e-05
-6.621283682761713862e-05
-5.365247488953173161e-05
-6.598632899112999439e-05
-8.925968722905963659e-05
-7.892600115155801177e-05
-5.850316665600985289e-05
-5.914893699809908867e-05
-7.455889135599136353e-05
-9.043118916451931000e-05
-8.338908082805573940e-05
-7.935112807899713516e-05
-7.138759974623098969e-05
-6.772376946173608303e-05
-5.374594911700114608e-05
-6.430588837247341871e-05
-8.861676178639754653e-05
-8.357671322301030159e-05
-5.640339077217504382e-05
-6.302884139586240053e-05
-8.748048276174813509e-05
-6.010240758769214153e-05
-7.137113425415009260e-05
-8.795195753918960690e-05
-9.118721936829388142e-05
-8.559136767871677876e-05
-5.873976260772906244e-05
-5.089277692604809999e-05
-7.014303264440968633e-05
-6.709959416184574366e-05
-5.849813896929845214e-05
-8.081596752163022757e-05
-9.347474406240507960e-05
-7.377674046438187361e-05
-7.316881965380162001e-05
-7.804237975506111979e-05
-5.982397851767018437e-05
-5.194608456804417074e-05
-7.106483099050819874e-05
-8.358035120181739330e-05
-5.999026325298473239e-05
-5.425182462204247713e-05
-7.104493852239102125e-05
-8.044438436627388000e-05
-8.572141814511269331e-05
-6.380099512171000242e-05
-5.721062552765943110e-05
-5.559965211432427168e-05
-5.858260919922031462e-05
-7.908514817245304585e-05
-8.910828910302370787e-05
-9.021456935442984104e-05
-7.131892198231071234e-05
-7.809806993464007974e-05
-7.788882066961377859e-05
-7.173469930421561003e-05
-5.741277709603309631e-05
-5.576501280302181840e-05
-5.827726272400468588e-05
-6.125331856310367584e-05
-5.448375304695218801e-05
-6.819049303885549307e-05
-6.729002052452415228e-05
-7.959227514220401645e-05
-7.045189704513177276e-05
-6.262837268877774477e-05
-7.225909212138503790e-05
-5.189233343116939068e-05
-5.939998663961887360e-05
-7.573551556561142206e-05
-8.710320980753749609e-05
-9.037185373017564416e-05
-7.278770499397069216e-05
-5.753208824899047613e-05
-8.952205098466947675e-05
-8.271323167718946934e-05
-9.261295781470835209e-05
-6.238667265279218554e-05
-7.520904182456433773e-05
-6.497474532807245851e-05
-6.899393338244408369e-05
-8.684889326104894280e-05
-4.880937194684520364e-05
-5.962127033853903413e-05
-6.672965537291020155e-05
-6.614500307478010654e-05
-4.710217035608366132e-05
-6.388963083736598492e-05
-5.013155168853700161e-05
-6.815254891989752650e-05
-8.506026642862707376e-05
-7.041775097604840994e-05
-8.253514533862471581e-05
-9.111795225180685520e-05
-7.017467578407377005e-05
-5.915336805628612638e-05
-5.778306876891292632e-05
-8.052760676946491003e-05
-9.685682016424834728e-05
-5.346054967958480120e-05
-7.141422247514128685e-05
-8.148947381414473057e-05
-5.834309558849781752e-05
-5.400200097938068211e-05
-7.017571624601259828e-05
-8.829167927615344524e-05
-8.400643127970397472e-05
-8.740277553442865610e-05
-8.731483831070363522e-05
-8.668360533192753792e-05
-9.029244392877444625e-05
-6.485611083917319775e-05
-5.748819239670410752e-05
-5.780973879154771566e-05
-6.186517566675320268e-05
-5.496078301803208888e-05
-7.350796659011393785e-05
-8.027620060602203012e-05
-8.857000648276880383e-05
-8.172640809789299965e-05
-5.511883500730618834e-05
-7.801518950145691633e-05
-5.307119499775581062e-05
-8.570643694838508964e-05
-9.058708383236080408e-05
-7.699622801737859845e-05
-5.697207234334200621e-05
-6.302722613327205181e-05
-7.672231004107743502e-05
-5.340262578101828694e-05
-5.984805829939432442e-05
-8.106229506665840745e-05
-9.479306754656136036e-05
-8.494426583638414741e-05
-8.533189247827976942e-05
-8.243779302574694157e-05
-8.849418372847139835e-05
-8.341544889844954014e-05
-9.573802526574581861e-05
-7.886668026912957430e-05
-5.643691110890358686e-05
-8.068153692875057459e-05
-7.848674431443214417e-05
-5.108588084112852812e-05
-7.729714707238599658e-05
-8.491356857120990753e-05
-8.599509601481258869e-05
-5.858453369000926614e-05
-5.297982716001570225e-05
-5.881789184059016407e-05
-5.450688331620767713e-05
-7.686302706133574247e-05
-5.605519254459068179e-05
-8.203164179576560855e-05
-9.043393947649747133e-05
-7.955269393278285861e-05
-6.408092303900048137e-05
-5.568479173234663904e-05
-7.451410783687606454e-05
-8.760982746025547385e-05
-8.927129238145425916e-05
-8.746822277316823602e-05
-8.600471483077853918e-05
-8.883308328222483397e-05
-8.490237814839929342e-05
-6.531974941026419401e-05
-5.468987365020439029e-05
-6.663805106654763222e-05
-8.710513066034764051e-05
-8.471508044749498367e-05
-8.736030576983466744e-05
-6.236114859348163009e-05
-5.491048432304523885e-05
-6.442661833716556430e-05
-5.374212196329608560e-05
-6.369334005285054445e-05
-8.346834511030465364e-05
-8.707023516763001680e-05
-8.542104478692635894e-05
-6.495560228358954191e-05
-4.651420749723911285e-05
-7.184247078839689493e-05
-6.813551590312272310e-05
-5.818785211886279285e-05
-5.905505531700327992e-05
-8.327006798936054111e-05
-8.026626892387866974e-05
-8.939727558754384518e-05
-8.048965537454932928e-05
-7.414052379317581654e-05
-6.923815817572176456e-05
-6.320983084151521325e-05
-7.836271834094077349e-05
-5.301313649397343397e-05
-5.947196041233837605e-05
-4.686175088863819838e-05
-7.542125968029722571e-05
-8.178885036613792181e-05
-7.552227907581254840e-05
-6.364747241605073214e-05
-6.884279719088226557e-05
-7.302765152417123318e-05
-8.406789856962859631e-05
-8.113076910376548767e-05
-5.870866152690723538e-05
-5.751094067818485200e-05
-5.015770875615999103e-05
-8.019935921765863895e-05
-8.787945262156426907e-05
-8.306086238007992506e-05
-8.959608385339379311e-05
-8.491532935295253992e-05
-5.969447374809533358e-05
-8.204684854717925191e-05
-9.184669033857062459e-05
-8.021794201340526342e-05
-5.945307202637195587e-05
-5.171407246962189674e-05
-7.076087058521807194e-05
-8.415018965024501085e-05
-7.771258970024064183e-05
-8.850374433677643538e-05
-7.729275966994464397e-05
-6.930395466042682528e-05
-7.576048665214329958e-05
-6.681584636680781841e-05
-5.340116695151664317e-05
-5.557161057367920876e-05
-8.569201600039377809e-05
-8.297973545268177986e-05
-8.800681098364293575e-05
-8.203212928492575884e-05
-5.693680213880725205e-05
-6.884423783048987389e-05
-8.742672798689454794e-05
-8.058812818489968777e-05
-8.927549060899764299e-05
-6.332869816105812788e-05
-5.693405546480789781e-05
-8.488266030326485634e-05
-8.639160660095512867e-05
-8.533346408512443304e-05
-7.597901276312768459e-05
-6.730051245540380478e-05
-6.342865526676177979e-05
-5.501710984390228987e-05
-8.093439100775867701e-05
-8.212547982111573219e-05
-6.060205487301573157e-05
-5.150757715455256402e-05
-7.282471051439642906e-05
-7.781679596519097686e-05
-6.580166518688201904e-05
-6.634984310949221253e-05
-5.844986299052834511e-05
-6.366554589476436377e-05
-5.387892815633676946e-05
-5.013618647353723645e-05
-6.956324796192348003e-05
-9.436500113224610686e-05
-8.353382145287469029e-05
-9.164358198177069426e-05
-6.535478314617648721e-05
-5.986202450003474951e-05
-5.301424971548840404e-05
-6.283679977059364319e-05
-8.598322892794385552e-05
-9.231999865733087063e-05
-7.273043593158945441e-05
-5.834223338752053678e-05
-9.138933091890066862e-05
-8.377812628168612719e-05
-8.719643665244802833e-05
-5.550384958041831851e-05
-5.564653838519006968e-05
-5.567527114180848002e-05
-7.505989924538880587e-05
-8.469737804261967540e-05
-8.689975220477208495e-05
-9.332057379651814699e-05
-8.549574704375118017e-05
-6.437905540224164724e-05
-5.056126974523067474e-05
-6.442422454711049795e-05
-8.684663043823093176e-05
-8.418437209911644459e-05
-5.476148362504318357e-05
-6.289573502726852894e-05
-5.747225077357143164e-05
-8.694599091541022062e-05
-8.436699135927483439e-05
-9.201725333696231246e-05
-7.179325621109455824e-05
-8.208873623516410589e-05
-7.173550693551078439e-05
-5.382618110161274672e-05
-6.024740287102758884e-05
-5.871949542779475451e-05
-8.517507376382127404e-05
-5.626847996609285474e-05
-5.604756006505340338e-05
-8.038585656322538853e-05
-8.911955956136807799e-05
-6.195453170221298933e-05
-8.401235390920192003e-05
-5.969413905404508114e-05
-6.997838499955832958e-05
-9.115526336245238781e-05
-8.478826202917844057e-05
-6.961297913221642375e-05
-5.714339204132556915e-05
-8.594764949521049857e-05
-7.112346065696328878e-05
-5.511680501513183117e-05
-5.489899194799363613e-05
-8.234736014856025577e-05
-8.700534817762672901e-05
-8.221231837524101138e-05
-7.722605369053781033e-05
-7.019714394118636847e-05
-6.380179547704756260e-05
-5.374418105930089951e-05
-6.087038491386920214e-05
-7.450622069882228971e-05
-5.873925692867487669e-05
-8.127390174195170403e-05
-8.799422357697039843e-05
-8.245002391049638391e-05
-8.673479896970093250e-05
-8.255989814642816782e-05
-8.719089964870363474e-05
-7.771860691718757153e-05
-5.428169242804870009e-05
-6.462011515395715833e-05
-5.590915679931640625e-05
-6.374691292876377702e-05
-9.018962737172842026e-05
-8.413055184064432979e-05
-8.844387775752693415e-05
-8.001052628969773650e-05
-8.907763549359515309e-05
-6.143240898381918669e-05
-5.871449684491381049e-05
-5.171163502382114530e-05
-7.779991574352607131e-05
-8.351058932021260262e-05
-7.244790322147309780e-05
-8.235649875132367015e-05
-7.363523764070123434e-05
-6.614091398660093546e-05
-7.001406629569828510e-05
-9.118075831793248653e-05
-8.668555528856813908e-05
-6.869072967674583197e-05
-4.990840534446761012e-05
-8.864584378898143768e-05
-8.930479816626757383e-05
-8.570097998017445207e-05
-8.461531251668930054e-05
-5.955780216027051210e-05
-7.059845665935426950e-05
-6.987218512222170830e-05
-4.847777381655760109e-05
-6.782248965464532375e-05
-8.954005897976458073e-05
-8.930293552111834288e-05
-8.337166218552738428e-05
-9.170341218123212457e-05
-8.914044155972078443e-05
-6.665044929832220078e-05
-7.213320350274443626e-05
-5.493391290656290948e-05
-7.393886335194110870e-05
-8.928963507059961557e-05
-6.902206951053813100e-05
-7.035797170829027891e-05
-6.361911800922825933e-05
-5.874978523934260011e-05
-7.247548637678846717e-05
-8.674124546814709902e-05
-8.513152715750038624e-05
-7.356916466960683465e-05
-7.336149428738281131e-05
-7.128288416424766183e-05
-5.626893107546493411e-05
-5.453278572531417012e-05
-6.304039561655372381e-05
-5.487567614181898534e-05
-7.464120426448062062e-05
-8.480736869387328625e-05
-9.018728451337665319e-05
-8.308803080581128597e-05
-6.965587090235203505e-05
-9.174250590149313211e-05
-8.255780267063528299e-05
-9.182721260003745556e-05
-6.678918725810945034e-05
-5.870394306839443743e-05
-8.708944369573146105e-05
-7.959475624375045300e-05
-4.959498619427904487e-05
-6.697665958199650049e-05
-7.696821558056399226e-05
-5.758995030191726983e-05
-5.716457235394045711e-05
-5.599382348009385169e-05
-6.631405267398804426e-05
-9.078429866349324584e-05
-7.203909626696258783e-05
-6.307331204880028963e-05
-9.530236275168135762e-05
-5.734926889999769628e-05
-6.732677138643339276e-05
-6.989661778789013624e-05
-5.084933945909142494e-05
-6.810569902881979942e-05
-8.915312355384230614e-05
-8.778430492384359241e-05
-9.128752571996301413e-05
-8.684826752869412303e-05
-9.236317418981343508e-05
-8.120656275423243642e-05
-5.384747419157065451e-05
-5.758870975114405155e-05
-5.900894029764458537e-05
-5.855782728758640587e-05
-7.120148802641779184e-05
-9.376673551741987467e-05
-7.204758003354072571e-05
-5.790140494355000556e-05
-5.563842933042906225e-05
-7.924182864371687174e-05
-8.812226587906479836e-05
-8.409940346609801054e-05
-5.920378680457361042e-05
-6.417964323190972209e-05
-8.667041402077302337e-05
-8.649888332001864910e-05
-9.188701369566842914e-05
-9.114186104852706194e-05
-8.834552136249840260e-05
-6.144623330328613520e-05
-5.482508277054876089e-05
-6.230424332898110151e-05
-6.158050382509827614e-05
-8.077082020463421941e-05
-9.227538248524069786e-05
-7.884843216743320227e-05
-7.547686982434242964e-05
-8.649827213957905769e-05
-8.994434028863906860e-05
-6.633784505538642406e-05
-5.562835212913341820e-05
-6.359279359458014369e-05
-8.930268813855946064e-05
-8.692907431395724416e-05
-7.607090810779482126e-05
-4.764740879181772470e-05
-7.306037150556221604e-05
-8.217538561439141631e-05
-5.856789721292443573e-05
-7.711337821092456579e-05
-7.529927097493782640e-05
-9.553411655360832810e-05
-6.906282214913517237e-05
-5.539615085581317544e-05
-6.060947634978219867e-05
-6.171780842123553157e-05
-5.317805698723532259e-05
-6.367516471073031425e-05
-9.020687139127403498e-05
-8.866756979841738939e-05
-7.549537986051291227e-05
-7.595654460601508617e-05
-5.697429514839313924e-05
-6.030419535818509758e-05
-9.045663318829610944e-05
-6.902919267304241657e-05
-5.569996574195101857e-05
-5.889928434044122696e-05
-9.024072642205283046e-05
-8.313453872688114643e-05
-7.177811494329944253e-05
-9.571132250130176544e-05
-6.850218051113188267e-05
-6.074647535569965839e-05
-9.182056237477809191e-05
-8.780756616033613682e-05
-8.264764619525521994e-05
-7.145566632971167564e-05
-8.821711526252329350e-05
-8.667555812280625105e-05
-5.332366708898916841e-05
-6.889119686093181372e-05
-8.072303899098187685e-05
-7.296106923604384065e-05
-7.345876656472682953e-05
-7.939361967146396637e-05
-7.805944187566637993e-05
-5.864109334652312100e-05
-5.748587136622518301e-05
-5.725171286030672491e-05
-5.992194928694516420e-05
-8.210154192056506872e-05
-8.720401092432439327e-05
-8.891450852388516068e-05
-8.465899736620485783e-05
-8.683170017320662737e-05
-8.541056013200432062e-05
-6.583323556696996093e-05
-5.185788904782384634e-05
-8.614988473709672689e-05
-8.560006972402334213e-05
-7.508687122026458383e-05
-6.841334106866270304e-05
-7.908015686552971601e-05
-7.494186138501390815e-05
-5.395419066189788282e-05
-5.886175858904607594e-05
-6.287214637268334627e-05
-9.164819493889808655e-05
-7.189031748566776514e-05
-8.742407226236537099e-05
-8.276948938146233559e-05
-5.575480099651031196e-05
-6.572315760422497988e-05
-8.340674685314297676e-05
-9.198753832606598735e-05
-7.146690768422558904e-05
-7.943094533402472734e-05
-9.190128184854984283e-05
-8.672745752846822143e-05
-8.613360841991379857e-05
-8.282782800961285830e-05
-5.636650166707113385e-05
-5.375154796638526022e-05
-7.572880713269114494e-05
-9.301495447289198637e-05
-8.878501830622553825e-05
-6.812417996115982533e-05
-5.266850712359882891e-05
-6.740751996403560042e-05
-8.728414832148700953e-05
-9.014290117193013430e-05
-7.443252252414822578e-05
-5.222966137807816267e-05
-5.529333429876714945e-05
-5.899768439121544361e-05
-8.803452510619536042e-05
-8.489965694025158882e-05
-9.282664541387930512e-05
-8.846813580021262169e-05
-8.839968359097838402e-05
-8.264750795206055045e-05
-6.188297993503510952e-05
-5.429596785688772798e-05
-6.901772576384246349e-05
-8.910146425478160381e-05
-8.666473149787634611e-05
-8.881787653081119061e-05
-5.430722376331686974e-05
-8.815444016363471746e-05
-7.576544885523617268e-05
-5.854771006852388382e-05
-6.011139703332446516e-05
-8.682841144036501646e-05
-7.521510997321456671e-05
-5.299652548274025321e-05
-6.186342216096818447e-05
-6.612687866436317563e-05
-8.871495083440095186e-05
-8.834237087285146117e-05
-8.583464659750461578e-05
-7.344401092268526554e-05
-7.325778278755024076e-05
-5.743440851802006364e-05
-7.640504918526858091e-05
-9.206336835632100701e-05
-7.660075789317488670e-05
-5.232819603406824172e-05
-7.491774158552289009e-05
-7.314574759220704436e-05
-9.131420665653422475e-05
-8.603418973507359624e-05
-4.965934203937649727e-05
-6.423928425647318363e-05
-8.937815437093377113e-05
-8.501265983795747161e-05
-5.001206227461807430e-05
-8.451707253698259592e-05
-8.912914199754595757e-05
-6.070435847504995763e-05
-5.730704287998378277e-05
-8.306320523843169212e-05
-8.895694918464869261e-05
-6.404503801604732871e-05
-5.721028719563037157e-05
-6.549318641191348433e-05
-8.915112266549840569e-05
-8.626295311842113733e-05
-9.463878086535260081e-05
-7.294238457689061761e-05
-7.619828102178871632e-05
-8.700362377567216754e-05
-6.149982800707221031e-05
-7.354461558861657977e-05
-5.752097422373481095e-05
-7.614764035679399967e-05
-7.872116111684590578e-05
-9.098392911255359650e-05
-7.278092380147427320e-05
-5.933754073339514434e-05
-6.411886715795844793e-05
-4.956963675795122981e-05
-7.574642950203269720e-05
-8.495080692227929831e-05
-8.726017404114827514e-05
-8.248730591731145978e-05
-9.196493920171633363e-05
-6.711721653118729591e-05
-6.470008520409464836e-05
-5.008504012948833406e-05
-7.477681356249377131e-05
-8.870669262250885367e-05
-5.862305260961875319e-05
-6.029870564816519618e-05
-7.038588228169828653e-05
-9.244436660083010793e-05
-7.216600351966917515e-05
-5.669725578627549112e-05
-7.828958041500300169e-05
-8.657245052745565772e-05
-5.666799188475124538e-05
-8.358670311281457543e-05
-8.458636148134246469e-05
-8.841426461003720760e-05
-8.738279575482010841e-05
-7.339785224758088589e-05
-7.296714466065168381e-05
-4.867520692641846836e-05
-7.507011468987911940e-05
-8.857934153638780117e-05
-8.399067883146926761e-05
-8.630915544927120209e-05
-8.382670057471841574e-05
-8.960282866610214114e-05
-7.164814451243728399e-05
-5.932722706347703934e-05
-6.106017099227756262e-05
-6.116683653090149164e-05
-9.107512596528977156e-05
-8.046106086112558842e-05
-7.294325769180431962e-05
-8.742119825910776854e-05
-8.907754090614616871e-05
-6.883742753416299820e-05
-5.214452903601340950e-05
-5.880203025299124420e-05
-5.556302494369447231e-05
-6.155275332275778055e-05
-5.710816185455769300e-05
-5.660251190420240164e-05
-7.397915760520845652e-05
-8.811510633677244186e-05
-8.073397475527599454e-05
-8.951305062510073185e-05
-8.577168773626908660e-05
-7.020584598649293184e-05
-8.575739775551483035e-05
-6.354734068736433983e-05
-5.467265145853161812e-05
-6.050174124538898468e-05
-5.542467988561838865e-05
-8.345425885636359453e-05
-9.321604738943278790e-05
-8.948207687353715301e-05
-9.200375643558800220e-05
-7.953601016197353601e-05
-5.702017369912937284e-05
-6.246777775231748819e-05
-8.845338015817105770e-05
-8.501101547153666615e-05
-8.508715836796909571e-05
-8.398025238420814276e-05
-8.932757191359996796e-05
-6.242093513719737530e-05
-6.386401946656405926e-05
-7.914727029856294394e-05
-6.066399873816408217e-05
-5.927442543907091022e-05
-5.454818165162578225e-05
-8.392767631448805332e-05
-7.644108700333163142e-05
-7.265793828992173076e-05
-6.861016299808397889e-05
-7.947405538288876414e-05
-9.488828072790056467e-05
-7.421031477861106396e-05
-7.091845327522605658e-05
-7.501756044803187251e-05
-6.804745498811826110e-05
-5.582661106018349528e-05
-5.951166531303897500e-05
-5.733152283937670290e-05
-5.907961167395114899e-05
-7.697477849433198571e-05
-8.448517473880201578e-05
-8.029297168832272291e-05
-8.928860188461840153e-05
-6.357775419019162655e-05
-5.390807564253918827e-05
-7.925533282104879618e-05
-8.991753566078841686e-05
-8.007225551409646869e-05
-5.429164593806490302e-05
-7.855844887671992183e-05
-8.601948502473533154e-05
-6.824557203799486160e-05
-8.713264833204448223e-05
-8.945351873990148306e-05
-7.855020521674305201e-05
-5.360271825338713825e-05
-6.197529728524386883e-05
-7.844214269425719976e-05
-9.522600157652050257e-05
-7.980840746313333511e-05
-5.728050746256485581e-05
-4.998901567887514830e-05
-7.242582796607166529e-05
-8.665525820106267929e-05
-5.391126614995300770e-05
-8.292633719975128770e-05
-8.714529394637793303e-05
-9.212885925080627203e-05
-7.050745625747367740e-05
-7.970153092173859477e-05
-9.366891026729717851e-05
-8.786126272752881050e-05
-8.565333700971677899e-05
-5.942325879004783928e-05
-7.230448682093992829e-05
-6.636677426286041737e-05
-5.678443267242982984e-05
-6.559683970408514142e-05
-4.653409268939867616e-05
-6.606118404306471348e-05
-8.534818334737792611e-05
-6.981191836530342698e-05
-8.767259714659303427e-05
-6.955565913813188672e-05
-5.241377948550507426e-05
-7.006652595009654760e-05
-8.727901877136901021e-05
-8.136668475344777107e-05
-8.692841947777196765e-05
-6.440642755478620529e-05
-5.208767834119498730e-05
-6.133455462986603379e-05
-5.638220318360254169e-05
-8.460965182166546583e-05
-8.665707719046622515e-05
-5.904126373934559524e-05
-7.130995072657242417e-05
-8.916895603761076927e-05
-9.015014802571386099e-05
-6.118348392192274332e-05
-7.116742199286818504e-05
-9.665006655268371105e-05
-8.314839942613616586e-05
-8.858699584379792213e-05
-8.456788782496005297e-05
-6.607270188396796584e-05
-5.803477688459679484e-05
-5.931246050749905407e-05
-7.378964801318943501e-05
-6.979329918976873159e-05
-4.956542397849261761e-05
-6.089074304327368736e-05
-5.607201455859467387e-05
-8.302932110382243991e-05
-8.825724944472312927e-05
-8.862846880219876766e-05
-7.319945143535733223e-05
-5.601930752163752913e-05
-5.868306834599934518e-05
-6.052065145922824740e-05
-5.394258550950326025e-05
-6.698456127196550369e-05
-8.461211837129667401e-05
-7.018796168267726898e-05
-7.276161340996623039e-05
-7.441661728080362082e-05
-9.216870239470154047e-05
-6.179619231261312962e-05
-6.250051228562369943e-05
-6.138086610008031130e-05
-9.152026905212551355e-05
-6.431310612242668867e-05
-5.231128307059407234e-05
-8.507409074809402227e-05
-7.078992348397150636e-05
-7.823549094609916210e-05
-6.163869693409651518e-05
-8.384755346924066544e-05
-6.984065112192183733e-05
-7.209380419226363301e-05
-6.147664680611342192e-05
-7.678110705455765128e-05
-9.433391096536070108e-05
-7.285945321200415492e-05
-7.595824718009680510e-05
-7.832268602214753628e-05
-5.458122177515178919e-05
-5.694647916243411601e-05
-7.272171205841004848e-05
-6.732463953085243702e-05
-8.516250818502157927e-05
-6.077060970710590482e-05
-6.039552317815832794e-05
-6.112965638749301434e-05
-7.121729868231341243e-05
-9.228505950886756182e-05
-8.313786383951082826e-05
-9.734425839269533753e-05
-6.794874934712424874e-05
-6.004734314046800137e-05
-8.322970825247466564e-05
-8.721904305275529623e-05
-8.581230213167145848e-05
-6.619942723773419857e-05
-7.327145431190729141e-05
-5.039753523305989802e-05
-7.501886284444481134e-05
-7.950200961204245687e-05
-7.162742258515208960e-05
-8.660080493427813053e-05
-5.465073627419769764e-05
-6.608599505852907896e-05
-8.828027057461440563e-05
-6.063378168619237840e-05
-5.639126175083220005e-05
-5.652651452692225575e-05
-7.446164090652018785e-05
-8.387435809709131718e-05
-5.599397991318255663e-05
-6.200053030624985695e-05
-6.919071893207728863e-05
-9.170287376036867499e-05
-7.031077257124707103e-05
-8.319059998029842973e-05
-9.057330316863954067e-05
-7.874306174926459789e-05
-5.667658842867240310e-05
-6.048591603757813573e-05
-8.892183541320264339e-05
-6.417663826141506433e-05
-5.634245098917745054e-05
-5.185935879126191139e-05
-5.794182652607560158e-05
-5.817163037136197090e-05
-6.644978566328063607e-05
-9.447301999898627400e-05
-7.257829565787687898e-05
-6.280904199229553342e-05
-7.214337529148906469e-05
-5.449935270007699728e-05
-6.030431177350692451e-05
-7.990140875335782766e-05
-8.459803939331322908e-05
-8.682617044541984797e-05
-8.766074461163952947e-05
-6.650957220699638128e-05
-8.122279541566967964e-05
-8.840976806823164225e-05
-8.795478788670152426e-05
-8.804073149804025888e-05
-8.548877667635679245e-05
-8.683136547915637493e-05
-8.828954742057248950e-05
-6.635463796555995941e-05
-5.694839637726545334e-05
-8.684104250278323889e-05
-7.452208228642120957e-05
-4.770915256813168526e-05
-7.065302634146064520e-05
-8.268031524494290352e-05
-5.222131221671588719e-05
-6.045673217158764601e-05
-5.601743760053068399e-05
-6.451660738093778491e-05
-6.385431333910673857e-05
-6.105727516114711761e-05
-5.229084490565583110e-05
-6.121898331912234426e-05
-8.593613165430724621e-05
-8.636928396299481392e-05
-8.998118573799729347e-05
-8.333959704032167792e-05
-9.082229371415451169e-05
-6.241608934942632914e-05
-5.646910722134634852e-05
-8.103375148493796587e-05
-8.991983486339449883e-05
-6.327560549834743142e-05
-5.717759631806984544e-05
-5.611442975350655615e-05
-6.245350232347846031e-05
-5.865883576916530728e-05
-7.215425284812226892e-05
-9.396576206199824810e-05
-7.669439219171181321e-05
-7.216082303784787655e-05
-6.016042971168644726e-05
-5.546811735257506371e-05
-7.044357334962114692e-05
-8.829932630760595202e-05
-8.245438220910727978e-05
-9.138075984083116055e-05
-6.556649168487638235e-05
-7.898723561083897948e-05
-8.657643047627061605e-05
-8.343726221937686205e-05
-8.545863965991884470e-05
-7.221718988148495555e-05
-6.862754526082426310e-05
-5.483367203851230443e-05
-5.272012640489265323e-05
-6.510621460620313883e-05
-7.344728510361164808e-05
-6.205101090017706156e-05
-7.808097871020436287e-05
-7.511688454542309046e-05
-9.618002513889223337e-05
-8.101837738649919629e-05
-5.721908382838591933e-05
-5.580675497185438871e-05
-7.254646334331482649e-05
-9.420816786587238312e-05
-8.461994002573192120e-05
-8.821192022878676653e-05
-8.140226418618112803e-05
-9.145063813775777817e-05
-7.200500112958252430e-05
-5.444308408186770976e-05
-5.302606950863264501e-05
-6.311968172667548060e-05
-8.184513717424124479e-05
-9.232448792317882180e-05
-6.961522740311920643e-05
-6.192633009050041437e-05
-8.522532880306243896e-05
-8.643489127280190587e-05
-7.206201553344726562e-05
-5.778655395261012018e-05
-5.898623930988833308e-05
-6.174916779855266213e-05
-8.891079778550192714e-05
-8.123727457132190466e-05
-5.594106914941221476e-05
-6.068063521524891257e-05
-6.182421202538534999e-05
-5.203453110880218446e-05
-7.118700887076556683e-05
-9.254850738216191530e-05
-8.284654904855415225e-05
-9.264205436920747161e-05
-8.882248221198096871e-05
-6.238242349354550242e-05
-7.043913501547649503e-05
-6.868173659313470125e-05
-8.295096631627529860e-05
-6.823203875683248043e-05
-5.857555152033455670e-05
-8.754826558288186789e-05
-7.596271461807191372e-05
-5.361963849281892180e-05
-7.520632061641663313e-05
-8.474873902741819620e-05
-5.220881575951352715e-05
-5.811433584312908351e-05
-5.442376277642324567e-05
-8.644915942568331957e-05
-9.031056833919137716e-05
-8.474425703752785921e-05
-8.901781257009133697e-05
-8.020612585823982954e-05
-8.791216532699763775e-05
-5.899822281207889318e-05
-5.468228482641279697e-05
-5.899861207581125200e-05
-5.192615935811772943e-05
-6.268161814659833908e-05
-8.625991176813840866e-05
-8.522477583028376102e-05
-9.087097714655101299e-05
-7.968267891556024551e-05
-6.037816638126969337e-05
-5.200753366807475686e-05
-7.239582191687077284e-05
-8.751191489864140749e-05
-5.342614531400613487e-05
-6.124436913523823023e-05
-5.698333552572876215e-05
-8.115045784506946802e-05
-8.744446677155792713e-05
-8.540668204659596086e-05
-9.159006003756076097e-05
-8.988095214590430260e-05
-8.871692989487200975e-05
-6.429274799302220345e-05
-5.846034036949276924e-05
-6.050962838344275951e-05
-9.093270637094974518e-05
-7.918427581898868084e-05
-5.828883877256885171e-05
-5.824345862492918968e-05
-7.450664270436391234e-05
-8.909028838388621807e-05
-5.141618748893961310e-05
-6.633620068896561861e-05
-8.889577293302863836e-05
-8.815451292321085930e-05
-7.446083327522501349e-05
-4.898177940049208701e-05
-7.770420779706910253e-05
-6.230150029296055436e-05
-5.663839328917674720e-05
-6.045875852578319609e-05
-9.196020255330950022e-05
-7.927262049634009600e-05
-7.342193566728383303e-05
-8.179689757525920868e-05
-6.653293530689552426e-05
-8.699939644429832697e-05
-5.237274672253988683e-05
-6.499908340629190207e-05
-8.654044358991086483e-05
-8.740769408177584410e-05
-8.454082853859290481e-05
-8.883382542990148067e-05
-8.720601908862590790e-05
-8.873402839526534081e-05
-6.603224755963310599e-05
-5.983558367006480694e-05
-5.738919571740552783e-05
-5.739476182498037815e-05
-8.665211498737335205e-05
-9.251914889318868518e-05
-7.351182284764945507e-05
-4.851119592785835266e-05
-7.456840830855071545e-05
-9.000111458590254188e-05
-8.515878289472311735e-05
-7.486158574465662241e-05
-6.940669118193909526e-05
-8.198833529604598880e-05
-7.624000136274844408e-05
-5.542344661080278456e-05
-6.163910438772290945e-05
-5.739564221585169435e-05
-5.623654578812420368e-05
-5.522740684682503343e-05
-5.444692578748799860e-05
-8.018457447178661823e-05
-8.492507186019793153e-05
-8.894345955923199654e-05
-7.054486195556819439e-05
-5.054229404777288437e-05
-6.085441418690606952e-05
-6.002749069011770189e-05
-8.849220466800034046e-05
-9.029154898598790169e-05
-8.775139576755464077e-05
-8.319051994476467371e-05
-5.518369289347901940e-05
-8.430833986494690180e-05
-7.056920730974525213e-05
-7.652319618500769138e-05
-9.107159712584689260e-05
-6.133419810794293880e-05
-7.538185309385880828e-05
-9.036548726726323366e-05
-8.278386667370796204e-05
-9.564154606778174639e-05
-7.169586751842871308e-05
-5.832870010635815561e-05
-7.442297646775841713e-05
-5.054757275502197444e-05
-7.253068906720727682e-05
-8.370058640139177442e-05
-5.287506064632907510e-05
-5.715741644962690771e-05
-6.174246664158999920e-05
-5.849729495821520686e-05
-7.119648216757923365e-05
-7.036818715278059244e-05
-8.590202196501195431e-05
-8.497627277392894030e-05
-8.669335511513054371e-05
-8.118861296679824591e-05
-5.659786984324455261e-05
-5.947820682195015252e-05
-5.312218854669481516e-05
-6.251680315472185612e-05
-8.336371683981269598e-05
-9.003312152344733477e-05
-8.687429362908005714e-05
-8.864050323609262705e-05
-9.273138130083680153e-05
-6.369574111886322498e-05
-5.354492896003648639e-05
-5.496876838151365519e-05
-7.688252662774175406e-05
-9.347444574814289808e-05
-6.748088344465941191e-05
-7.730944344075396657e-05
-9.167505049845203757e-05
-8.052348130149766803e-05
-7.734150858595967293e-05
-8.929023169912397861e-05
-9.001284342957660556e-05
-7.700397691223770380e-05
-5.753847653977572918e-05
-5.623737524729222059e-05
-6.702504470013082027e-05
-8.903817069949582219e-05
-8.390765287913382053e-05
-6.553233106387779117e-05
-5.004740523872897029e-05
-6.216067413333803415e-05
-8.486557635478675365e-05
-9.098059672396630049e-05
-7.460457709385082126e-05
-7.723765156697481871e-05
-7.807489600963890553e-05
-5.136146501172333956e-05
-5.753329605795443058e-05
-8.392141171498224139e-05
-8.347282710019499063e-05
-5.236407014308497310e-05
-7.987063145264983177e-05
-7.923064549686387181e-05
-7.485933747375383973e-05
-8.151496149366721511e-05
-7.096593617461621761e-05
-9.322152618551626801e-05
-8.679121674504131079e-05
-8.228943624999374151e-05
-7.467043178621679544e-05
-7.097409252310171723e-05
-8.597310807090252638e-05
-6.276137719396501780e-05
-5.755804886575788260e-05
-5.471253098221495748e-05
-7.970668957568705082e-05
-8.314486331073567271e-05
-7.301602454390376806e-05
-6.736540672136470675e-05
-7.339965668506920338e-05
-9.086714999284595251e-05
-8.528843318345025182e-05
-8.371356670977547765e-05
-8.658300066599622369e-05
-8.077627717284485698e-05
-5.944150689174421132e-05
-5.319752744981087744e-05
-6.871510413475334644e-05
-9.551284165354445577e-05
-7.152654143283143640e-05
-7.662786811124533415e-05
-8.951435302151367068e-05
-5.941987183177843690e-05
-5.808720743516460061e-05
-8.074093784671276808e-05
-7.575924973934888840e-05
-7.700709102209657431e-05
-6.037094135535880923e-05
-4.751115920953452587e-05
-5.396189953899011016e-05
-8.055707439780235291e-05
-7.544372056145220995e-05
-4.887185787083581090e-05
-6.158829637570306659e-05
-5.401143425842747092e-05
-5.672467159456573427e-05
-8.203087782021611929e-05
-7.638044917257502675e-05
-5.705963121727108955e-05
-6.197339098434895277e-05
-7.550149166490882635e-05
-9.569239045958966017e-05
-8.247176447184756398e-05
-5.533451621886342764e-05
-5.902073462493717670e-05
-8.215739217121154070e-05
-8.950007031671702862e-05
-7.135108171496540308e-05
-7.592492329422384501e-05
-9.379185212310403585e-05
-8.022716792766004801e-05
-8.769349369686096907e-05
-7.901855133241042495e-05
-5.887173756491392851e-05
-5.511955896508879960e-05
-6.079655940993689001e-05
-5.641903771902434528e-05
-7.784044282743707299e-05
-8.615177648607641459e-05
-5.009645246900618076e-05
-5.837244680151343346e-05
-6.445957114920020103e-05
-9.413750376552343369e-05
-6.711622700095176697e-05
-5.764742672909051180e-05
-8.928966417443007231e-05
-8.292167331092059612e-05
-8.426562999375164509e-05
-6.102979386923834682e-05
-5.822320235893130302e-05
-5.854030678165145218e-05
-6.184790981933474541e-05
-5.423328548204153776e-05
-7.509214628953486681e-05
-8.241480099968612194e-05
-5.360336945159360766e-05
-5.320548007148317993e-05
-7.536818156950175762e-05
-6.709032459184527397e-05
-6.753532943548634648e-05
-9.367984603159129620e-05
-7.868236571084707975e-05
-8.694631105754524469e-05
-8.351894211955368519e-05
-7.214415381895378232e-05
-5.224106280365958810e-05
-6.920286250533536077e-05
-6.290333840297535062e-05
-6.275340274441987276e-05
-7.879475742811337113e-05
-4.778919901582412422e-05
-7.544727850472554564e-05
-6.226921686902642250e-05
-5.097105531604029238e-05
-6.464767648139968514e-05
-8.639344741823151708e-05
-8.050991164054721594e-05
-5.676574073731899261e-05
-7.619676034664735198e-05
-5.632015745504759252e-05
-6.667016714345663786e-05
-7.248112524393945932e-05
-5.359874194255098701e-05
-7.628882303833961487e-05
-7.992199971340596676e-05
-8.865252311807125807e-05
-8.577481639804318547e-05
-5.266210791887715459e-05
-5.402168972068466246e-05
-7.239012484205886722e-05
-8.980903658084571362e-05
-8.140574936987832189e-05
-9.109813254326581955e-05
-7.309981447178870440e-05
-5.207248977967537940e-05
-6.120849138824269176e-05
-6.108448724262416363e-05
-8.701591286808252335e-05
-8.205468475352972746e-05
-7.121814269339665771e-05
-7.556837226729840040e-05
-6.197241600602865219e-05
-5.483037602971307933e-05
-7.153063779696822166e-05
-8.476132643409073353e-05
-8.754447480896487832e-05
-7.077825284795835614e-05
-8.779989730101078749e-05
-8.567197073716670275e-05
-5.755366510129533708e-05
-8.070315379882231355e-05
-8.310339762829244137e-05
-8.236313442466780543e-05
-8.473801426589488983e-05
-7.565369014628231525e-05
-5.359486385714262724e-05
-5.680912727257236838e-05
-9.238970233127474785e-05
-8.379432983929291368e-05
-7.638380338903516531e-05
-4.900977364741265774e-05
-7.467972318409010768e-05
-8.177063136827200651e-05
-5.691630576620809734e-05
-8.231804531533271074e-05
-9.153081191470846534e-05
-8.089857874438166618e-05
-5.394932668423280120e-05
-5.433888145489618182e-05
-7.065489626256749034e-05
-9.276861237594857812e-05
-7.297047704923897982e-05
-8.064978464972227812e-05
-8.915590296965092421e-05
-8.496504597133025527e-05
-7.387848017970100045e-05
-7.682608702452853322e-05
-9.698033682070672512e-05
-7.769654621370136738e-05
-6.114329880801960826e-05
-6.434873648686334491e-05
-7.748347707092761993e-05
-5.788811176898889244e-05
-6.308290903689339757e-05
-6.248303543543443084e-05
-8.268914825748652220e-05
-9.230474825017154217e-05
-6.883148307679221034e-05
-8.665558561915531754e-05
-7.161026587709784508e-05
-5.896414222661405802e-05
-5.524479638552293181e-05
-8.575571700930595398e-05
-7.392228872049599886e-05
-6.210861465660855174e-05
-8.442848047707229853e-05
-9.141249029198661447e-05
-6.559762550750747323e-05
-6.632055010413751006e-05
-7.498123886762186885e-05
-6.189260602695867419e-05
-9.093467815546318889e-05
-6.255009066080674529e-05
-5.594504909822717309e-05
-6.864330498501658440e-05
-8.833226456772536039e-05
-8.746238017920404673e-05
-7.407553493976593018e-05
-5.105864329379983246e-05
-7.255785749293863773e-05
-5.913955101277679205e-05
-6.660888175247237086e-05
-9.434469393454492092e-05
-8.432362665189430118e-05
-9.074054105440154672e-05
-7.117385393939912319e-05
-5.902458360651507974e-05
-5.863313344889320433e-05
-6.128389213699847460e-05
-5.490500188898295164e-05
-7.573535549454391003e-05
-8.932624768931418657e-05
-7.912070577731356025e-05
-5.719566615880466998e-05
-6.556571315741166472e-05
-7.997095235623419285e-05
-8.331496792379766703e-05
-8.135728421621024609e-05
-6.611725984839722514e-05
-7.935025496408343315e-05
-8.361157961189746857e-05
-5.198762664804235101e-05
-8.290308323921635747e-05
-6.714118353556841612e-05
-8.306789823109284043e-05
-7.762535096844658256e-05
-7.932374137453734875e-05
-9.334205242339521646e-05
-6.983577623032033443e-05
-7.109367288649082184e-05
-5.786765541415661573e-05
-9.289925219491124153e-05
-8.557868568459525704e-05
-8.768980478635057807e-05
-9.063682227861136198e-05
-7.120252121239900589e-05
-5.570899520535022020e-05
-5.791622970718890429e-05
-5.303538637235760689e-05
-7.578304212074726820e-05
-6.722210673615336418e-05
-5.193812467041425407e-05
-5.897726805415004492e-05
-5.583953679888509214e-05
-8.563352457713335752e-05
-8.634795813122764230e-05
-6.641384970862418413e-05
-5.206399146118201315e-05
-6.938987644389271736e-05
-6.923879845999181271e-05
-7.706575706833973527e-05
-8.883448754204437137e-05
-8.500760304741561413e-05
-8.823946700431406498e-05
-8.612174133304506540e-05
-9.160519402939826250e-05
-7.912675209809094667e-05
-6.076456338632851839e-05
-5.659493763232603669e-05
-7.514814933529123664e-05
-8.887170406524091959e-05
-8.785314275883138180e-05
-6.109000241849571466e-05
-5.979057459626346827e-05
-5.767721449956297874e-05
-6.386282620951533318e-05
-5.366345067159272730e-05
-7.271587674040347338e-05
-8.057460217969492078e-05
-5.468061135616153479e-05
-7.745670154690742493e-05
-8.740007615415379405e-05
-7.843101047910749912e-05
-5.877572766621597111e-05
-7.437231397489085793e-05
-5.438861990114673972e-05
-5.641769166686572134e-05
-5.366077675716951489e-05
-6.517011934192851186e-05
-7.191981421783566475e-05
-7.973458559717983007e-05
-7.114498293958604336e-05
-5.041920303483493626e-05
-5.843965845997445285e-05
-6.442905578296631575e-05
-7.747102790744975209e-05
-7.814363925717771053e-05
-8.782099757809191942e-05
-8.599238208262249827e-05
-8.805928518995642662e-05
-9.051008964888751507e-05
-7.332395034609362483e-05
-5.555678217206150293e-05
-5.469287134474143386e-05
-6.437869160436093807e-05
-8.734200673643499613e-05
-8.946753223426640034e-05
-8.661124593345448375e-05
-6.615072197746485472e-05
-5.459938984131440520e-05
-6.915799167472869158e-05
-7.158980588428676128e-05
-5.608840001514181495e-05
-5.830000009154900908e-05
-5.899431562284007668e-05
-5.629841325571760535e-05
-7.739898865111172199e-05
-9.000227873912081122e-05
-7.837396697141230106e-05
-7.502100925194099545e-05
-6.223787204362452030e-05
-5.578474883805029094e-05
-5.741613131249323487e-05
-7.079233910189941525e-05
-9.248263086192309856e-05
-8.618638094048947096e-05
-8.395589247811585665e-05
-9.058360592462122440e-05
-8.331557910423725843e-05
-5.999376298859715462e-05
-5.609454819932579994e-05
-7.635497604496777058e-05
-8.796890324447304010e-05
-8.872131002135574818e-05
-7.883631769800558686e-05
-6.976000440772622824e-05
-9.015501564135774970e-05
-8.739002805668860674e-05
-8.662479376653209329e-05
-8.992165385279804468e-05
-8.085072477115318179e-05
-5.932490603299811482e-05
-5.562352453125640750e-05
-7.496027683373540640e-05
-9.132466220762580633e-05
-7.379161252174526453e-05
-5.013403279008343816e-05
-7.365160854533314705e-05
-8.521228301106020808e-05
-8.631606033304706216e-05
-8.519151742802932858e-05
-8.626670751255005598e-05
-8.787071419646963477e-05
-9.318583033746108413e-05
-7.783357432344928384e-05
-7.321882003452628851e-05
-6.536801811307668686e-05
-5.610164225799962878e-05
-6.093372212490066886e-05
-5.560558201977983117e-05
-8.535061351722106338e-05
-8.529869955964386463e-05
-8.865878044161945581e-05
-8.857471402734518051e-05
-8.749558764975517988e-05
-7.505336543545126915e-05
-5.271073314361274242e-05
-6.044269321137107909e-05
-5.306214370648376644e-05
-7.476247265003621578e-05
-8.945190347731113434e-05
-7.317356357816606760e-05
-7.388464291580021381e-05
-9.114512067753821611e-05
-7.322060992009937763e-05
-7.442009518854320049e-05
-8.516119851265102625e-05
-5.646703357342630625e-05
-5.135506216902285814e-05
-7.587033906020224094e-05
-6.996054435148835182e-05
-5.577515912591479719e-05
-6.105517968535423279e-05
-5.766632602899335325e-05
-8.420991798629984260e-05
-9.024541941471397877e-05
-8.743510989006608725e-05
-8.853917097439989448e-05
-6.288378062890842557e-05
-5.297795360093005002e-05
-8.190389053197577596e-05
-9.103010233957320452e-05
-8.307170355692505836e-05
-9.020916331792250276e-05
-5.928830796619877219e-05
-7.084495155140757561e-05
-6.746478175045922399e-05
-5.453040648717433214e-05
-5.905547368456609547e-05
-7.146935968194156885e-05
-9.195230086334049702e-05
-8.372894080821424723e-05
-8.760815399000421166e-05
-5.538590630749240518e-05
-5.678672459907829762e-05
-6.932983524166047573e-05
-8.978081314126029611e-05
-8.023020200198516250e-05
-6.158478936413303018e-05
-5.268766835797578096e-05
-6.562699127243831754e-05
-8.423745020991191268e-05
-8.932952187024056911e-05
-8.565862663090229034e-05
-6.850990030216053128e-05
-8.407336281379684806e-05
-6.843612209195271134e-05
-8.704388892510905862e-05
-5.860017699887976050e-05
-7.141895184759050608e-05
-6.757416849723085761e-05
-5.682486516889184713e-05
-5.604552279692143202e-05
-7.087334961397573352e-05
-8.236811845563352108e-05
-6.464432954089716077e-05
-9.567777306074276567e-05
-8.082483691396191716e-05
-9.574023715686053038e-05
-6.993701390456408262e-05
-5.807652269140817225e-05
-5.518621037481352687e-05
-6.321213004412129521e-05
-6.513790867757052183e-05
-5.955279266345314682e-05
-7.750311488052830100e-05
-7.639142131665721536e-05
-9.350330219604074955e-05
-8.527504542144015431e-05
-8.592043741373345256e-05
-9.001532453112304211e-05
-7.191520126070827246e-05
-6.322541594272479415e-05
-7.832098344806581736e-05
-7.803730841260403395e-05
-7.575594645459204912e-05
-6.657392077613621950e-05
-6.161461351439356804e-05
-7.785749039612710476e-05
-7.671049388591200113e-05
-7.223721331683918834e-05
-6.148253305582329631e-05
-7.299284334294497967e-05
-6.104751082602888346e-05
-5.618204158963635564e-05
-5.656396751874126494e-05
-6.515339191537350416e-05
-8.827586134430021048e-05
-8.746759704081341624e-05
-8.408028224948793650e-05
-9.293781477026641369e-05
-4.010440898127853870e-05
1.264524325961247087e-05
-4.209138296573655680e-06
7.200633717729942873e-06
-2.446970938763115555e-06
4.792115646523598116e-07
3.867184545924828853e-07
2.298923391208518296e-06
2.510422291379654780e-06
2.719701569731114432e-06
1.998203060793457553e-06
-2.002270775847136974e-06
3.304850451968377456e-06
-8.725779707674519159e-07
5.080933647150231991e-07
-1.547102783661102876e-06
3.471021955192554742e-06
-1.282747234654380009e-06
5.067466872787917964e-07
5.837548997078556567e-06
4.144309968978632241e-06
3.548241238604532555e-06
1.591953832758008502e-06
1.754797267494723201e-07
5.924231345488806255e-07
3.736866347026079893e-06
1.849218506322358735e-06
-9.974348813557298854e-07
-2.251491793003879138e-08
1.467731323145926581e-07
2.675083123904187232e-06
1.985266408155439422e-06
1.083321805595005571e-07
-1.068494199785163801e-07
-1.465786908738664351e-06
-1.771843756159796612e-07
4.445800186658743769e-06
-1.221879415425064508e-06
-1.893893227133958135e-06
2.702557821976370178e-06
2.402526888545253314e-07
-5.916297141084214672e-08
-1.411342054780106992e-06
8.316907269545481540e-07
1.013685391626495402e-06
1.238362756339483894e-06
-8.687850368005456403e-07
-7.354755098276655190e-07
1.029240820571430959e-06
-1.485213374508020934e-06
7.574322467007732484e-07
3.435246298977290280e-06
3.771452838918776251e-06
1.871472022685338743e-06
-8.784991223365068436e-07
-1.648716875024547335e-06
-4.823699555345228873e-07
-1.301281372434459627e-06
-1.278787181036022957e-06
-2.479735485394485295e-06
1.056718701875070110e-06
-1.795884259081503842e-07
-1.006299385153397452e-06
7.798313390594557859e-07
1.065411652234615758e-06
2.795305135805392638e-06
1.160649617304443382e-06
-9.981830544347758405e-07
1.582017375767463818e-06
1.321523541264468804e-06
-1.660637735767522827e-06
9.746964906298671849e-07
-1.347071815871458966e-06
1.116341650231333915e-06
5.866985475222463720e-07
3.150774148252821760e-07
-2.770760261228133459e-07
-3.726397153513971716e-06
-1.621337560209212825e-06
6.262129659262427595e-07
-1.223283902618277352e-06
-3.749762242932774825e-07
-8.691532116245070938e-07
-1.733561703076702543e-06
4.089716867383685894e-07
-3.726727584307809593e-07
-2.006049271585652605e-06
-1.944618361449101940e-06
-2.663737632246920839e-06
-2.372972630837466568e-06
1.892531031444377732e-06
2.617541667859768495e-06
3.240016894778818823e-07
3.682601175114541547e-07
9.366909239361120854e-07
-3.724814632732886821e-06
3.487868411866656970e-07
-6.507160605906392448e-07
2.701129687920911238e-06
5.665462595061399043e-06
2.962898633995791897e-06
3.475302037259098142e-06
-1.433342163181805518e-06
4.922268317386624403e-07
3.299148602309287526e-06
2.794929287119884975e-06
-1.808727120078401640e-06
-6.723655587848043069e-08
1.840817844822595362e-06
-1.145120904766372405e-06
-8.601950867159757763e-07
3.735252676051459275e-07
-1.690734166004403960e-06
-3.170025820509181358e-06
5.174512125449837185e-07
-2.492613020876888186e-06
-9.549091828375821933e-07
1.148481771906517679e-07
-2.771112690425070468e-07
6.112315986683825031e-07
-7.409273052871867549e-07
8.622995437690406106e-07
-3.060810286115156487e-06
-1.666367438701854553e-06
1.183560925710480660e-06
6.236352874111616984e-07
1.139933033300621901e-06
1.232838485520915128e-06
2.901811512856511399e-06
4.037693088321248069e-06
1.334223838966863696e-06
3.011301032529445365e-06
1.724504045341745950e-06
7.610525472045992501e-07
7.793346412654500455e-07
-5.314915938470221590e-07
-4.966963160768500529e-07
6.325762456071970519e-07
-7.679906843804928940e-07
3.799020191763702314e-07
3.715348611876834184e-06
9.317648732576344628e-07
4.809350230061681941e-06
2.142465973520302214e-06
4.764168011206493247e-07
3.243395440222229809e-06
3.602094466259586625e-06
-1.612433493392018136e-07
1.737918296385032590e-06
1.737486286401690450e-06
3.883508554736181395e-07
5.304593742039287463e-07
-1.575478336235391907e-06
3.238388615045550978e-07
-1.503155658610921819e-06
-9.304293939749186393e-07
-1.731121983539196663e-06
2.566166585893370211e-06
-8.516545335623959545e-07
-1.593483602846390568e-06
-3.067994782668392872e-07
4.250141927286676946e-08
-1.530972895125159994e-06
-2.070803475362481549e-06
-1.027167854772415012e-06
-2.921409304690314457e-06
2.463271130181965418e-06
-4.784142220159992576e-07
1.164851369139796589e-06
1.562104671393171884e-06
4.885644671048794407e-07
-6.154799621072015725e-07
2.685925664991373196e-06
8.979268386610783637e-07
1.768622723830048926e-07
-2.211303353760740720e-06
-2.734266445258981548e-06
6.881126068947196472e-08
-3.023606950591783971e-06
-1.651058596507937182e-06
-2.166476861020782962e-06
5.544098939935793169e-07
-1.086608335754135624e-06
1.046105808200081810e-06
-1.547664510326285381e-06
-6.214569907569966745e-07
6.529581497716208105e-08
-1.261241777683608234e-06
-3.028139872185420245e-06
-2.272126721436507069e-06
2.337793148399214260e-06
-1.168757250979979290e-07
2.073607447528047487e-06
7.736197744634409901e-07
2.603667553557897918e-06
1.371751523038255982e-06
-1.886600671241467353e-06
-2.415856386051018490e-07
-6.930133622518042102e-07
-2.180128149120719172e-06
-9.009561381390085444e-07
-4.975886440661270171e-07
7.042565925985400099e-07
9.846363582255435176e-07
-7.800917387612571474e-07
9.767111350811319426e-07
-2.566117473179474473e-06
-8.484181535095558502e-07
-3.092283975547616137e-07
1.575007502196967835e-07
7.890297979429305997e-07
-7.741207497247160063e-08
-1.741498635965399444e-06
1.407106537953950465e-06
1.240504047927970532e-06
-9.149118795903632417e-07
5.360014654343103757e-09
-5.704021646124601830e-07
8.101834509943728335e-07
-1.611744323781749699e-06
2.395060505477886181e-07
-2.652603257047303487e-07
2.517150505809695460e-06
7.388596827695437241e-07
4.406288667269109283e-08
-6.009352091496111825e-07
-2.739242063398705795e-06
-1.702568397377035581e-06
-7.013629783614305779e-07
1.380609546686173417e-06
3.580175587103440193e-07
-2.765188582998234779e-06
-3.353492274982272647e-06
-7.259403105308592785e-07
3.505368511014239630e-07
-1.770764242792211007e-06
-1.512199105491163209e-06
4.419511583364510443e-07
8.482118118990911171e-07
1.236758862432907335e-06
-4.474667889553529676e-07
2.145036887668538839e-06
1.013795099424896762e-06
-1.018303919408936054e-06
-3.509050543470948469e-07
-1.251759499609761406e-06
-9.713734243632643484e-07
-1.587653514434350654e-06
-1.288485805162054021e-06
1.299147243116749451e-07
4.720180015738151269e-07
2.837491877016873332e-07
-5.884950269319233485e-07
-1.229544295711093582e-06
-1.427789925401157234e-06
1.845541532929928508e-07
7.741410001926851692e-08
4.922462153444939759e-07
6.055992116671404801e-07
8.019258075364632532e-07
1.985569269891129807e-06
-1.105984438254381530e-06
-5.504351179297373164e-07
2.489665007487928960e-08
-1.343716235169267748e-06
-1.809215973480604589e-06
-2.153046125386026688e-06
1.275993497529270826e-07
-4.877804258285323158e-07
-2.068989715553470887e-06
-7.606122949255222920e-07
1.904828650367562659e-06
1.915512484629289247e-06
-7.040520699774788227e-07
-1.100846930057741702e-06
-3.757951674288051436e-07
1.001645955511776265e-06
1.963657496162340976e-06
1.006954448712349404e-06
1.767287585607846268e-06
-3.041569129891286138e-07
-1.223025037688785233e-06
-2.679201713817747077e-07
-3.487542699076584540e-07
